h,L,strona,dzien_wejscia,symbol,wejscie_close_last,ekstremum_last,ekstremum_mark,prog_plaski,prog_binance,plaski_last,plaski_mark,binance_last,binance_mark,z_progami
1,2,long,2021-05-18,ADAUSDT,2.0046,1,1.01530596,0.49,0.5,True,True,True,False,True
1,2,long,2021-05-18,BCHUSDT,1089.23,341.87,470.4985,0.49,0.5,True,True,True,True,True
1,2,long,2021-05-18,BNBUSDT,508.31,250,271.6639651,0.49,0.4979879276,True,False,True,False,True
1,2,long,2021-05-18,CHZUSDT,0.41901,0.12694,0.14471602,0.49,0.4974489796,True,True,True,True,True
1,2,long,2021-05-18,DOGEUSDT,0.47601,0.1958,0.21159206,0.49,0.4967287368,True,True,True,True,True
1,2,long,2021-05-18,DOTUSDT,40.616,15.376,16.551,0.49,0.4984848485,True,True,True,True,True
1,2,long,2021-05-18,EOSUSDT,9.33,3.992,4.1438217,0.49,,True,True,False,False,False
1,2,long,2021-05-18,ETCUSDT,88.5,34,39.31696208,0.49,0.5,True,True,True,True,True
1,2,long,2021-05-18,ETHUSDT,3376.35,1400.73,1764.258181,0.49,0.4979919679,True,False,True,False,True
1,2,long,2021-05-18,FILUSDT,100.218,44.389,52.578,0.49,0.4969818913,True,False,True,False,True
1,2,long,2021-05-18,LINKUSDT,42.6,19.541,20.57285642,0.49,0.5,True,True,True,True,True
1,2,long,2021-05-18,LTCUSDT,294.27,129.6,145.407043,0.49,0.5,True,True,True,True,True
1,2,long,2021-05-18,SOLUSDT,55.95,25.228,27.44777869,0.49,0.4974874372,True,True,True,True,True
1,2,long,2021-05-18,THETAUSDT,9.781,3.161,3.63183784,0.49,0.4974489796,True,True,True,True,True
1,2,long,2021-05-18,TRXUSDT,0.11639,0.04719,0.06014879,0.49,0.4984848485,True,False,True,False,True
1,2,long,2021-05-18,UNIUSDT,35.024,14.501,15.96760454,0.49,0.498989899,True,True,True,True,True
1,2,long,2021-05-18,VETUSDT,0.16209,0.05376,0.06284146,0.49,0.496969697,True,True,True,True,True
1,2,long,2021-05-18,XLMUSDT,0.64584,0.214,0.22,0.49,0.4974619289,True,True,True,True,True
1,2,long,2022-05-08,LUNAUSDT,64.237,29.641,29.86472504,0.49,,True,True,False,False,False
1,2,long,2022-05-09,LUNAUSDT,30.106,13.22,13.301,0.49,,True,True,False,False,False
1,2,long,2022-05-10,FTMUSDT,0.5331,0.2686,0.27427285,0.49,0.496969697,True,False,False,False,True
1,2,long,2022-05-10,LUNAUSDT,17.505,0.4761,0.52890073,0.49,,True,True,False,False,False
1,2,long,2022-05-11,LUNAUSDT,1.0902,0.0031,0.00028998,0.49,,True,True,False,False,False
1,2,long,2022-05-12,LUNAUSDT,0.008,0.008,4.244e-05,0.49,,False,True,False,False,False
1,2,long,2022-11-08,SOLUSDT,23.82,9.423,9.91806753,0.49,0.4974874372,True,True,True,True,True
1,2,long,2022-12-21,FTTUSDT,1.59,1.59,0.64420543,0.49,0.4871794872,False,True,False,True,True
1,2,long,2024-01-02,BIGTIMEUSDT,0.4896,0.2434,0.27079524,0.49,0.5052631579,True,False,False,False,True
1,2,long,2024-10-14,REEFUSDT,0.010139,0.003337,0.00343575,0.49,0.4897959184,True,True,True,True,True
1,2,long,2024-10-15,REEFUSDT,0.003795,0.001841,0.00184779,0.49,0.4897959184,True,True,True,True,True
1,2,long,2025-05-01,ALPACAUSDT,1.19,1.19,0.2295165,0.49,0.4565217391,False,True,False,True,True
1,2,long,2025-05-02,ALPACAUSDT,1.19,1.19,0.17903224,0.49,0.4565217391,False,True,False,True,True
1,2,long,2025-05-03,ALPACAUSDT,1.19,1.19,0.18308022,0.49,0.4565217391,False,True,False,True,True
1,2,long,2025-05-04,ALPACAUSDT,1.19,1.19,0.17424169,0.49,0.4565217391,False,True,False,True,True
1,2,long,2025-05-05,ALPACAUSDT,1.19,1.19,0.1693509,0.49,0.4565217391,False,True,False,True,True
1,2,long,2025-05-06,ALPACAUSDT,1.19,1.19,0.2376838,0.49,0.4565217391,False,True,False,True,True
1,2,long,2025-05-07,ALPACAUSDT,1.19,1.19,0.2500792,0.49,0.4565217391,False,True,False,True,True
1,2,long,2025-05-08,ALPACAUSDT,1.19,1.19,0.23751494,0.49,0.4565217391,False,True,False,True,True
1,2,long,2025-05-09,ALPACAUSDT,1.19,1.19,0.22200649,0.49,0.4565217391,False,True,False,True,True
1,2,long,2025-05-10,ALPACAUSDT,1.19,1.19,0.19987687,0.49,0.4565217391,False,True,False,True,True
1,2,long,2025-05-11,ALPACAUSDT,1.19,1.19,0.18315747,0.49,0.4565217391,False,True,False,True,True
1,2,long,2025-05-12,ALPACAUSDT,1.19,1.19,0.21254101,0.49,0.4565217391,False,True,False,True,True
1,2,long,2025-05-13,ALPACAUSDT,1.19,1.19,0.19040336,0.49,0.4565217391,False,True,False,True,True
1,2,long,2025-05-14,ALPACAUSDT,1.19,1.19,0.18040001,0.49,0.4565217391,False,True,False,True,True
1,2,long,2025-05-15,ALPACAUSDT,1.19,1.19,0.16032853,0.49,0.4565217391,False,True,False,True,True
1,2,long,2025-05-16,ALPACAUSDT,1.19,1.19,0.15393042,0.49,0.4565217391,False,True,False,True,True
1,2,long,2025-05-17,ALPACAUSDT,1.19,1.19,0.19950469,0.49,0.4565217391,False,True,False,True,True
1,2,long,2025-05-18,ALPACAUSDT,1.19,1.19,0.20640132,0.49,0.4565217391,False,True,False,True,True
1,2,long,2025-05-19,ALPACAUSDT,1.19,1.19,0.19243192,0.49,0.4565217391,False,True,False,True,True
1,2,long,2025-05-20,ALPACAUSDT,1.19,1.19,0.18703767,0.49,0.4565217391,False,True,False,True,True
1,2,long,2025-05-21,ALPACAUSDT,1.19,1.19,0.18040022,0.49,0.4565217391,False,True,False,True,True
1,2,long,2025-05-22,ALPACAUSDT,1.19,1.19,0.17398361,0.49,0.4565217391,False,True,False,True,True
1,2,long,2025-05-23,ALPACAUSDT,1.19,1.19,0.17105451,0.49,0.4565217391,False,True,False,True,True
1,2,long,2025-05-24,ALPACAUSDT,1.19,1.19,0.16225171,0.49,0.4565217391,False,True,False,True,True
1,2,long,2025-05-25,ALPACAUSDT,1.19,1.19,0.10691723,0.49,0.4565217391,False,True,False,True,True
1,2,long,2025-05-26,ALPACAUSDT,1.19,1.19,0.09462218,0.49,0.4565217391,False,True,False,True,True
1,2,long,2025-05-27,ALPACAUSDT,1.19,1.19,0.08223295,0.49,0.4565217391,False,True,False,True,True
1,2,long,2025-05-28,ALPACAUSDT,1.19,1.19,0.0888814,0.49,0.4565217391,False,True,False,True,True
1,2,long,2025-05-29,ALPACAUSDT,1.19,1.19,0.06408856,0.49,0.4565217391,False,True,False,True,True
1,2,long,2025-05-30,ALPACAUSDT,1.19,1.19,0.05787471,0.49,0.4565217391,False,True,False,True,True
1,2,long,2025-10-09,1000PEPEUSDT,0.0092519,0.0027752,0.00281515,0.49,0.4967287368,True,True,True,True,True
1,2,long,2025-10-09,ADAUSDT,0.815,0.2743,0.2758,0.49,0.5,True,True,True,True,True
1,2,long,2025-10-09,AVAXUSDT,28.374,8.433,8.49632152,0.49,0.4974874372,True,True,True,True,True
1,2,long,2025-10-09,DOGEUSDT,0.24843,0.08385,0.08867096,0.49,0.4967287368,True,True,True,True,True
1,2,long,2025-10-09,ENAUSDT,0.5464,0.128,0.13129801,0.49,0.4949494949,True,True,True,True,True
1,2,long,2025-10-09,HYPEUSDT,43.965,21.029,21.216,0.49,0.4949494949,True,True,True,True,True
1,2,long,2025-10-09,LINEAUSDT,0.02543,0.00537,0.00567,0.49,0.4948717949,True,True,True,True,True
1,2,long,2025-10-09,LINKUSDT,21.986,8.164,8.10722182,0.49,0.5,True,True,True,True,True
1,2,long,2025-10-09,MYXUSDT,5.125,0.819,0.878,0.49,0.5,True,True,True,True,True
1,2,long,2025-10-09,PUMPUSDT,0.00553,0.001469,0.001505,0.49,0.4949494949,True,True,True,True,True
1,2,long,2025-10-09,SOMIUSDT,0.7396,0.3158,0.3241,0.49,0.5052631579,True,True,True,True,True
1,2,long,2025-10-09,SUIUSDT,3.4063,0.5669,0.57936787,0.49,0.4949494949,True,True,True,True,True
1,2,long,2025-10-09,WLDUSDT,1.1981,0.2625,0.2632,0.49,0.4949494949,True,True,True,True,True
1,2,long,2025-10-09,WLFIUSDT,0.1794,0.0719,0.07266816,0.49,0.4949494949,True,True,True,True,True
1,2,long,2025-10-09,XPLUSDT,0.7446,0.25,0.2521,0.49,0.4974489796,True,True,True,True,True
1,2,long,2025-10-09,XRPUSDT,2.8011,1.1792,1.19233581,0.49,0.4974874372,True,True,True,True,True
1,2,long,2026-03-02,POWERUSDT,1.82383,0.17185,0.17198368,0.49,0.5138888889,True,True,True,True,True
1,2,long,2026-03-09,BULLAUSDT,0.02259,0.00841,0.00843636,0.49,0.5,True,True,True,True,True
1,2,long,2026-03-15,PIPPINUSDT,0.36953,0.17528,0.17617359,0.49,0.5026315789,True,True,True,True,True
1,2,long,2026-04-02,PIPPINUSDT,0.06323,0.02702,0.02715881,0.49,0.5026315789,True,True,True,True,True
1,2,long,2026-04-16,SIRENUSDT,1.9752,0.2674,0.26998232,0.49,0.5044444444,True,True,True,True,True
1,2,long,2026-05-13,SIRENUSDT,1.1397,0.501,0.5031,0.49,0.5044444444,True,True,True,True,True
1,2,long,2026-06-01,LABUSDT,15.6493,5.7586,5.8381015,0.49,0.5,True,True,True,True,True
1,2,long,2026-06-27,SKYAIUSDT,0.25522,0.13001,0.13094607,0.49,0.5,True,False,False,False,True
1,2,short,2021-02-03,DOGEUSDT,0.03736,0.061316,0.06000238,0.49,0.4903129657,True,True,True,True,True
1,2,short,2021-02-06,DOGEUSDT,0.057716,0.08781,0.08708865,0.49,0.4903129657,True,True,True,True,True
1,2,short,2021-02-10,GRTUSDT,1.26189,2.1763,2.18097,0.49,0.4779411765,True,True,True,True,True
1,2,short,2021-02-18,BNBUSDT,195.549,350,348.3352879,0.49,0.4920477137,True,True,True,True,True
1,2,short,2021-02-19,UNIUSDT,20.1054,33.2375,33.11081126,0.49,0.4891089109,True,True,True,True,True
1,2,short,2021-03-16,FILUSDT,63.634,96.57,96.53590453,0.49,0.4910536779,True,True,True,True,True
1,2,short,2021-04-15,CHZUSDT,0.53425,0.84,0.83978204,0.49,0.4779411765,True,True,True,True,True
1,2,short,2021-05-04,BCHUSDT,951.58,1479.5,1477.216285,0.49,0.4900990099,True,True,True,True,True
1,2,short,2021-05-05,ETCUSDT,94.289,179,178.8001585,0.49,0.4900990099,True,True,True,True,True
1,2,short,2021-05-10,EOSUSDT,9.271,14.558,14.541,0.49,,True,True,False,False,False
1,2,short,2021-05-19,SOLUSDT,34.952,52.216,51.77865531,0.49,0.4925373134,True,False,True,False,True
1,2,short,2021-05-23,UNIUSDT,16.701,25.199,25.16531915,0.49,0.4891089109,True,True,True,True,True
1,2,short,2021-08-09,AXSUSDT,43.56,64.88,64.74630714,0.49,0.4779411765,False,False,True,True,True
1,2,short,2021-09-30,AXSUSDT,74.61,119.76,117.2449459,0.49,0.4779411765,True,True,True,True,True
1,2,short,2022-05-11,APEUSDT,5.725,9.052,9.02522854,0.49,0.4707317073,True,True,True,True,True
1,2,short,2022-05-12,GMTUSDT,1.1605,1.755,1.7495,0.49,0.4571428571,True,True,True,True,True
1,2,short,2022-05-29,WAVESUSDT,4.451,7.799,7.72197519,0.49,0.4682926829,True,True,True,True,True
1,2,short,2022-06-20,WAVESUSDT,4.847,7.177,7.16651063,0.49,0.4682926829,False,False,True,True,True
1,2,short,2022-07-28,UNFIUSDT,6.478,13.532,13.47598338,0.49,0.4634146341,True,True,True,True,True
1,2,short,2022-11-09,SOLUSDT,11.7,18.787,18.72741178,0.49,0.4925373134,True,True,True,True,True
1,2,short,2023-01-24,APTUSDT,12.3168,19,18.79713949,0.49,0.4827586207,True,True,True,True,True
1,2,short,2023-05-29,LINAUSDT,0.01774,0.02598,0.02593752,0.49,0.4634146341,False,False,True,False,True
1,2,short,2023-06-11,LINAUSDT,0.01228,0.01876,0.0183922,0.49,0.4634146341,True,True,True,True,True
1,2,short,2023-07-12,XRPUSDT,0.4707,0.965,0.92996812,0.49,0.4925373134,True,True,True,True,True
1,2,short,2023-10-14,TRBUSDT,51.707,81,78.10281692,0.49,0.4707317073,True,True,True,True,True
1,2,short,2023-11-03,ARKUSDT,1.1377,1.659,1.65059474,0.49,0.4547619048,False,False,True,False,True
1,2,short,2023-11-07,STORJUSDT,0.4565,0.7292,0.72171369,0.49,0.4707317073,True,True,True,True,True
1,2,short,2023-12-15,WLDUSDT,2.4668,4.6126,4.56946584,0.49,0.4851485149,True,True,True,True,True
1,2,short,2023-12-30,TRBUSDT,259.89,555,571.9942833,0.49,0.4707317073,True,True,True,True,True
1,2,short,2024-02-28,PEOPLEUSDT,0.03216,0.05529,0.05519461,0.49,0.4571428571,True,True,True,True,True
1,2,short,2024-03-03,CKBUSDT,0.015206,0.02246,0.022422,0.49,0.4707317073,False,False,True,True,True
1,2,short,2024-03-08,WLDUSDT,7.5386,11.915,11.83581714,0.49,0.4851485149,True,True,True,True,True
1,2,short,2024-08-05,MEWUSDT,0.004115,0.006058,0.00604705,0.49,0.4707317073,False,False,True,False,True
1,2,short,2024-10-13,REEFUSDT,0.007025,0.010492,0.010477,0.49,0.4705882353,True,True,True,True,True
1,2,short,2024-10-17,REEFUSDT,0.001908,0.002899,0.002885,0.49,0.4705882353,True,True,True,True,True
1,2,short,2024-11-05,NEIROETHUSDT,0.07552,0.10691,0.10643692,0.49,0.3636363636,False,False,True,True,True
1,2,short,2024-11-05,NEIROUSDT,0.0013502,0.0021256,0.00212336,0.49,0.4571428571,True,True,True,True,True
1,2,short,2024-11-12,1000PEPEUSDT,0.0141371,0.0224698,0.02242399,0.49,0.4903129657,True,True,True,True,True
1,2,short,2024-11-12,WIFUSDT,3.2497,4.8524,4.79382986,0.49,0.4779411765,True,False,True,False,True
1,2,short,2024-12-01,MOODENGUSDT,0.35209,0.64349,0.64023035,0.49,0.4707317073,True,True,True,True,True
1,2,short,2025-02-21,PNUTUSDT,0.14449,0.25,0.24921,0.49,0.4571428571,True,True,True,True,True
1,2,short,2025-02-27,PNUTUSDT,0.18579,0.30947,0.30840096,0.49,0.4571428571,True,True,True,True,True
1,2,short,2025-03-01,ADAUSDT,0.6589,1.1508,1.143,0.49,0.4900990099,True,True,True,True,True
1,2,short,2025-03-06,BNXUSDT,0.728,1.092,1.0899,0.49,0.4285714286,True,True,True,True,True
1,2,short,2025-03-15,ARCUSDT,0.04866,0.072,0.07159498,0.49,0.4136363636,False,False,True,True,True
1,2,short,2025-03-23,ARCUSDT,0.05291,0.08364,0.08357373,0.49,0.4136363636,True,True,True,True,True
1,2,short,2025-04-08,FARTCOINUSDT,0.5105,0.7864,0.78334957,0.49,0.4779411765,True,True,True,True,True
1,2,short,2025-04-22,TRUMPUSDT,9.222,16.092,16.05345245,0.49,0.4802955665,True,True,True,True,True
1,2,short,2025-09-06,MYXUSDT,1.3076,3.73,3.69342559,0.49,0.4090909091,True,True,True,True,True
1,2,short,2025-09-07,MYXUSDT,3.488,14.489,14.42172403,0.49,0.4090909091,True,True,True,True,True
1,2,short,2025-09-16,MYXUSDT,11.482,18.084,17.98259602,0.49,0.4090909091,True,True,True,True,True
1,2,short,2025-09-26,MYXUSDT,10.354,15.5,15.289,0.49,0.4090909091,True,False,True,True,True
1,2,short,2025-10-05,MYXUSDT,4.57,7.6,7.59723147,0.49,0.4090909091,True,True,True,True,True
1,2,short,2025-10-10,MYXUSDT,2.653,4.347,4.3417946,0.49,0.4090909091,True,True,True,True,True
1,2,short,2025-11-02,COAIUSDT,1.3,2.378,2.17167364,0.49,0.4090909091,True,True,True,True,True
1,2,short,2025-11-05,COAIUSDT,0.96,1.546,1.53690376,0.49,0.4090909091,True,True,True,True,True
1,2,short,2026-01-26,PIPPINUSDT,0.29655,0.4588,0.45848112,0.49,0.4547619048,True,True,True,True,True
1,2,short,2026-02-01,RIVERUSDT,15.669,24.795,24.633,0.49,0.4571428571,True,True,True,True,True
1,2,short,2026-02-07,PIPPINUSDT,0.18982,0.29837,0.29663761,0.49,0.4547619048,True,True,True,True,True
1,2,short,2026-02-09,PIPPINUSDT,0.27179,0.414,0.41131012,0.49,0.4547619048,True,True,True,True,True
1,2,short,2026-02-09,RIVERUSDT,13.171,20.106,20.021,0.49,0.4571428571,True,True,True,True,True
1,2,short,2026-02-11,RIVERUSDT,15.642,24.079,23.99159597,0.49,0.4571428571,True,True,True,True,True
1,2,short,2026-03-01,POWERUSDT,1.72802,2.5777,2.58454611,0.49,0.4204545455,True,True,True,True,True
1,2,short,2026-03-31,PIPPINUSDT,0.04844,0.0777,0.07737184,0.49,0.4547619048,True,True,True,True,True
1,2,short,2026-04-03,PIPPINUSDT,0.02852,0.04473,0.04449,0.49,0.4547619048,True,True,True,True,True
1,2,short,2026-04-03,SIRENUSDT,0.13694,0.77763,0.77277464,0.49,0.4127272727,True,True,True,True,True
1,2,short,2026-04-08,SIRENUSDT,0.56042,0.84372,0.83619,0.49,0.4127272727,True,True,True,True,True
1,2,short,2026-04-10,SIRENUSDT,0.68565,0.97543,0.97478,0.49,0.4127272727,False,False,True,True,True
1,2,short,2026-04-15,PIPPINUSDT,0.02575,0.04372,0.04363,0.49,0.4547619048,True,True,True,True,True
1,2,short,2026-04-15,SIRENUSDT,0.7852,1.9848,1.9834,0.49,0.4127272727,True,True,True,True,True
1,2,short,2026-05-03,RAVEUSDT,0.6244,1.0797,1.074,0.49,0.4136363636,True,True,True,True,True
1,2,short,2026-05-06,SIRENUSDT,0.818,1.2144,1.20994078,0.49,0.4127272727,False,False,True,True,True
1,2,short,2026-06-01,LABUSDT,15.6493,24.3998,24.33808,0.49,0.4090909091,True,True,True,True,True
1,2,short,2026-06-01,SKYAIUSDT,0.19957,0.31999,0.31944775,0.49,0.4090909091,True,True,True,True,True
1,2,short,2026-06-05,LABUSDT,9.692,15.699,15.55226881,0.49,0.4090909091,True,True,True,True,True
1,2,short,2026-06-05,SKYAIUSDT,0.1858,0.36796,0.36628,0.49,0.4090909091,True,True,True,True,True
1,2,short,2026-06-06,BSBUSDT,0.22777,0.40996,0.40601008,0.49,0.4090909091,True,True,True,True,True
1,2,short,2026-06-10,SKYAIUSDT,0.17242,0.26305,0.26262835,0.49,0.4090909091,True,True,True,True,True
1,2,short,2026-06-14,BSBUSDT,0.27146,0.4222,0.42027249,0.49,0.4090909091,True,True,True,True,True
1,2,short,2026-06-15,BSBUSDT,0.36222,0.59734,0.59556797,0.49,0.4090909091,True,True,True,True,True
1,2,short,2026-06-15,LABUSDT,9.565,14.086,14.053,0.49,0.4090909091,False,False,True,True,True
1,2,short,2026-06-18,BSBUSDT,0.39683,0.57891,0.57375823,0.49,0.4090909091,False,False,True,True,True
1,3,long,2021-02-19,BNBUSDT,334.094,223.342,224.693671,0.3233333333,0.3303152247,True,True,True,False,True
1,3,long,2021-02-21,GRTUSDT,2.30699,1.53575,1.58057624,0.3233333333,0.3273809524,True,False,True,False,True
1,3,long,2021-02-21,UNIUSDT,28.84,17.5103,22.09275969,0.3233333333,0.3306397306,True,False,True,False,True
1,3,long,2021-02-22,BCHUSDT,628.6,405,409.9114515,0.3233333333,0.3316498316,True,True,True,True,True
1,3,long,2021-02-22,CRVUSDT,2.572,1.674,1.70422797,0.3233333333,0.3301346801,True,True,True,True,True
1,3,long,2021-02-22,EOSUSDT,4.689,3.14,3.18336793,0.3233333333,,True,False,False,False,False
1,3,long,2021-02-22,GRTUSDT,2.01874,1.26,1.28630093,0.3233333333,0.3273809524,True,True,True,True,True
1,3,long,2021-02-22,LINKUSDT,31.486,20.671,20.88371255,0.3233333333,0.3316498316,True,True,True,True,True
1,3,long,2021-02-22,UNIUSDT,27.7285,18,18.13699531,0.3233333333,0.3306397306,True,True,True,True,True
1,3,long,2021-02-22,XLMUSDT,0.46362,0.30576,0.31139481,0.3233333333,0.3282571912,True,True,True,True,True
1,3,long,2021-02-22,XRPUSDT,0.5668,0.3523,0.36411424,0.3233333333,0.3299832496,True,True,True,True,True
1,3,long,2021-04-17,AVAXUSDT,33.9586,19.6974,21.4863142,0.3233333333,0.3299832496,True,True,True,True,True
1,3,long,2021-04-17,CHZUSDT,0.61931,0.39381,0.41463224,0.3233333333,0.3273809524,True,True,True,True,True
1,3,long,2021-04-17,ENJUSDT,2.96247,1.97374,2.11755,0.3233333333,0.3239316239,True,False,True,False,True
1,3,long,2021-04-17,LUNAUSDT,15.1999,10,10.58923044,0.3233333333,,True,False,False,False,False
1,3,long,2021-04-17,STORJUSDT,2.3584,1.4753,1.6177025,0.3233333333,0.3239316239,True,False,True,False,True
1,3,long,2021-04-17,SUSHIUSDT,15.8637,8.2916,9.8314,0.3233333333,0.3273809524,True,True,True,True,True
1,3,long,2021-04-17,THETAUSDT,13.2976,8.3333,8.80547095,0.3233333333,0.3273809524,True,True,True,True,True
1,3,long,2021-04-22,CHZUSDT,0.46534,0.31033,0.31499221,0.3233333333,0.3273809524,True,False,True,False,True
1,3,long,2021-05-08,DOGEUSDT,0.637855,0.423,0.42221814,0.3233333333,0.3289716491,True,True,True,True,True
1,3,long,2021-05-18,ADAUSDT,2.0046,1,1.01530596,0.3233333333,0.3316498316,True,True,True,True,True
1,3,long,2021-05-18,BCHUSDT,1089.23,341.87,470.4985,0.3233333333,0.3316498316,True,True,True,True,True
1,3,long,2021-05-18,BNBUSDT,508.31,250,271.6639651,0.3233333333,0.3303152247,True,True,True,True,True
1,3,long,2021-05-18,BTCUSDT,42882.53,28688,29563.37,0.3233333333,0.3306559572,True,False,True,False,True
1,3,long,2021-05-18,CHZUSDT,0.41901,0.12694,0.14471602,0.3233333333,0.3273809524,True,True,True,True,True
1,3,long,2021-05-18,DOGEUSDT,0.47601,0.1958,0.21159206,0.3233333333,0.3289716491,True,True,True,True,True
1,3,long,2021-05-18,DOTUSDT,40.616,15.376,16.551,0.3233333333,0.3301346801,True,True,True,True,True
1,3,long,2021-05-18,EOSUSDT,9.33,3.992,4.1438217,0.3233333333,,True,True,False,False,False
1,3,long,2021-05-18,ETCUSDT,88.5,34,39.31696208,0.3233333333,0.3316498316,True,True,True,True,True
1,3,long,2021-05-18,ETHUSDT,3376.35,1400.73,1764.258181,0.3233333333,0.3306559572,True,True,True,True,True
1,3,long,2021-05-18,FILUSDT,100.218,44.389,52.578,0.3233333333,0.3293091885,True,True,True,True,True
1,3,long,2021-05-18,LINKUSDT,42.6,19.541,20.57285642,0.3233333333,0.3316498316,True,True,True,True,True
1,3,long,2021-05-18,LTCUSDT,294.27,129.6,145.407043,0.3233333333,0.3316498316,True,True,True,True,True
1,3,long,2021-05-18,SOLUSDT,55.95,25.228,27.44777869,0.3233333333,0.3299832496,True,True,True,True,True
1,3,long,2021-05-18,THETAUSDT,9.781,3.161,3.63183784,0.3233333333,0.3273809524,True,True,True,True,True
1,3,long,2021-05-18,TRXUSDT,0.11639,0.04719,0.06014879,0.3233333333,0.3301346801,True,True,True,True,True
1,3,long,2021-05-18,UNIUSDT,35.024,14.501,15.96760454,0.3233333333,0.3306397306,True,True,True,True,True
1,3,long,2021-05-18,VETUSDT,0.16209,0.05376,0.06284146,0.3233333333,0.3286195286,True,True,True,True,True
1,3,long,2021-05-18,XLMUSDT,0.64584,0.214,0.22,0.3233333333,0.3282571912,True,True,True,True,True
1,3,long,2021-05-18,XRPUSDT,1.5898,0.8311,0.85272627,0.3233333333,0.3299832496,True,True,True,True,True
1,3,long,2021-05-22,CHZUSDT,0.25279,0.1642,0.16430141,0.3233333333,0.3273809524,True,True,True,True,True
1,3,long,2021-05-22,DOTUSDT,22.052,13.611,13.646,0.3233333333,0.3301346801,True,True,True,True,True
1,3,long,2021-05-22,LINKUSDT,23.3,14.98,15.01376267,0.3233333333,0.3316498316,True,True,True,True,True
1,3,long,2021-05-22,SOLUSDT,31.225,19.127,19.168,0.3233333333,0.3299832496,True,True,True,True,True
1,3,long,2021-05-22,THETAUSDT,6.887,4.557,4.561,0.3233333333,0.3273809524,True,True,True,True,True
1,3,long,2021-05-22,UNIUSDT,20.36,12.921,12.96080441,0.3233333333,0.3306397306,True,True,True,True,True
1,3,long,2021-05-22,VETUSDT,0.09941,0.06566,0.0657056,0.3233333333,0.3286195286,True,True,True,True,True
1,3,long,2021-06-20,DOGEUSDT,0.28021,0.165,0.16515682,0.3233333333,0.3289716491,True,True,True,True,True
1,3,long,2021-09-06,ADAUSDT,2.8355,1.8333,2.04557217,0.3233333333,0.3316498316,True,False,True,False,True
1,3,long,2021-09-06,ALICEUSDT,17.994,9.24,10.26580776,0.3233333333,0.3298245614,True,True,True,True,True
1,3,long,2021-09-06,AVAXUSDT,47.137,28.872,31.51401684,0.3233333333,0.3299832496,True,True,True,True,True
1,3,long,2021-09-06,AXSUSDT,79.14,51.56,55.65125927,0.3233333333,0.3273809524,True,False,True,False,True
1,3,long,2021-09-06,BNBUSDT,496.29,332.95,371.4326678,0.3233333333,0.3303152247,True,False,False,False,True
1,3,long,2021-09-06,DOGEUSDT,0.30928,0.20225,0.21289,0.3233333333,0.3289716491,True,False,True,False,True
1,3,long,2021-09-06,DOTUSDT,34.371,20.835,22.941,0.3233333333,0.3301346801,True,True,True,True,True
1,3,long,2021-09-06,EOSUSDT,6.224,3.93,4.352,0.3233333333,,True,False,False,False,False
1,3,long,2021-09-06,ETCUSDT,73.559,44,47.98398637,0.3233333333,0.3316498316,True,True,True,True,True
1,3,long,2021-09-06,FILUSDT,106.337,64.534,71.50142079,0.3233333333,0.3293091885,True,True,True,False,True
1,3,long,2021-09-06,LINKUSDT,34.842,22.046,24.27753837,0.3233333333,0.3316498316,True,False,True,False,True
1,3,long,2021-09-06,LUNAUSDT,32.363,20.443,22.62860608,0.3233333333,,True,False,False,False,False
1,3,long,2021-09-06,MATICUSDT,1.6454,1.0607,1.11648771,0.3233333333,,True,False,False,False,False
1,3,long,2021-09-06,SANDUSDT,0.9611,0.55076,0.60070398,0.3233333333,0.3273809524,True,True,True,True,True
1,3,long,2021-09-06,XRPUSDT,1.3906,0.8969,0.9678,0.3233333333,0.3299832496,True,False,True,False,True
1,3,long,2021-12-03,CHRUSDT,0.8228,0.4664,0.47818146,0.3233333333,0.3239316239,True,True,True,True,True
1,3,long,2021-12-03,DOGEUSDT,0.19985,0.1257,0.12953842,0.3233333333,0.3289716491,True,True,True,True,True
1,3,long,2021-12-03,FTMUSDT,1.98334,1.14518,1.16670123,0.3233333333,0.3286195286,True,True,True,True,True
1,3,long,2021-12-03,LINKUSDT,23.302,15.033,15.36797556,0.3233333333,0.3316498316,True,True,True,True,True
1,3,long,2021-12-03,LRCUSDT,2.38074,1.60943,1.63156341,0.3233333333,0.3192982456,True,False,True,False,True
1,3,long,2021-12-03,MANAUSDT,3.9027,2.5567,2.61192112,0.3233333333,0.3273809524,True,True,True,True,True
1,3,long,2021-12-03,XRPUSDT,0.9213,0.5764,0.60967565,0.3233333333,0.3299832496,True,True,True,True,True
1,3,long,2022-05-08,GMTUSDT,2.7183,1.7308,1.74674636,0.3233333333,0.3298245614,True,True,True,True,True
1,3,long,2022-05-08,LUNAUSDT,64.237,29.641,29.86472504,0.3233333333,,True,True,False,False,False
1,3,long,2022-05-09,LUNAUSDT,30.106,13.22,13.301,0.3233333333,,True,True,False,False,False
1,3,long,2022-05-10,APEUSDT,9.023,5.136,5.167,0.3233333333,0.3239316239,True,True,True,True,True
1,3,long,2022-05-10,AVAXUSDT,44.53,26,26.46,0.3233333333,0.3299832496,True,True,True,True,True
1,3,long,2022-05-10,DOGEUSDT,0.10798,0.07038,0.07173539,0.3233333333,0.3289716491,True,True,True,True,True
1,3,long,2022-05-10,FTMUSDT,0.5331,0.2686,0.27427285,0.3233333333,0.3286195286,True,True,True,True,True
1,3,long,2022-05-10,GMTUSDT,1.7994,1.0881,1.10703796,0.3233333333,0.3298245614,True,True,True,True,True
1,3,long,2022-05-10,KNCUSDT,1.987,1.333,1.333,0.3233333333,0.3239316239,True,True,True,True,True
1,3,long,2022-05-10,LUNAUSDT,17.505,0.4761,0.52890073,0.3233333333,,True,True,False,False,False
1,3,long,2022-05-10,MTLUSDT,1.3805,0.9084,0.91220896,0.3233333333,0.3298245614,True,True,True,True,True
1,3,long,2022-05-10,NEARUSDT,9.562,5.188,5.36369112,0.3233333333,0.3265993266,True,True,True,True,True
1,3,long,2022-05-10,SOLUSDT,66.83,43.06,43.21028348,0.3233333333,0.3299832496,True,True,True,True,True
1,3,long,2022-05-10,WAVESUSDT,11.875,6.465,6.77345097,0.3233333333,0.3213675214,True,True,True,True,True
1,3,long,2022-05-11,GMTUSDT,1.3137,0.8076,0.81224736,0.3233333333,0.3298245614,True,True,True,True,True
1,3,long,2022-05-11,LUNAUSDT,1.0902,0.0031,0.00028998,0.3233333333,,True,True,False,False,False
1,3,long,2022-05-12,LUNAUSDT,0.008,0.008,4.244e-05,0.3233333333,,False,True,False,False,False
1,3,long,2022-05-25,GMTUSDT,1.3752,0.823,0.82716819,0.3233333333,0.3298245614,True,True,True,True,True
1,3,long,2022-11-07,1000LUNCUSDT,0.2352,0.132,0.13368501,0.3233333333,0.3273809524,True,True,True,True,True
1,3,long,2022-11-07,CHZUSDT,0.27486,0.17004,0.17490214,0.3233333333,0.3273809524,True,True,True,True,True
1,3,long,2022-11-07,REEFUSDT,0.006261,0.003986,0.00403639,0.3233333333,0.3197278912,True,True,True,True,True
1,3,long,2022-11-07,RSRUSDT,0.007093,0.00391,0.00398851,0.3233333333,0.3273809524,True,True,True,True,True
1,3,long,2022-11-07,SOLUSDT,29.59,18.4,18.86287713,0.3233333333,0.3299832496,True,True,True,True,True
1,3,long,2022-11-07,SUSHIUSDT,1.727,1.111,1.13571002,0.3233333333,0.3273809524,True,True,True,True,True
1,3,long,2022-11-08,CHZUSDT,0.21321,0.14333,0.14502397,0.3233333333,0.3273809524,True,False,True,False,True
1,3,long,2022-11-08,GMTUSDT,0.5118,0.3308,0.3311,0.3233333333,0.3298245614,True,True,True,True,True
1,3,long,2022-11-08,SOLUSDT,23.82,9.423,9.91806753,0.3233333333,0.3299832496,True,True,True,True,True
1,3,long,2022-12-16,FTTUSDT,1.59,1.59,0.99903568,0.3233333333,0.3162393162,False,True,False,True,True
1,3,long,2022-12-17,FTTUSDT,1.59,1.59,1.03071625,0.3233333333,0.3162393162,False,True,False,True,True
1,3,long,2022-12-18,FTTUSDT,1.59,1.59,0.85688372,0.3233333333,0.3162393162,False,True,False,True,True
1,3,long,2022-12-19,FTTUSDT,1.59,1.59,0.88203816,0.3233333333,0.3162393162,False,True,False,True,True
1,3,long,2022-12-20,FTTUSDT,1.59,1.59,0.83168692,0.3233333333,0.3162393162,False,True,False,True,True
1,3,long,2022-12-21,FTTUSDT,1.59,1.59,0.64420543,0.3233333333,0.3162393162,False,True,False,True,True
1,3,long,2022-12-22,FTTUSDT,1.59,1.59,0.93788681,0.3233333333,0.3162393162,False,True,False,True,True
1,3,long,2022-12-23,FTTUSDT,1.59,1.59,0.91531348,0.3233333333,0.3162393162,False,True,False,True,True
1,3,long,2022-12-24,FTTUSDT,1.59,1.59,0.89049792,0.3233333333,0.3162393162,False,True,False,True,True
1,3,long,2022-12-25,FTTUSDT,1.59,1.59,0.89610759,0.3233333333,0.3162393162,False,True,False,True,True
1,3,long,2022-12-26,FTTUSDT,1.59,1.59,0.91432274,0.3233333333,0.3162393162,False,True,False,True,True
1,3,long,2022-12-27,FTTUSDT,1.59,1.59,0.86387148,0.3233333333,0.3162393162,False,True,False,True,True
1,3,long,2022-12-28,FTTUSDT,1.59,1.59,0.83533449,0.3233333333,0.3162393162,False,True,False,True,True
1,3,long,2022-12-29,FTTUSDT,1.59,1.59,0.82421939,0.3233333333,0.3162393162,False,True,False,True,True
1,3,long,2022-12-30,FTTUSDT,1.59,1.59,0.83005611,0.3233333333,0.3162393162,False,True,False,True,True
1,3,long,2023-06-09,OPUSDT,1.3316,0.8704,0.89860904,0.3233333333,0.3306397306,True,True,True,False,True
1,3,long,2023-11-08,TRBUSDT,140.231,85.325,85.532,0.3233333333,0.3239316239,True,True,True,True,True
1,3,long,2023-11-12,BNTUSDT,1.4689,0.8177,0.81891637,0.3233333333,0.3298245614,True,True,True,True,True
1,3,long,2023-12-30,TRBUSDT,259.89,155.8,177.5141166,0.3233333333,0.3239316239,True,False,True,False,True
1,3,long,2023-12-31,TRBUSDT,194.74,121.279,122.037,0.3233333333,0.3239316239,True,True,True,True,True
1,3,long,2024-01-02,1000LUNCUSDT,0.13843,0.09118,0.09976,0.3233333333,0.3273809524,True,False,True,False,True
1,3,long,2024-01-02,BAKEUSDT,0.4837,0.3,0.31318289,0.3233333333,0.298245614,True,True,True,True,True
1,3,long,2024-01-02,BIGTIMEUSDT,0.4896,0.2434,0.27079524,0.3233333333,0.3298245614,True,True,True,True,True
1,3,long,2024-01-02,TRBUSDT,171.87,109.5,110.3227233,0.3233333333,0.3239316239,True,True,True,True,True
1,3,long,2024-03-04,DOGEUSDT,0.18218,0.12035,0.12585082,0.3233333333,0.3289716491,True,False,True,False,True
1,3,long,2024-04-11,1000FLOKIUSDT,0.19186,0.12752,0.13151471,0.3233333333,0.3273809524,True,False,True,False,True
1,3,long,2024-04-11,1000PEPEUSDT,0.0073175,0.004516,0.00471137,0.3233333333,0.3289716491,True,True,True,True,True
1,3,long,2024-04-11,ARBUSDT,1.4193,0.9407,1.00016796,0.3233333333,0.3286195286,True,False,True,False,True
1,3,long,2024-04-11,FILUSDT,8.057,5.45,5.512,0.3233333333,0.3293091885,True,False,False,False,True
1,3,long,2024-04-11,WIFUSDT,3.4591,2.3,2.42839098,0.3233333333,0.3273809524,True,False,True,False,True
1,3,long,2024-04-12,1000PEPEUSDT,0.0059117,0.0037585,0.0039501,0.3233333333,0.3289716491,True,True,True,True,True
1,3,long,2024-04-12,ORDIUSDT,61.483,37.777,39.1840132,0.3233333333,0.3273809524,True,True,True,True,True
1,3,long,2024-04-12,WLDUSDT,5.4747,3.666,3.76537566,0.3233333333,0.3265993266,True,False,True,False,True
1,3,long,2024-07-03,PEOPLEUSDT,0.08173,0.05307,0.05328705,0.3233333333,0.3298245614,True,True,True,True,True
1,3,long,2024-10-14,REEFUSDT,0.010139,0.003337,0.00343575,0.3233333333,0.3197278912,True,True,True,True,True
1,3,long,2024-10-15,REEFUSDT,0.003795,0.001841,0.00184779,0.3233333333,0.3197278912,True,True,True,True,True
1,3,long,2024-12-08,GOATUSDT,0.7374,0.4779,0.48436423,0.3233333333,0.3271929825,True,True,True,True,True
1,3,long,2024-12-08,MOODENGUSDT,0.4752,0.30439,0.31508928,0.3233333333,0.3239316239,True,True,True,True,True
1,3,long,2024-12-08,SANDUSDT,0.91657,0.60888,0.61734295,0.3233333333,0.3273809524,True,True,True,False,True
1,3,long,2024-12-08,TIAUSDT,8.3847,5.3739,5.6819,0.3233333333,0.3282571912,True,False,True,False,True
1,3,long,2024-12-08,WLDUSDT,3.8127,2.4434,2.49871613,0.3233333333,0.3265993266,True,True,True,True,True
1,3,long,2025-02-02,ADAUSDT,0.8042,0.5092,0.5136,0.3233333333,0.3316498316,True,True,True,True,True
1,3,long,2025-02-02,WIFUSDT,0.9491,0.6329,0.6392758,0.3233333333,0.3273809524,True,True,True,False,True
1,3,long,2025-03-17,ARCUSDT,0.0621,0.03747,0.03776097,0.3233333333,0.3203703704,True,True,True,True,True
1,3,long,2025-05-01,ALPACAUSDT,1.19,1.19,0.2295165,0.3233333333,0.2753623188,False,True,False,True,True
1,3,long,2025-05-02,ALPACAUSDT,1.19,1.19,0.17903224,0.3233333333,0.2753623188,False,True,False,True,True
1,3,long,2025-05-03,ALPACAUSDT,1.19,1.19,0.18308022,0.3233333333,0.2753623188,False,True,False,True,True
1,3,long,2025-05-04,ALPACAUSDT,1.19,1.19,0.17424169,0.3233333333,0.2753623188,False,True,False,True,True
1,3,long,2025-05-05,ALPACAUSDT,1.19,1.19,0.1693509,0.3233333333,0.2753623188,False,True,False,True,True
1,3,long,2025-05-05,LAYERUSDT,2.9587,1.5823,1.5855787,0.3233333333,0.3298245614,True,True,True,True,True
1,3,long,2025-05-06,ALPACAUSDT,1.19,1.19,0.2376838,0.3233333333,0.2753623188,False,True,False,True,True
1,3,long,2025-05-07,ALPACAUSDT,1.19,1.19,0.2500792,0.3233333333,0.2753623188,False,True,False,True,True
1,3,long,2025-05-08,ALPACAUSDT,1.19,1.19,0.23751494,0.3233333333,0.2753623188,False,True,False,True,True
1,3,long,2025-05-09,ALPACAUSDT,1.19,1.19,0.22200649,0.3233333333,0.2753623188,False,True,False,True,True
1,3,long,2025-05-10,ALPACAUSDT,1.19,1.19,0.19987687,0.3233333333,0.2753623188,False,True,False,True,True
1,3,long,2025-05-11,ALPACAUSDT,1.19,1.19,0.18315747,0.3233333333,0.2753623188,False,True,False,True,True
1,3,long,2025-05-12,ALPACAUSDT,1.19,1.19,0.21254101,0.3233333333,0.2753623188,False,True,False,True,True
1,3,long,2025-05-13,ALPACAUSDT,1.19,1.19,0.19040336,0.3233333333,0.2753623188,False,True,False,True,True
1,3,long,2025-05-14,ALPACAUSDT,1.19,1.19,0.18040001,0.3233333333,0.2753623188,False,True,False,True,True
1,3,long,2025-05-15,ALPACAUSDT,1.19,1.19,0.16032853,0.3233333333,0.2753623188,False,True,False,True,True
1,3,long,2025-05-16,ALPACAUSDT,1.19,1.19,0.15393042,0.3233333333,0.2753623188,False,True,False,True,True
1,3,long,2025-05-17,ALPACAUSDT,1.19,1.19,0.19950469,0.3233333333,0.2753623188,False,True,False,True,True
1,3,long,2025-05-18,ALPACAUSDT,1.19,1.19,0.20640132,0.3233333333,0.2753623188,False,True,False,True,True
1,3,long,2025-05-19,ALPACAUSDT,1.19,1.19,0.19243192,0.3233333333,0.2753623188,False,True,False,True,True
1,3,long,2025-05-20,ALPACAUSDT,1.19,1.19,0.18703767,0.3233333333,0.2753623188,False,True,False,True,True
1,3,long,2025-05-21,ALPACAUSDT,1.19,1.19,0.18040022,0.3233333333,0.2753623188,False,True,False,True,True
1,3,long,2025-05-22,ALPACAUSDT,1.19,1.19,0.17398361,0.3233333333,0.2753623188,False,True,False,True,True
1,3,long,2025-05-23,ALPACAUSDT,1.19,1.19,0.17105451,0.3233333333,0.2753623188,False,True,False,True,True
1,3,long,2025-05-24,ALPACAUSDT,1.19,1.19,0.16225171,0.3233333333,0.2753623188,False,True,False,True,True
1,3,long,2025-05-25,ALPACAUSDT,1.19,1.19,0.10691723,0.3233333333,0.2753623188,False,True,False,True,True
1,3,long,2025-05-26,ALPACAUSDT,1.19,1.19,0.09462218,0.3233333333,0.2753623188,False,True,False,True,True
1,3,long,2025-05-27,ALPACAUSDT,1.19,1.19,0.08223295,0.3233333333,0.2753623188,False,True,False,True,True
1,3,long,2025-05-28,ALPACAUSDT,1.19,1.19,0.0888814,0.3233333333,0.2753623188,False,True,False,True,True
1,3,long,2025-05-29,ALPACAUSDT,1.19,1.19,0.06408856,0.3233333333,0.2753623188,False,True,False,True,True
1,3,long,2025-05-30,ALPACAUSDT,1.19,1.19,0.05787471,0.3233333333,0.2753623188,False,True,False,True,True
1,3,long,2025-10-01,MYXUSDT,15.48,9.169,9.19284178,0.3233333333,0.3148148148,True,True,True,True,True
1,3,long,2025-10-03,MYXUSDT,8.27,4.95,5.03187564,0.3233333333,0.3148148148,True,True,True,True,True
1,3,long,2025-10-09,1000PEPEUSDT,0.0092519,0.0027752,0.00281515,0.3233333333,0.3289716491,True,True,True,True,True
1,3,long,2025-10-09,ADAUSDT,0.815,0.2743,0.2758,0.3233333333,0.3316498316,True,True,True,True,True
1,3,long,2025-10-09,AVAXUSDT,28.374,8.433,8.49632152,0.3233333333,0.3299832496,True,True,True,True,True
1,3,long,2025-10-09,BNBUSDT,1256.16,823.6,863.7,0.3233333333,0.3303152247,True,False,True,False,True
1,3,long,2025-10-09,DOGEUSDT,0.24843,0.08385,0.08867096,0.3233333333,0.3289716491,True,True,True,True,True
1,3,long,2025-10-09,ENAUSDT,0.5464,0.128,0.13129801,0.3233333333,0.3265993266,True,True,True,True,True
1,3,long,2025-10-09,HYPEUSDT,43.965,21.029,21.216,0.3233333333,0.3265993266,True,True,True,True,True
1,3,long,2025-10-09,LINEAUSDT,0.02543,0.00537,0.00567,0.3233333333,0.3239316239,True,True,True,True,True
1,3,long,2025-10-09,LINKUSDT,21.986,8.164,8.10722182,0.3233333333,0.3316498316,True,True,True,True,True
1,3,long,2025-10-09,MYXUSDT,5.125,0.819,0.878,0.3233333333,0.3148148148,True,True,True,True,True
1,3,long,2025-10-09,PUMPUSDT,0.00553,0.001469,0.001505,0.3233333333,0.3265993266,True,True,True,True,True
1,3,long,2025-10-09,SOLUSDT,220.8,141.28,143.8313647,0.3233333333,0.3299832496,True,True,True,True,True
1,3,long,2025-10-09,SOMIUSDT,0.7396,0.3158,0.3241,0.3233333333,0.3298245614,True,True,True,True,True
1,3,long,2025-10-09,SUIUSDT,3.4063,0.5669,0.57936787,0.3233333333,0.3265993266,True,True,True,True,True
1,3,long,2025-10-09,WLDUSDT,1.1981,0.2625,0.2632,0.3233333333,0.3265993266,True,True,True,True,True
1,3,long,2025-10-09,WLFIUSDT,0.1794,0.0719,0.07266816,0.3233333333,0.3265993266,True,True,True,True,True
1,3,long,2025-10-09,XPLUSDT,0.7446,0.25,0.2521,0.3233333333,0.3273809524,True,True,True,True,True
1,3,long,2025-10-09,XRPUSDT,2.8011,1.1792,1.19233581,0.3233333333,0.3299832496,True,True,True,True,True
1,3,long,2025-11-20,COAIUSDT,0.5224,0.35,0.3947,0.3233333333,0.3148148148,True,False,True,False,True
1,3,long,2026-01-01,BEATUSDT,1.1155,0.74,0.7537,0.3233333333,0.3148148148,True,True,True,True,True
1,3,long,2026-01-04,PIPPINUSDT,0.48944,0.32672,0.32722906,0.3233333333,0.3271929825,True,True,True,True,True
1,3,long,2026-01-29,PIPPINUSDT,0.30505,0.2062,0.2064,0.3233333333,0.3271929825,True,True,False,False,True
1,3,long,2026-02-16,RIVERUSDT,12.744,8.613,8.659,0.3233333333,0.3298245614,True,False,False,False,True
1,3,long,2026-02-26,PIPPINUSDT,0.80943,0.53276,0.53338,0.3233333333,0.3271929825,True,True,True,True,True
1,3,long,2026-03-02,POWERUSDT,1.82383,0.17185,0.17198368,0.3233333333,0.3287037037,True,True,True,True,True
1,3,long,2026-03-09,BULLAUSDT,0.02259,0.00841,0.00843636,0.3233333333,0.3148148148,True,True,True,True,True
1,3,long,2026-03-15,PIPPINUSDT,0.36953,0.17528,0.17617359,0.3233333333,0.3271929825,True,True,True,True,True
1,3,long,2026-03-24,PIPPINUSDT,0.07988,0.0421,0.04247906,0.3233333333,0.3271929825,True,True,True,True,True
1,3,long,2026-04-01,SIRENUSDT,0.2575,0.1623,0.16553013,0.3233333333,0.3192592593,True,True,True,True,True
1,3,long,2026-04-02,PIPPINUSDT,0.06323,0.02702,0.02715881,0.3233333333,0.3271929825,True,True,True,True,True
1,3,long,2026-04-16,SIRENUSDT,1.9752,0.2674,0.26998232,0.3233333333,0.3192592593,True,True,True,True,True
1,3,long,2026-04-18,SIRENUSDT,0.7487,0.4936,0.50326265,0.3233333333,0.3192592593,True,True,True,True,True
1,3,long,2026-05-13,SIRENUSDT,1.1397,0.501,0.5031,0.3233333333,0.3192592593,True,True,True,True,True
1,3,long,2026-06-01,LABUSDT,15.6493,5.7586,5.8381015,0.3233333333,0.3148148148,True,True,True,True,True
1,3,long,2026-06-03,LABUSDT,15.3623,10.324,10.44625902,0.3233333333,0.3148148148,True,False,True,True,True
1,3,long,2026-06-04,ZECUSDT,459.59,250,252.27,0.3233333333,0.3265993266,True,True,True,True,True
1,3,long,2026-06-06,SKYAIUSDT,0.34963,0.21901,0.21907071,0.3233333333,0.3148148148,True,True,True,True,True
1,3,long,2026-06-17,BSBUSDT,0.5962,0.39288,0.39391,0.3233333333,0.3148148148,True,True,True,True,True
1,3,long,2026-06-26,SKYAIUSDT,0.37678,0.24421,0.24499,0.3233333333,0.3148148148,True,True,True,True,True
1,3,long,2026-06-27,SKYAIUSDT,0.25522,0.13001,0.13094607,0.3233333333,0.3148148148,True,True,True,True,True
1,3,short,2021-02-03,AAVEUSDT,384.168,522.9,520.6554469,0.3233333333,0.3201320132,True,True,True,True,True
1,3,short,2021-02-03,DOGEUSDT,0.03736,0.061316,0.06000238,0.3233333333,0.3247226362,True,True,True,True,True
1,3,short,2021-02-03,MKRUSDT,1765.37,2365.72,2364.964759,0.3233333333,0.3221122112,True,True,True,True,True
1,3,short,2021-02-04,MKRUSDT,2114.05,3107.02,3089.144302,0.3233333333,0.3221122112,True,True,True,True,True
1,3,short,2021-02-06,DOGEUSDT,0.057716,0.08781,0.08708865,0.3233333333,0.3247226362,True,True,True,True,True
1,3,short,2021-02-08,BNBUSDT,80.146,116.592,115.7983216,0.3233333333,0.3263750828,True,True,True,True,True
1,3,short,2021-02-09,ADAUSDT,0.70682,0.96,0.95468766,0.3233333333,0.3250825083,True,True,True,True,True
1,3,short,2021-02-09,BNBUSDT,107.249,148.9,148.5030541,0.3233333333,0.3263750828,True,True,True,True,True
1,3,short,2021-02-10,GRTUSDT,1.26189,2.1763,2.18097,0.3233333333,0.3145424837,True,True,True,True,True
1,3,short,2021-02-11,GRTUSDT,2.02496,2.86547,2.86027818,0.3233333333,0.3145424837,True,True,True,True,True
1,3,short,2021-02-16,BNBUSDT,130.334,176.92,175.9599438,0.3233333333,0.3263750828,True,True,True,True,True
1,3,short,2021-02-18,BNBUSDT,195.549,350,348.3352879,0.3233333333,0.3263750828,True,True,True,True,True
1,3,short,2021-02-19,SUSHIUSDT,14.5788,19.8258,19.8006,0.3233333333,0.3145424837,True,True,True,True,True
1,3,short,2021-02-19,UNIUSDT,20.1054,33.2375,33.11081126,0.3233333333,0.3240924092,True,True,True,True,True
1,3,short,2021-03-08,AVAXUSDT,25.63,34.85,34.82684327,0.3233333333,0.3266998342,True,True,True,True,True
1,3,short,2021-03-16,FILUSDT,63.634,96.57,96.53590453,0.3233333333,0.3253810471,True,True,True,True,True
1,3,short,2021-03-25,FILUSDT,90.905,129.265,128.7480974,0.3233333333,0.3253810471,True,True,True,True,True
1,3,short,2021-03-30,FILUSDT,149.858,198.427,197.601168,0.3233333333,0.3253810471,True,False,False,False,True
1,3,short,2021-03-30,TRXUSDT,0.06608,0.09795,0.09767028,0.3233333333,0.3235973597,True,True,True,True,True
1,3,short,2021-04-04,XRPUSDT,0.6353,0.9421,0.9408,0.3233333333,0.3266998342,True,True,True,True,True
1,3,short,2021-04-09,XRPUSDT,1.0192,1.4063,1.40075906,0.3233333333,0.3266998342,True,True,True,True,True
1,3,short,2021-04-15,BCHUSDT,864.96,1182.77,1176.057764,0.3233333333,0.3250825083,True,True,True,True,True
1,3,short,2021-04-15,CHZUSDT,0.53425,0.84,0.83978204,0.3233333333,0.3145424837,True,True,True,True,True
1,3,short,2021-04-22,STORJUSDT,1.5959,2.185,2.18418563,0.3233333333,0.3081300813,True,True,True,True,True
1,3,short,2021-04-25,XRPUSDT,1.0356,1.3766,1.37527896,0.3233333333,0.3266998342,True,True,True,True,True
1,3,short,2021-05-03,DOGEUSDT,0.441713,0.61359,0.611645,0.3233333333,0.3247226362,True,True,True,True,True
1,3,short,2021-05-03,ETCUSDT,52.114,72.477,72.383,0.3233333333,0.3250825083,True,True,True,True,True
1,3,short,2021-05-04,BCHUSDT,951.58,1479.5,1477.216285,0.3233333333,0.3250825083,True,True,True,True,True
1,3,short,2021-05-04,EOSUSDT,6.342,8.853,8.85131798,0.3233333333,,True,True,False,False,False
1,3,short,2021-05-04,ETCUSDT,69.343,99.8,99.608,0.3233333333,0.3250825083,True,True,True,True,True
1,3,short,2021-05-05,EOSUSDT,8.732,12.885,12.83433434,0.3233333333,,True,True,False,False,False
1,3,short,2021-05-05,ETCUSDT,94.289,179,178.8001585,0.3233333333,0.3250825083,True,True,True,True,True
1,3,short,2021-05-10,EOSUSDT,9.271,14.558,14.541,0.3233333333,,True,True,False,False,False
1,3,short,2021-05-12,DOGEUSDT,0.39081,0.5197,0.51918305,0.3233333333,0.3247226362,True,True,True,True,True
1,3,short,2021-05-19,ADAUSDT,1.4655,1.9453,1.9437,0.3233333333,0.3250825083,True,True,True,True,True
1,3,short,2021-05-19,CHZUSDT,0.26184,0.34958,0.34912442,0.3233333333,0.3145424837,True,True,True,True,True
1,3,short,2021-05-19,ETCUSDT,59.36,79.2,79.20461029,0.3233333333,0.3250825083,True,True,True,True,True
1,3,short,2021-05-19,FILUSDT,65.246,95.381,95.16027803,0.3233333333,0.3253810471,True,True,True,True,True
1,3,short,2021-05-19,SOLUSDT,34.952,52.216,51.77865531,0.3233333333,0.3266998342,True,True,True,True,True
1,3,short,2021-05-19,THETAUSDT,5.845,8.161,8.15583482,0.3233333333,0.3145424837,True,True,True,True,True
1,3,short,2021-05-19,VETUSDT,0.10539,0.14584,0.14573932,0.3233333333,0.3221122112,True,True,True,True,True
1,3,short,2021-05-23,BCHUSDT,551.45,758.89,758.7696529,0.3233333333,0.3250825083,True,True,True,True,True
1,3,short,2021-05-23,BNBUSDT,260.61,350.34,349.8239846,0.3233333333,0.3263750828,True,True,True,True,True
1,3,short,2021-05-23,ETCUSDT,51.499,74.91,74.75994586,0.3233333333,0.3250825083,True,True,True,True,True
1,3,short,2021-05-23,LINKUSDT,19.836,26.42,26.39230418,0.3233333333,0.3250825083,True,True,True,True,True
1,3,short,2021-05-23,UNIUSDT,16.701,25.199,25.16531915,0.3233333333,0.3240924092,True,True,True,True,True
1,3,short,2021-05-23,VETUSDT,0.08629,0.11765,0.11756,0.3233333333,0.3221122112,True,True,True,True,True
1,3,short,2021-06-28,ETCUSDT,43.33,58.88,58.67,0.3233333333,0.3250825083,True,True,True,True,True
1,3,short,2021-07-20,MATICUSDT,0.6885,0.9483,0.94412716,0.3233333333,,True,True,False,False,False
1,3,short,2021-08-09,AXSUSDT,43.56,64.88,64.74630714,0.3233333333,0.3145424837,True,True,True,True,True
1,3,short,2021-08-14,CHRUSDT,0.3374,0.48,0.48,0.3233333333,0.3081300813,True,True,True,True,True
1,3,short,2021-08-20,ALICEUSDT,13.066,18.178,18.15151617,0.3233333333,0.2984126984,True,True,True,True,True
1,3,short,2021-08-24,ALICEUSDT,16.023,23,22.96002219,0.3233333333,0.2984126984,True,True,True,True,True
1,3,short,2021-08-28,SANDUSDT,0.76099,1.048,1.04627784,0.3233333333,0.3145424837,True,True,True,True,True
1,3,short,2021-09-09,LUNAUSDT,30.62,44.176,43.96505835,0.3233333333,,True,True,False,False,False
1,3,short,2021-09-21,LUNAUSDT,25.137,33.6,33.58226292,0.3233333333,,True,True,False,False,False
1,3,short,2021-09-30,AXSUSDT,74.61,119.76,117.2449459,0.3233333333,0.3145424837,True,True,True,True,True
1,3,short,2021-10-27,DOGEUSDT,0.23804,0.341,0.33992,0.3233333333,0.3247226362,True,True,True,True,True
1,3,short,2021-11-23,MANAUSDT,4.0255,5.4916,5.4889644,0.3233333333,0.3145424837,True,True,True,True,True
1,3,short,2021-12-13,DOGEUSDT,0.1572,0.21975,0.21934101,0.3233333333,0.3247226362,True,True,True,True,True
1,3,short,2022-02-04,GALAUSDT,0.20162,0.2978,0.29594939,0.3233333333,0.3145424837,True,True,True,True,True
1,3,short,2022-04-11,1000SHIBUSDT,0.022155,0.029988,0.029934,0.3233333333,0.3247226362,True,True,True,True,True
1,3,short,2022-05-03,WAVESUSDT,11.96,15.746,15.7482692,0.3233333333,0.3056910569,False,False,True,True,True
1,3,short,2022-05-03,ZILUSDT,0.0679,0.095,0.09481601,0.3233333333,0.3145424837,True,True,True,True,True
1,3,short,2022-05-11,APEUSDT,5.725,9.052,9.02522854,0.3233333333,0.3081300813,True,True,True,True,True
1,3,short,2022-05-12,1000SHIBUSDT,0.010839,0.01437,0.0143487,0.3233333333,0.3247226362,True,True,True,False,True
1,3,short,2022-05-12,DOTUSDT,8.692,11.787,11.766,0.3233333333,0.3235973597,True,True,True,True,True
1,3,short,2022-05-12,FTMUSDT,0.2976,0.4348,0.43434929,0.3233333333,0.3221122112,True,True,True,True,True
1,3,short,2022-05-12,GMTUSDT,1.1605,1.755,1.7495,0.3233333333,0.2984126984,True,True,True,True,True
1,3,short,2022-05-12,KNCUSDT,1.298,1.89,1.88777017,0.3233333333,0.3081300813,True,True,True,True,True
1,3,short,2022-05-16,KNCUSDT,1.535,2.16,2.156,0.3233333333,0.3081300813,True,True,True,True,True
1,3,short,2022-05-29,WAVESUSDT,4.451,7.799,7.72197519,0.3233333333,0.3056910569,True,True,True,True,True
1,3,short,2022-05-30,WAVESUSDT,7.596,10.245,10.2710074,0.3233333333,0.3056910569,True,True,True,True,True
1,3,short,2022-06-18,GMTUSDT,0.6006,0.7888,0.78866607,0.3233333333,0.2984126984,False,False,True,True,True
1,3,short,2022-06-20,WAVESUSDT,4.847,7.177,7.16651063,0.3233333333,0.3056910569,True,True,True,True,True
1,3,short,2022-07-01,UNFIUSDT,4.741,6.427,6.39789346,0.3233333333,0.3008130081,True,True,True,True,True
1,3,short,2022-07-27,BELUSDT,0.7265,0.9946,1.00707173,0.3233333333,0.2575757576,True,True,True,True,True
1,3,short,2022-07-28,UNFIUSDT,6.478,13.532,13.47598338,0.3233333333,0.3008130081,True,True,True,True,True
1,3,short,2022-08-02,OPUSDT,1.6337,2.2,2.17233601,0.3233333333,0.3240924092,True,True,True,True,True
1,3,short,2022-08-10,UNFIUSDT,8.912,12.13,11.91297667,0.3233333333,0.3008130081,True,True,True,True,True
1,3,short,2022-08-13,1000SHIBUSDT,0.012629,0.01789,0.017888,0.3233333333,0.3247226362,True,True,True,True,True
1,3,short,2022-11-06,REEFUSDT,0.005022,0.006525,0.00678259,0.3233333333,0.3071895425,False,True,False,True,True
1,3,short,2022-11-09,CHZUSDT,0.15455,0.21619,0.21604,0.3233333333,0.3145424837,True,True,True,True,True
1,3,short,2022-11-09,KLAYUSDT,0.1498,0.203,0.20283667,0.3233333333,0.3056910569,True,True,True,True,True
1,3,short,2022-11-09,MATICUSDT,0.8159,1.16,1.15836329,0.3233333333,,True,True,False,False,False
1,3,short,2022-11-09,SOLUSDT,11.7,18.787,18.72741178,0.3233333333,0.3266998342,True,True,True,True,True
1,3,short,2023-01-08,APTUSDT,3.9317,5.722,5.69432799,0.3233333333,0.3185550082,True,True,True,True,True
1,3,short,2023-01-13,SOLUSDT,18.289,24.848,24.79715312,0.3233333333,0.3266998342,True,True,True,True,True
1,3,short,2023-01-19,APTUSDT,7.8696,11.5,11.23722194,0.3233333333,0.3185550082,True,True,True,True,True
1,3,short,2023-01-19,DYDXUSDT,1.315,1.748,1.746,0.3233333333,0.3145424837,True,True,True,True,True
1,3,short,2023-01-20,OCEANUSDT,0.2835,0.37196,0.36889695,0.3233333333,0.3032520325,False,False,True,False,True
1,3,short,2023-01-21,AXSUSDT,8.944,12.603,12.59170684,0.3233333333,0.3145424837,True,True,True,True,True
1,3,short,2023-01-24,APTUSDT,12.3168,19,18.79713949,0.3233333333,0.3185550082,True,True,True,True,True
1,3,short,2023-01-24,DYDXUSDT,1.54,2.143,2.139,0.3233333333,0.3145424837,True,True,True,True,True
1,3,short,2023-01-30,DYDXUSDT,2.5,3.58,3.48904917,0.3233333333,0.3145424837,True,True,True,True,True
1,3,short,2023-01-30,MASKUSDT,3.434,4.5,4.50206764,0.3233333333,0.2984126984,False,False,True,True,True
1,3,short,2023-04-02,DOGEUSDT,0.079,0.10523,0.10466827,0.3233333333,0.3247226362,True,True,True,True,True
1,3,short,2023-05-27,LINAUSDT,0.01236,0.0165,0.01609353,0.3233333333,0.3008130081,True,False,True,True,True
1,3,short,2023-05-28,LINAUSDT,0.01501,0.02,0.01973087,0.3233333333,0.3008130081,True,False,True,True,True
1,3,short,2023-05-29,LINAUSDT,0.01774,0.02598,0.02593752,0.3233333333,0.3008130081,True,True,True,True,True
1,3,short,2023-06-11,LINAUSDT,0.01228,0.01876,0.0183922,0.3233333333,0.3008130081,True,True,True,True,True
1,3,short,2023-07-12,XRPUSDT,0.4707,0.965,0.92996812,0.3233333333,0.3266998342,True,True,True,True,True
1,3,short,2023-09-02,UNFIUSDT,7.489,9.8,9.80014567,0.3233333333,0.3008130081,False,False,True,True,True
1,3,short,2023-10-14,TRBUSDT,51.707,81,78.10281692,0.3233333333,0.3081300813,True,True,True,True,True
1,3,short,2023-10-22,1000PEPEUSDT,0.0007473,0.001025,0.00102267,0.3233333333,0.3247226362,True,True,True,True,True
1,3,short,2023-10-22,BLZUSDT,0.18422,0.25427,0.25290838,0.3233333333,0.3008130081,True,True,True,True,True
1,3,short,2023-10-22,TRBUSDT,70.343,98,97.10150617,0.3233333333,0.3081300813,True,True,True,True,True
1,3,short,2023-10-23,UNFIUSDT,6.631,9.45,9.444,0.3233333333,0.3008130081,True,True,True,True,True
1,3,short,2023-10-24,1000PEPEUSDT,0.0009254,0.0012446,0.00124099,0.3233333333,0.3247226362,True,True,True,True,True
1,3,short,2023-10-24,CYBERUSDT,4.773,6.566,6.51812149,0.3233333333,0.3081300813,True,True,True,True,True
1,3,short,2023-10-24,TRBUSDT,90.499,119.6,118.9561813,0.3233333333,0.3081300813,False,False,True,True,True
1,3,short,2023-11-03,ARKUSDT,1.1377,1.659,1.65059474,0.3233333333,0.296031746,True,True,True,True,True
1,3,short,2023-11-07,STORJUSDT,0.4565,0.7292,0.72171369,0.3233333333,0.3081300813,True,True,True,True,True
1,3,short,2023-11-12,BNTUSDT,1.4689,1.95,1.95125295,0.3233333333,0.2984126984,True,True,True,True,True
1,3,short,2023-11-12,WLDUSDT,1.9492,2.6204,2.60061881,0.3233333333,0.3201320132,True,True,True,True,True
1,3,short,2023-12-15,WLDUSDT,2.4668,4.6126,4.56946584,0.3233333333,0.3201320132,True,True,True,True,True
1,3,short,2023-12-19,TRBUSDT,138.001,185.8,181.197,0.3233333333,0.3081300813,True,False,True,True,True
1,3,short,2023-12-30,TRBUSDT,259.89,555,571.9942833,0.3233333333,0.3081300813,True,True,True,True,True
1,3,short,2024-01-03,TIAUSDT,12.1895,16.794,16.732,0.3233333333,0.3185550082,True,True,True,True,True
1,3,short,2024-01-07,BIGTIMEUSDT,0.3292,0.4607,0.45952546,0.3233333333,0.2984126984,True,True,True,True,True
1,3,short,2024-01-16,TRBUSDT,126.886,167,166.4156164,0.3233333333,0.3081300813,False,False,True,True,True
1,3,short,2024-02-28,PEOPLEUSDT,0.03216,0.05529,0.05519461,0.3233333333,0.2984126984,True,True,True,True,True
1,3,short,2024-03-02,1000PEPEUSDT,0.0043776,0.0060363,0.00600695,0.3233333333,0.3247226362,True,True,True,True,True
1,3,short,2024-03-03,1000PEPEUSDT,0.0059277,0.0083233,0.00826739,0.3233333333,0.3247226362,True,True,True,True,True
1,3,short,2024-03-03,CKBUSDT,0.015206,0.02246,0.022422,0.3233333333,0.3081300813,True,True,True,True,True
1,3,short,2024-03-07,1000PEPEUSDT,0.006815,0.0095621,0.00953553,0.3233333333,0.3247226362,True,True,True,True,True
1,3,short,2024-03-08,WLDUSDT,7.5386,11.915,11.83581714,0.3233333333,0.3201320132,True,True,True,True,True
1,3,short,2024-04-13,WIFUSDT,2.3276,3.1,3.0971,0.3233333333,0.3145424837,True,True,True,True,True
1,3,short,2024-06-01,PEOPLEUSDT,0.11024,0.14416,0.1392174,0.3233333333,0.2984126984,False,False,True,False,True
1,3,short,2024-06-20,TRBUSDT,93.146,122,121.0375244,0.3233333333,0.3081300813,False,False,True,False,True
1,3,short,2024-07-05,BBUSDT,0.3167,0.4146,0.41430634,0.3233333333,0.3081300813,False,False,True,True,True
1,3,short,2024-07-05,HIGHUSDT,1.2818,1.612,1.61027457,0.3233333333,0.2575757576,False,False,True,False,True
1,3,short,2024-07-05,NOTUSDT,0.010166,0.01327,0.01326868,0.3233333333,0.2984126984,False,False,True,True,True
1,3,short,2024-07-05,PEOPLEUSDT,0.04683,0.06162,0.06153245,0.3233333333,0.2984126984,False,False,True,True,True
1,3,short,2024-07-25,1000RATSUSDT,0.10221,0.13392,0.13378,0.3233333333,0.296031746,False,False,True,True,True
1,3,short,2024-08-05,MEWUSDT,0.004115,0.006058,0.00604705,0.3233333333,0.3081300813,True,True,True,True,True
1,3,short,2024-08-05,NOTUSDT,0.009553,0.012716,0.01271,0.3233333333,0.2984126984,True,True,True,True,True
1,3,short,2024-10-13,REEFUSDT,0.007025,0.010492,0.010477,0.3233333333,0.3071895425,True,True,True,True,True
1,3,short,2024-10-17,REEFUSDT,0.001908,0.002899,0.002885,0.3233333333,0.3071895425,True,True,True,True,True
1,3,short,2024-11-05,NEIROETHUSDT,0.07552,0.10691,0.10643692,0.3233333333,0.2121212121,True,True,True,True,True
1,3,short,2024-11-05,NEIROUSDT,0.0013502,0.0021256,0.00212336,0.3233333333,0.2984126984,True,True,True,True,True
1,3,short,2024-11-05,POPCATUSDT,1.2672,1.6696,1.666,0.3233333333,0.2984126984,False,False,True,True,True
1,3,short,2024-11-09,DOGEUSDT,0.219,0.298,0.29789,0.3233333333,0.3247226362,True,True,True,True,True
1,3,short,2024-11-12,1000PEPEUSDT,0.0141371,0.0224698,0.02242399,0.3233333333,0.3247226362,True,True,True,True,True
1,3,short,2024-11-12,WIFUSDT,3.2497,4.8524,4.79382986,0.3233333333,0.3145424837,True,True,True,True,True
1,3,short,2024-11-15,XRPUSDT,0.8924,1.27,1.26482818,0.3233333333,0.3266998342,True,True,True,True,True
1,3,short,2024-11-18,NEIROETHUSDT,0.0936,0.12273,0.1222,0.3233333333,0.2121212121,False,False,True,True,True
1,3,short,2024-11-22,TIAUSDT,5.7118,7.6517,7.6266,0.3233333333,0.3185550082,True,True,True,True,True
1,3,short,2024-12-01,MOODENGUSDT,0.35209,0.64349,0.64023035,0.3233333333,0.3081300813,True,True,True,True,True
1,3,short,2024-12-03,SANDUSDT,0.77336,1.06868,1.06744,0.3233333333,0.3145424837,True,True,True,True,True
1,3,short,2025-02-06,FARTCOINUSDT,0.4236,0.5845,0.58173033,0.3233333333,0.3145424837,True,True,True,True,True
1,3,short,2025-02-07,FARTCOINUSDT,0.4212,0.5686,0.5654449,0.3233333333,0.3145424837,True,True,True,True,True
1,3,short,2025-02-09,AIXBTUSDT,0.22766,0.3167,0.31641443,0.3233333333,0.2984126984,True,True,True,True,True
1,3,short,2025-02-09,FARTCOINUSDT,0.4846,0.6841,0.6823,0.3233333333,0.3145424837,True,True,True,True,True
1,3,short,2025-02-13,PNUTUSDT,0.14781,0.2039,0.20345231,0.3233333333,0.2984126984,True,True,True,True,True
1,3,short,2025-02-13,WIFUSDT,0.5899,0.7979,0.79700433,0.3233333333,0.3145424837,True,True,True,True,True
1,3,short,2025-02-21,PNUTUSDT,0.14449,0.25,0.24921,0.3233333333,0.2984126984,True,True,True,True,True
1,3,short,2025-02-27,PNUTUSDT,0.18579,0.30947,0.30840096,0.3233333333,0.2984126984,True,True,True,True,True
1,3,short,2025-03-01,ADAUSDT,0.6589,1.1508,1.143,0.3233333333,0.3250825083,True,True,True,True,True
1,3,short,2025-03-01,FARTCOINUSDT,0.2516,0.3628,0.36106873,0.3233333333,0.3145424837,True,True,True,True,True
1,3,short,2025-03-01,TRUMPUSDT,13.161,17.747,17.725,0.3233333333,0.316091954,True,True,True,True,True
1,3,short,2025-03-01,XRPUSDT,2.1904,3.0065,2.9981,0.3233333333,0.3266998342,True,True,True,True,True
1,3,short,2025-03-06,BNXUSDT,0.728,1.092,1.0899,0.3233333333,0.2698412698,True,True,True,True,True
1,3,short,2025-03-10,BNXUSDT,0.9792,1.29,1.27574841,0.3233333333,0.2698412698,False,False,True,True,True
1,3,short,2025-03-13,BNXUSDT,0.8364,1.0788,1.07919322,0.3233333333,0.2698412698,False,False,True,True,True
1,3,short,2025-03-15,ARCUSDT,0.04866,0.072,0.07159498,0.3233333333,0.2621212121,True,True,True,True,True
1,3,short,2025-03-15,BNXUSDT,1.1148,1.59,1.5514,0.3233333333,0.2698412698,True,True,True,True,True
1,3,short,2025-03-16,BNXUSDT,1.4285,2,1.97428117,0.3233333333,0.2698412698,True,True,True,True,True
1,3,short,2025-03-18,ARCUSDT,0.04073,0.05149,0.05125,0.3233333333,0.2621212121,False,False,True,False,True
1,3,short,2025-03-18,FARTCOINUSDT,0.2953,0.4159,0.41485763,0.3233333333,0.3145424837,True,True,True,True,True
1,3,short,2025-03-23,ARCUSDT,0.05291,0.08364,0.08357373,0.3233333333,0.2621212121,True,True,True,True,True
1,3,short,2025-04-02,RAREUSDT,0.05356,0.07418,0.07474427,0.3233333333,0.2984126984,True,True,True,True,True
1,3,short,2025-04-08,FARTCOINUSDT,0.5105,0.7864,0.78334957,0.3233333333,0.3145424837,True,True,True,True,True
1,3,short,2025-04-22,TRUMPUSDT,9.222,16.092,16.05345245,0.3233333333,0.316091954,True,True,True,True,True
1,3,short,2025-05-07,1000PEPEUSDT,0.0082465,0.0117921,0.0117698,0.3233333333,0.3247226362,True,True,True,True,True
1,3,short,2025-05-09,OMUSDT,0.38313,0.51748,0.51597024,0.3233333333,0.2736507937,True,True,True,True,True
1,3,short,2025-05-20,OMUSDT,0.38582,0.49562,0.494,0.3233333333,0.2736507937,False,False,True,True,True
1,3,short,2025-05-23,VOXELUSDT,0.06378,0.08154,0.08136558,0.3233333333,0.2575757576,False,False,True,True,True
1,3,short,2025-07-02,FUNUSDT,0.009986,0.012824,0.01277275,0.3233333333,0.2817460317,False,False,True,False,True
1,3,short,2025-07-03,FUNUSDT,0.011215,0.01518,0.01506685,0.3233333333,0.2817460317,True,True,True,True,True
1,3,short,2025-07-10,FUNUSDT,0.013478,0.017872,0.01791154,0.3233333333,0.2817460317,True,True,True,True,True
1,3,short,2025-07-13,FUNUSDT,0.017928,0.023834,0.02373847,0.3233333333,0.2817460317,True,True,True,True,True
1,3,short,2025-07-24,ENAUSDT,0.4715,0.6248,0.62449973,0.3233333333,0.3201320132,True,True,True,True,True
1,3,short,2025-08-03,SPKUSDT,0.09242,0.13347,0.13310023,0.3233333333,0.3081300813,True,True,True,True,True
1,3,short,2025-09-06,MYXUSDT,1.3076,3.73,3.69342559,0.3233333333,0.2575757576,True,True,True,True,True
1,3,short,2025-09-07,MYXUSDT,3.488,14.489,14.42172403,0.3233333333,0.2575757576,True,True,True,True,True
1,3,short,2025-09-08,MYXUSDT,13.8888,18.58,18.37882112,0.3233333333,0.2575757576,True,False,True,True,True
1,3,short,2025-09-11,MYXUSDT,13.272,17.944,17.917,0.3233333333,0.2575757576,True,True,True,True,True
1,3,short,2025-09-16,MYXUSDT,11.482,18.084,17.98259602,0.3233333333,0.2575757576,True,True,True,True,True
1,3,short,2025-09-24,MYXUSDT,8.932,12.469,12.42318948,0.3233333333,0.2575757576,True,True,True,True,True
1,3,short,2025-09-26,MYXUSDT,10.354,15.5,15.289,0.3233333333,0.2575757576,True,True,True,True,True
1,3,short,2025-10-03,SOMIUSDT,0.8294,1.0825,1.0357,0.3233333333,0.2984126984,False,False,True,False,True
1,3,short,2025-10-05,MYXUSDT,4.57,7.6,7.59723147,0.3233333333,0.2575757576,True,True,True,True,True
1,3,short,2025-10-10,MYXUSDT,2.653,4.347,4.3417946,0.3233333333,0.2575757576,True,True,True,True,True
1,3,short,2025-11-01,ASTERUSDT,0.9658,1.2827,1.2812,0.3233333333,0.3201320132,True,True,True,True,True
1,3,short,2025-11-02,COAIUSDT,1.3,2.378,2.17167364,0.3233333333,0.2575757576,True,True,True,True,True
1,3,short,2025-11-03,COAIUSDT,1.011,1.291,1.29,0.3233333333,0.2575757576,False,False,True,True,True
1,3,short,2025-11-04,XPLUSDT,0.2474,0.3283,0.32792593,0.3233333333,0.3145424837,True,True,True,True,True
1,3,short,2025-11-05,COAIUSDT,0.96,1.546,1.53690376,0.3233333333,0.2575757576,True,True,True,True,True
1,3,short,2025-11-06,XPLUSDT,0.255,0.3514,0.35117722,0.3233333333,0.3145424837,True,True,True,True,True
1,3,short,2025-11-06,ZECUSDT,534.87,775,754.01,0.3233333333,0.3201320132,True,True,True,True,True
1,3,short,2025-11-24,COAIUSDT,0.5308,0.6924,0.69104857,0.3233333333,0.2575757576,False,False,True,True,True
1,3,short,2025-11-28,COAIUSDT,0.5379,0.6875,0.68642418,0.3233333333,0.2575757576,False,False,True,True,True
1,3,short,2026-01-07,PIPPINUSDT,0.27924,0.39365,0.39170657,0.3233333333,0.296031746,True,True,True,True,True
1,3,short,2026-01-13,BEATUSDT,0.41,0.5283,0.52666006,0.3233333333,0.2575757576,False,False,True,True,True
1,3,short,2026-01-20,PIPPINUSDT,0.28027,0.40408,0.4029869,0.3233333333,0.296031746,True,True,True,True,True
1,3,short,2026-01-26,PIPPINUSDT,0.29655,0.4588,0.45848112,0.3233333333,0.296031746,True,True,True,True,True
1,3,short,2026-02-01,RIVERUSDT,15.669,24.795,24.633,0.3233333333,0.2984126984,True,True,True,True,True
1,3,short,2026-02-03,RIVERUSDT,12.693,17.489,17.4151286,0.3233333333,0.2984126984,True,True,True,True,True
1,3,short,2026-02-05,PIPPINUSDT,0.16232,0.22,0.21916,0.3233333333,0.296031746,True,True,True,True,True
1,3,short,2026-02-07,PIPPINUSDT,0.18982,0.29837,0.29663761,0.3233333333,0.296031746,True,True,True,True,True
1,3,short,2026-02-09,PIPPINUSDT,0.27179,0.414,0.41131012,0.3233333333,0.296031746,True,True,True,True,True
1,3,short,2026-02-09,RIVERUSDT,13.171,20.106,20.021,0.3233333333,0.2984126984,True,True,True,True,True
1,3,short,2026-02-10,PIPPINUSDT,0.3892,0.53213,0.52434197,0.3233333333,0.296031746,True,True,True,True,True
1,3,short,2026-02-11,RIVERUSDT,15.642,24.079,23.99159597,0.3233333333,0.2984126984,True,True,True,True,True
1,3,short,2026-02-13,1000PEPEUSDT,0.0037746,0.0050048,0.00500531,0.3233333333,0.3247226362,True,True,True,True,True
1,3,short,2026-02-21,PIPPINUSDT,0.48996,0.65175,0.64348817,0.3233333333,0.296031746,True,False,True,True,True
1,3,short,2026-03-01,POWERUSDT,1.72802,2.5777,2.58454611,0.3233333333,0.2689393939,True,True,True,True,True
1,3,short,2026-03-02,RIVERUSDT,14.965,19.865,19.73,0.3233333333,0.2984126984,True,False,True,True,True
1,3,short,2026-03-11,RIVERUSDT,14.564,19.469,19.07235936,0.3233333333,0.2984126984,True,False,True,True,True
1,3,short,2026-03-12,BULLAUSDT,0.00842,0.01168,0.01161833,0.3233333333,0.2575757576,True,True,True,True,True
1,3,short,2026-03-18,PIPPINUSDT,0.09455,0.12487,0.12481324,0.3233333333,0.296031746,False,False,True,True,True
1,3,short,2026-03-20,POWERUSDT,0.09721,0.125,0.12298825,0.3233333333,0.2689393939,False,False,True,False,True
1,3,short,2026-03-21,RIVERUSDT,25.281,33.209,32.92177952,0.3233333333,0.2984126984,False,False,True,True,True
1,3,short,2026-03-30,BULLAUSDT,0.00493,0.00684,0.00682646,0.3233333333,0.2575757576,True,True,True,True,True
1,3,short,2026-03-31,PIPPINUSDT,0.04844,0.0777,0.07737184,0.3233333333,0.296031746,True,True,True,True,True
1,3,short,2026-04-03,PIPPINUSDT,0.02852,0.04473,0.04449,0.3233333333,0.296031746,True,True,True,True,True
1,3,short,2026-04-03,SIRENUSDT,0.13694,0.77763,0.77277464,0.3233333333,0.2612121212,True,True,True,True,True
1,3,short,2026-04-04,SIRENUSDT,0.50477,0.64466,0.64384,0.3233333333,0.2612121212,False,False,True,True,True
1,3,short,2026-04-08,SIRENUSDT,0.56042,0.84372,0.83619,0.3233333333,0.2612121212,True,True,True,True,True
1,3,short,2026-04-10,SIRENUSDT,0.68565,0.97543,0.97478,0.3233333333,0.2612121212,True,True,True,True,True
1,3,short,2026-04-15,PIPPINUSDT,0.02575,0.04372,0.04363,0.3233333333,0.296031746,True,True,True,True,True
1,3,short,2026-04-15,SIRENUSDT,0.7852,1.9848,1.9834,0.3233333333,0.2612121212,True,True,True,True,True
1,3,short,2026-04-17,SIRENUSDT,0.6799,0.9,0.8957,0.3233333333,0.2612121212,True,False,True,True,True
1,3,short,2026-05-01,ORDIUSDT,4.468,6.447,6.43278025,0.3233333333,0.3145424837,True,True,True,True,True
1,3,short,2026-05-03,RAVEUSDT,0.6244,1.0797,1.074,0.3233333333,0.2621212121,True,True,True,True,True
1,3,short,2026-05-04,ZECUSDT,422.47,563,544.5451571,0.3233333333,0.3201320132,True,False,True,False,True
1,3,short,2026-05-06,SIRENUSDT,0.818,1.2144,1.20994078,0.3233333333,0.2612121212,True,True,True,True,True
1,3,short,2026-05-07,SIRENUSDT,0.9466,1.2965,1.29388314,0.3233333333,0.2612121212,True,True,True,True,True
1,3,short,2026-05-08,RAVEUSDT,0.7313,0.944,0.94188557,0.3233333333,0.2621212121,False,False,True,True,True
1,3,short,2026-05-09,SUIUSDT,1.0698,1.414,1.41236277,0.3233333333,0.3201320132,False,False,True,True,True
1,3,short,2026-05-29,ARIAUSDT,0.0371,0.0461,0.047624,0.3233333333,0.2393939394,False,False,True,True,True
1,3,short,2026-06-01,LABUSDT,15.6493,24.3998,24.33808,0.3233333333,0.2575757576,True,True,True,True,True
1,3,short,2026-06-01,SKYAIUSDT,0.19957,0.31999,0.31944775,0.3233333333,0.2575757576,True,True,True,True,True
1,3,short,2026-06-02,SKYAIUSDT,0.15236,0.21455,0.21451,0.3233333333,0.2575757576,True,True,True,True,True
1,3,short,2026-06-02,WLDUSDT,0.3822,0.567,0.56067996,0.3233333333,0.3201320132,True,True,True,True,True
1,3,short,2026-06-05,LABUSDT,9.692,15.699,15.55226881,0.3233333333,0.2575757576,True,True,True,True,True
1,3,short,2026-06-05,SKYAIUSDT,0.1858,0.36796,0.36628,0.3233333333,0.2575757576,True,True,True,True,True
1,3,short,2026-06-06,BSBUSDT,0.22777,0.40996,0.40601008,0.3233333333,0.2575757576,True,True,True,True,True
1,3,short,2026-06-07,SKYAIUSDT,0.22476,0.2956,0.29462649,0.3233333333,0.2575757576,False,False,True,True,True
1,3,short,2026-06-10,LABUSDT,7.825,10.129,10.024,0.3233333333,0.2575757576,False,False,True,True,True
1,3,short,2026-06-10,SKYAIUSDT,0.17242,0.26305,0.26262835,0.3233333333,0.2575757576,True,True,True,True,True
1,3,short,2026-06-11,SKYAIUSDT,0.25875,0.3257,0.32474187,0.3233333333,0.2575757576,False,False,True,False,True
1,3,short,2026-06-13,LABUSDT,9.449,12.034,11.9960251,0.3233333333,0.2575757576,False,False,True,True,True
1,3,short,2026-06-14,BSBUSDT,0.27146,0.4222,0.42027249,0.3233333333,0.2575757576,True,True,True,True,True
1,3,short,2026-06-15,BSBUSDT,0.36222,0.59734,0.59556797,0.3233333333,0.2575757576,True,True,True,True,True
1,3,short,2026-06-15,LABUSDT,9.565,14.086,14.053,0.3233333333,0.2575757576,True,True,True,True,True
1,3,short,2026-06-15,SKYAIUSDT,0.35616,0.4562,0.45530638,0.3233333333,0.2575757576,False,False,True,True,True
1,3,short,2026-06-16,BSBUSDT,0.53651,0.68471,0.67164873,0.3233333333,0.2575757576,False,False,True,False,True
1,3,short,2026-06-17,LABUSDT,13.121,18,17.943,0.3233333333,0.2575757576,True,True,True,True,True
1,3,short,2026-06-18,BSBUSDT,0.39683,0.57891,0.57375823,0.3233333333,0.2575757576,True,True,True,True,True
1,3,short,2026-06-23,LABUSDT,14.544,19.195,19.31371161,0.3233333333,0.2575757576,False,True,True,True,True
1,3,short,2026-06-25,SKYAIUSDT,0.28921,0.37795,0.37726505,0.3233333333,0.2575757576,False,False,True,True,True
7,2,long,2021-04-14,SUSHIUSDT,17.5271,8.2916,9.8314,0.49,0.4974489796,True,False,True,False,True
7,2,long,2021-04-15,SUSHIUSDT,17.5893,8.2916,9.8314,0.49,0.4974489796,True,False,True,False,True
7,2,long,2021-04-16,CHZUSDT,0.76977,0.31033,0.31499221,0.49,0.4974489796,True,True,True,True,True
7,2,long,2021-04-16,SUSHIUSDT,16.283,8.2916,9.8314,0.49,0.4974489796,True,False,False,False,True
7,2,long,2021-04-17,CHZUSDT,0.61931,0.31033,0.31499221,0.49,0.4974489796,True,True,True,False,True
7,2,long,2021-05-07,DOGEUSDT,0.691522,0.348553,0.35276542,0.49,0.4967287368,True,False,False,False,True
7,2,long,2021-05-12,BCHUSDT,1237.06,341.87,470.4985,0.49,0.5,True,True,True,True,True
7,2,long,2021-05-12,BNBUSDT,594.1,250,271.6639651,0.49,0.4979879276,True,True,True,True,True
7,2,long,2021-05-12,CHZUSDT,0.401,0.12694,0.14471602,0.49,0.4974489796,True,True,True,True,True
7,2,long,2021-05-12,DOGEUSDT,0.39081,0.1958,0.21159206,0.49,0.4967287368,True,False,True,False,True
7,2,long,2021-05-12,DOTUSDT,35.072,15.376,16.551,0.49,0.4984848485,True,True,True,True,True
7,2,long,2021-05-12,EOSUSDT,10.377,3.992,4.1438217,0.49,,True,True,False,False,False
7,2,long,2021-05-12,ETCUSDT,85.062,34,39.31696208,0.49,0.5,True,True,True,True,True
7,2,long,2021-05-12,ETHUSDT,3828.99,1400.73,1764.258181,0.49,0.4979919679,True,True,True,True,True
7,2,long,2021-05-12,FILUSDT,127.074,44.389,52.578,0.49,0.4969818913,True,True,True,True,True
7,2,long,2021-05-12,LINKUSDT,41.609,19.541,20.57285642,0.49,0.5,True,True,True,True,True
7,2,long,2021-05-12,LTCUSDT,311.54,129.6,145.407043,0.49,0.5,True,True,True,True,True
7,2,long,2021-05-12,THETAUSDT,9.159,3.161,3.63183784,0.49,0.4974489796,True,True,True,True,True
7,2,long,2021-05-12,TRXUSDT,0.11891,0.04719,0.06014879,0.49,0.4984848485,True,True,True,False,True
7,2,long,2021-05-12,UNIUSDT,36.976,14.501,15.96760454,0.49,0.498989899,True,True,True,True,True
7,2,long,2021-05-12,VETUSDT,0.1664,0.05376,0.06284146,0.49,0.496969697,True,True,True,True,True
7,2,long,2021-05-12,XLMUSDT,0.59519,0.214,0.22,0.49,0.4974619289,True,True,True,True,True
7,2,long,2021-05-13,BCHUSDT,1256.93,341.87,470.4985,0.49,0.5,True,True,True,True,True
7,2,long,2021-05-13,BNBUSDT,571.21,250,271.6639651,0.49,0.4979879276,True,True,True,True,True
7,2,long,2021-05-13,CHZUSDT,0.42825,0.12694,0.14471602,0.49,0.4974489796,True,True,True,True,True
7,2,long,2021-05-13,DOGEUSDT,0.48959,0.1958,0.21159206,0.49,0.4967287368,True,True,True,True,True
7,2,long,2021-05-13,DOTUSDT,40.027,15.376,16.551,0.49,0.4984848485,True,True,True,True,True
7,2,long,2021-05-13,EOSUSDT,10.615,3.992,4.1438217,0.49,,True,True,False,False,False
7,2,long,2021-05-13,ETCUSDT,88.396,34,39.31696208,0.49,0.5,True,True,True,True,True
7,2,long,2021-05-13,ETHUSDT,3719.45,1400.73,1764.258181,0.49,0.4979919679,True,True,True,True,True
7,2,long,2021-05-13,FILUSDT,117.847,44.389,52.578,0.49,0.4969818913,True,True,True,True,True
7,2,long,2021-05-13,LINKUSDT,43.309,19.541,20.57285642,0.49,0.5,True,True,True,True,True
7,2,long,2021-05-13,LTCUSDT,318.04,129.6,145.407043,0.49,0.5,True,True,True,True,True
7,2,long,2021-05-13,THETAUSDT,9.776,3.161,3.63183784,0.49,0.4974489796,True,True,True,True,True
7,2,long,2021-05-13,TRXUSDT,0.12156,0.04719,0.06014879,0.49,0.4984848485,True,True,True,True,True
7,2,long,2021-05-13,UNIUSDT,37.372,14.501,15.96760454,0.49,0.498989899,True,True,True,True,True
7,2,long,2021-05-13,VETUSDT,0.18243,0.05376,0.06284146,0.49,0.496969697,True,True,True,True,True
7,2,long,2021-05-13,XLMUSDT,0.65434,0.214,0.22,0.49,0.4974619289,True,True,True,True,True
7,2,long,2021-05-14,ADAUSDT,2.0101,1,1.01530596,0.49,0.5,True,True,True,False,True
7,2,long,2021-05-14,BCHUSDT,1296.68,341.87,470.4985,0.49,0.5,True,True,True,True,True
7,2,long,2021-05-14,BNBUSDT,603.47,250,271.6639651,0.49,0.4979879276,True,True,True,True,True
7,2,long,2021-05-14,CHZUSDT,0.43607,0.12694,0.14471602,0.49,0.4974489796,True,True,True,True,True
7,2,long,2021-05-14,DOGEUSDT,0.55993,0.1958,0.21159206,0.49,0.4967287368,True,True,True,True,True
7,2,long,2021-05-14,DOTUSDT,48.063,15.376,16.551,0.49,0.4984848485,True,True,True,True,True
7,2,long,2021-05-14,EOSUSDT,11.161,3.992,4.1438217,0.49,,True,True,False,False,False
7,2,long,2021-05-14,ETCUSDT,103.345,34,39.31696208,0.49,0.5,True,True,True,True,True
7,2,long,2021-05-14,ETHUSDT,4079.99,1400.73,1764.258181,0.49,0.4979919679,True,True,True,True,True
7,2,long,2021-05-14,FILUSDT,120.711,44.389,52.578,0.49,0.4969818913,True,True,True,True,True
7,2,long,2021-05-14,LINKUSDT,46.619,19.541,20.57285642,0.49,0.5,True,True,True,True,True
7,2,long,2021-05-14,LTCUSDT,326.53,129.6,145.407043,0.49,0.5,True,True,True,True,True
7,2,long,2021-05-14,THETAUSDT,10.006,3.161,3.63183784,0.49,0.4974489796,True,True,True,True,True
7,2,long,2021-05-14,TRXUSDT,0.12476,0.04719,0.06014879,0.49,0.4984848485,True,True,True,True,True
7,2,long,2021-05-14,UNIUSDT,40.454,14.501,15.96760454,0.49,0.498989899,True,True,True,True,True
7,2,long,2021-05-14,VETUSDT,0.1866,0.05376,0.06284146,0.49,0.496969697,True,True,True,True,True
7,2,long,2021-05-14,XLMUSDT,0.66877,0.214,0.22,0.49,0.4974619289,True,True,True,True,True
7,2,long,2021-05-15,ADAUSDT,2.1756,1,1.01530596,0.49,0.5,True,True,True,True,True
7,2,long,2021-05-15,BCHUSDT,1171.42,341.87,470.4985,0.49,0.5,True,True,True,True,True
7,2,long,2021-05-15,BNBUSDT,563.85,250,271.6639651,0.49,0.4979879276,True,True,True,True,True
7,2,long,2021-05-15,CHZUSDT,0.43303,0.12694,0.14471602,0.49,0.4974489796,True,True,True,True,True
7,2,long,2021-05-15,DOGEUSDT,0.50849,0.1958,0.21159206,0.49,0.4967287368,True,True,True,True,True
7,2,long,2021-05-15,DOTUSDT,43.66,15.376,16.551,0.49,0.4984848485,True,True,True,True,True
7,2,long,2021-05-15,EOSUSDT,10.236,3.992,4.1438217,0.49,,True,True,False,False,False
7,2,long,2021-05-15,ETCUSDT,95.149,34,39.31696208,0.49,0.5,True,True,True,True,True
7,2,long,2021-05-15,ETHUSDT,3648.98,1400.73,1764.258181,0.49,0.4979919679,True,True,True,True,True
7,2,long,2021-05-15,FILUSDT,110.539,44.389,52.578,0.49,0.4969818913,True,True,True,True,True
7,2,long,2021-05-15,LINKUSDT,41.53,19.541,20.57285642,0.49,0.5,True,True,True,True,True
7,2,long,2021-05-15,LTCUSDT,300.42,129.6,145.407043,0.49,0.5,True,True,True,True,True
7,2,long,2021-05-15,THETAUSDT,9.352,3.161,3.63183784,0.49,0.4974489796,True,True,True,True,True
7,2,long,2021-05-15,TRXUSDT,0.1207,0.04719,0.06014879,0.49,0.4984848485,True,True,True,True,True
7,2,long,2021-05-15,UNIUSDT,36.644,14.501,15.96760454,0.49,0.498989899,True,True,True,True,True
7,2,long,2021-05-15,VETUSDT,0.17275,0.05376,0.06284146,0.49,0.496969697,True,True,True,True,True
7,2,long,2021-05-15,XLMUSDT,0.68166,0.214,0.22,0.49,0.4974619289,True,True,True,True,True
7,2,long,2021-05-16,ADAUSDT,2.301,1,1.01530596,0.49,0.5,True,True,True,True,True
7,2,long,2021-05-16,BCHUSDT,1166.99,341.87,467.9182408,0.49,0.5,True,True,True,True,True
7,2,long,2021-05-16,BNBUSDT,564.41,211.14,211.9734264,0.49,0.4979879276,True,True,True,True,True
7,2,long,2021-05-16,CHZUSDT,0.43653,0.12694,0.14471602,0.49,0.4974489796,True,True,True,True,True
7,2,long,2021-05-16,DOGEUSDT,0.51351,0.1958,0.21159206,0.49,0.4967287368,True,True,True,True,True
7,2,long,2021-05-16,DOTUSDT,42.461,13.611,13.646,0.49,0.4984848485,True,True,True,True,True
7,2,long,2021-05-16,EOSUSDT,10.113,3.566,3.577,0.49,,True,True,False,False,False
7,2,long,2021-05-16,ETCUSDT,93.749,34,39.31696208,0.49,0.5,True,True,True,True,True
7,2,long,2021-05-16,ETHUSDT,3581.39,1400.73,1730.225175,0.49,0.4979919679,True,True,True,True,True
7,2,long,2021-05-16,FILUSDT,107.844,44.389,52.578,0.49,0.4969818913,True,True,True,True,True
7,2,long,2021-05-16,LINKUSDT,40.696,14.98,15.01376267,0.49,0.5,True,True,True,True,True
7,2,long,2021-05-16,LTCUSDT,295.87,118,118.15,0.49,0.5,True,True,True,True,True
7,2,long,2021-05-16,SOLUSDT,46.866,19.127,19.168,0.49,0.4974874372,True,True,True,True,True
7,2,long,2021-05-16,THETAUSDT,9.435,3.161,3.63183784,0.49,0.4974489796,True,True,True,True,True
7,2,long,2021-05-16,TRXUSDT,0.11965,0.04719,0.05545296,0.49,0.4984848485,True,True,True,True,True
7,2,long,2021-05-16,UNIUSDT,36.629,12.921,12.96080441,0.49,0.498989899,True,True,True,True,True
7,2,long,2021-05-16,VETUSDT,0.17643,0.05376,0.06284146,0.49,0.496969697,True,True,True,True,True
7,2,long,2021-05-16,XLMUSDT,0.71076,0.214,0.22,0.49,0.4974619289,True,True,True,True,True
7,2,long,2021-05-16,XRPUSDT,1.4503,0.65,0.6504,0.49,0.4974874372,True,True,True,True,True
7,2,long,2021-05-17,ADAUSDT,2.0316,1,1.01530596,0.49,0.5,True,True,True,True,True
7,2,long,2021-05-17,BCHUSDT,1069.52,341.87,467.9182408,0.49,0.5,True,True,True,True,True
7,2,long,2021-05-17,BNBUSDT,512.44,211.14,211.9734264,0.49,0.4979879276,True,True,True,True,True
7,2,long,2021-05-17,CHZUSDT,0.40652,0.12694,0.14471602,0.49,0.4974489796,True,True,True,True,True
7,2,long,2021-05-17,DOGEUSDT,0.48789,0.1958,0.21159206,0.49,0.4967287368,True,True,True,True,True
7,2,long,2021-05-17,DOTUSDT,38.732,13.611,13.646,0.49,0.4984848485,True,True,True,True,True
7,2,long,2021-05-17,EOSUSDT,9.145,3.566,3.577,0.49,,True,True,False,False,False
7,2,long,2021-05-17,ETCUSDT,89.705,34,39.31696208,0.49,0.5,True,True,True,True,True
7,2,long,2021-05-17,ETHUSDT,3283.58,1400.73,1730.225175,0.49,0.4979919679,True,False,True,False,True
7,2,long,2021-05-17,FILUSDT,99.512,44.389,52.578,0.49,0.4969818913,True,False,True,False,True
7,2,long,2021-05-17,LINKUSDT,37.203,14.98,15.01376267,0.49,0.5,True,True,True,True,True
7,2,long,2021-05-17,LTCUSDT,281.63,118,118.15,0.49,0.5,True,True,True,True,True
7,2,long,2021-05-17,SOLUSDT,46.74,19.127,19.168,0.49,0.4974874372,True,True,True,True,True
7,2,long,2021-05-17,THETAUSDT,9.695,3.161,3.63183784,0.49,0.4974489796,True,True,True,True,True
7,2,long,2021-05-17,TRXUSDT,0.11276,0.04719,0.05545296,0.49,0.4984848485,True,True,True,True,True
7,2,long,2021-05-17,UNIUSDT,33.289,12.921,12.96080441,0.49,0.498989899,True,True,True,True,True
7,2,long,2021-05-17,VETUSDT,0.15786,0.05376,0.06284146,0.49,0.496969697,True,True,True,True,True
7,2,long,2021-05-17,XLMUSDT,0.64318,0.214,0.22,0.49,0.4974619289,True,True,True,True,True
7,2,long,2021-05-17,XRPUSDT,1.4968,0.65,0.6504,0.49,0.4974874372,True,True,True,True,True
7,2,long,2021-05-18,ADAUSDT,2.0046,1,1.01530596,0.49,0.5,True,True,True,False,True
7,2,long,2021-05-18,BCHUSDT,1089.23,341.87,467.9182408,0.49,0.5,True,True,True,True,True
7,2,long,2021-05-18,BNBUSDT,508.31,211.14,211.9734264,0.49,0.4979879276,True,True,True,True,True
7,2,long,2021-05-18,CHZUSDT,0.41901,0.12694,0.14471602,0.49,0.4974489796,True,True,True,True,True
7,2,long,2021-05-18,DOGEUSDT,0.47601,0.1958,0.21159206,0.49,0.4967287368,True,True,True,True,True
7,2,long,2021-05-18,DOTUSDT,40.616,13.611,13.646,0.49,0.4984848485,True,True,True,True,True
7,2,long,2021-05-18,EOSUSDT,9.33,3.566,3.577,0.49,,True,True,False,False,False
7,2,long,2021-05-18,ETCUSDT,88.5,34,39.31696208,0.49,0.5,True,True,True,True,True
7,2,long,2021-05-18,ETHUSDT,3376.35,1400.73,1730.225175,0.49,0.4979919679,True,False,True,False,True
7,2,long,2021-05-18,FILUSDT,100.218,44.389,52.578,0.49,0.4969818913,True,False,True,False,True
7,2,long,2021-05-18,LINKUSDT,42.6,14.98,15.01376267,0.49,0.5,True,True,True,True,True
7,2,long,2021-05-18,LTCUSDT,294.27,118,118.15,0.49,0.5,True,True,True,True,True
7,2,long,2021-05-18,SOLUSDT,55.95,19.127,19.168,0.49,0.4974874372,True,True,True,True,True
7,2,long,2021-05-18,THETAUSDT,9.781,3.161,3.63183784,0.49,0.4974489796,True,True,True,True,True
7,2,long,2021-05-18,TRXUSDT,0.11639,0.04719,0.05545296,0.49,0.4984848485,True,True,True,True,True
7,2,long,2021-05-18,UNIUSDT,35.024,12.921,12.96080441,0.49,0.498989899,True,True,True,True,True
7,2,long,2021-05-18,VETUSDT,0.16209,0.05376,0.06284146,0.49,0.496969697,True,True,True,True,True
7,2,long,2021-05-18,XLMUSDT,0.64584,0.214,0.22,0.49,0.4974619289,True,True,True,True,True
7,2,long,2021-05-18,XRPUSDT,1.5898,0.65,0.6504,0.49,0.4974874372,True,True,True,True,True
7,2,long,2021-05-20,DOTUSDT,28.942,13.611,13.646,0.49,0.4984848485,True,True,True,True,True
7,2,long,2021-05-20,LINKUSDT,30.631,14.98,15.01376267,0.49,0.5,True,True,True,True,True
7,2,long,2021-05-20,SOLUSDT,44.431,19.127,19.168,0.49,0.4974874372,True,True,True,True,True
7,2,long,2021-05-20,UNIUSDT,26.342,12.921,12.96080441,0.49,0.498989899,True,True,True,True,True
7,2,long,2021-05-20,VETUSDT,0.13071,0.06566,0.0657056,0.49,0.496969697,True,True,True,True,True
7,2,long,2021-05-21,SOLUSDT,38.921,19.127,19.168,0.49,0.4974874372,True,True,True,True,True
7,2,long,2021-06-14,DOGEUSDT,0.32769,0.165,0.16515682,0.49,0.4967287368,True,True,False,False,True
7,2,long,2021-06-15,DOGEUSDT,0.32021,0.16275,0.16320265,0.49,0.4967287368,True,True,False,False,True
7,2,long,2021-06-15,SOLUSDT,39.54,20.098,20.16037098,0.49,0.4974874372,True,True,False,False,True
7,2,long,2021-06-16,SOLUSDT,39.677,20.098,20.16037098,0.49,0.4974874372,True,True,False,False,True
7,2,long,2021-09-01,ALICEUSDT,18.302,9.24,10.26580776,0.49,0.5052631579,True,False,False,False,True
7,2,long,2021-09-04,ALICEUSDT,18.523,9.24,10.26580776,0.49,0.5052631579,True,False,False,False,True
7,2,long,2021-09-05,ALICEUSDT,18.831,9.24,10.26580776,0.49,0.5052631579,True,False,True,False,True
7,2,long,2021-11-28,MANAUSDT,5.1455,2.5567,2.61192112,0.49,0.4974489796,True,True,True,False,True
7,2,long,2021-12-01,CHRUSDT,0.9298,0.4664,0.47818146,0.49,0.4948717949,True,False,True,False,True
7,2,long,2022-01-15,GALAUSDT,0.33549,0.15374,0.15554108,0.49,0.4974489796,True,True,True,True,True
7,2,long,2022-01-16,GALAUSDT,0.32888,0.15374,0.15554108,0.49,0.4974489796,True,True,True,True,True
7,2,long,2022-01-16,NEARUSDT,20.1371,10.086,10.18259856,0.49,0.4949494949,True,True,True,False,True
7,2,long,2022-01-17,GALAUSDT,0.30429,0.15374,0.15554108,0.49,0.4974489796,True,False,False,False,True
7,2,long,2022-04-03,WAVESUSDT,46.813,23,23.015,0.49,0.4923076923,True,True,True,True,True
7,2,long,2022-05-01,KNCUSDT,4.522,2.275,2.27814654,0.49,0.4948717949,True,True,True,True,True
7,2,long,2022-05-02,KNCUSDT,4.1,2.019,2.02824079,0.49,0.4948717949,True,True,True,True,True
7,2,long,2022-05-02,LUNAUSDT,84.218,29.641,29.86472504,0.49,,True,True,False,False,False
7,2,long,2022-05-03,GMTUSDT,3.2472,1.611,1.62271181,0.49,0.5052631579,True,True,False,False,True
7,2,long,2022-05-03,LUNAUSDT,82.466,13.22,13.301,0.49,,True,True,False,False,False
7,2,long,2022-05-04,1000SHIBUSDT,0.021779,0.01101,0.01102022,0.49,0.4967287368,True,True,False,False,True
7,2,long,2022-05-04,APEUSDT,15.554,5.136,5.167,0.49,0.4948717949,True,True,True,True,True
7,2,long,2022-05-04,AVAXUSDT,67.24,26,26.46,0.49,0.4974874372,True,True,True,True,True
7,2,long,2022-05-04,DOTUSDT,16.318,7.888,8.09686328,0.49,0.4984848485,True,True,True,True,True
7,2,long,2022-05-04,FTMUSDT,0.8614,0.2686,0.27427285,0.49,0.496969697,True,True,True,True,True
7,2,long,2022-05-04,GMTUSDT,3.3395,1.0881,1.10703796,0.49,0.5052631579,True,True,True,True,True
7,2,long,2022-05-04,KNCUSDT,3.731,1.333,1.333,0.49,0.4948717949,True,True,True,True,True
7,2,long,2022-05-04,LUNAUSDT,86.164,0.4761,0.52890073,0.49,,True,True,False,False,False
7,2,long,2022-05-04,MTLUSDT,2.0728,0.9084,0.91220896,0.49,0.5052631579,True,True,True,True,True
7,2,long,2022-05-04,NEARUSDT,12.97,5.188,5.36369112,0.49,0.4949494949,True,True,True,True,True
7,2,long,2022-05-04,SOLUSDT,92.7,43.06,43.21028348,0.49,0.4974874372,True,True,True,True,True
7,2,long,2022-05-04,WAVESUSDT,15.452,6.465,6.77345097,0.49,0.4923076923,True,True,True,True,True
7,2,long,2022-05-05,1000SHIBUSDT,0.020257,0.00904,0.00907921,0.49,0.4967287368,True,True,True,True,True
7,2,long,2022-05-05,ADAUSDT,0.7877,0.4009,0.40212521,0.49,0.5,True,False,False,False,True
7,2,long,2022-05-05,APEUSDT,13.687,5.136,5.167,0.49,0.4948717949,True,True,True,True,True
7,2,long,2022-05-05,AVAXUSDT,58.99,23.35,23.46916288,0.49,0.4974874372,True,True,True,True,True
7,2,long,2022-05-05,DOTUSDT,14.569,7.243,7.30895049,0.49,0.4984848485,True,True,True,False,True
7,2,long,2022-05-05,FTMUSDT,0.7414,0.2368,0.2380637,0.49,0.496969697,True,True,True,True,True
7,2,long,2022-05-05,GMTUSDT,2.7375,0.8076,0.81224736,0.49,0.5052631579,True,True,True,True,True
7,2,long,2022-05-05,KNCUSDT,3.028,1.1,1.10908226,0.49,0.4948717949,True,True,True,True,True
7,2,long,2022-05-05,LUNAUSDT,82.283,0.0031,0.00028998,0.49,,True,True,False,False,False
7,2,long,2022-05-05,MTLUSDT,1.9101,0.7366,0.74026454,0.49,0.5052631579,True,True,True,True,True
7,2,long,2022-05-05,NEARUSDT,11.207,5.188,5.25748487,0.49,0.4949494949,True,True,True,True,True
7,2,long,2022-05-05,SOLUSDT,84.48,37.1,37.42628174,0.49,0.4974874372,True,True,True,True,True
7,2,long,2022-05-05,WAVESUSDT,13.69,5.803,5.809,0.49,0.4923076923,True,True,True,True,True
7,2,long,2022-05-05,ZILUSDT,0.0785,0.03995,0.04012461,0.49,0.4974489796,True,False,False,False,True
7,2,long,2022-05-06,1000SHIBUSDT,0.020008,0.00904,0.00907921,0.49,0.4967287368,True,True,True,True,True
7,2,long,2022-05-06,APEUSDT,13.258,5.136,5.167,0.49,0.4948717949,True,True,True,True,True
7,2,long,2022-05-06,AVAXUSDT,56.95,23.35,23.46916288,0.49,0.4974874372,True,True,True,True,True
7,2,long,2022-05-06,DOTUSDT,14.319,7.243,7.30895049,0.49,0.4984848485,True,False,False,False,True
7,2,long,2022-05-06,FTMUSDT,0.7237,0.2368,0.2380637,0.49,0.496969697,True,True,True,True,True
7,2,long,2022-05-06,GMTUSDT,2.5187,0.8076,0.81224736,0.49,0.5052631579,True,True,True,True,True
7,2,long,2022-05-06,KNCUSDT,3.029,1.1,1.10908226,0.49,0.4948717949,True,True,True,True,True
7,2,long,2022-05-06,LUNAUSDT,77.243,0.0031,4.244e-05,0.49,,True,True,False,False,False
7,2,long,2022-05-06,MTLUSDT,1.8374,0.7366,0.74026454,0.49,0.5052631579,True,True,True,True,True
7,2,long,2022-05-06,NEARUSDT,10.772,5.188,5.25748487,0.49,0.4949494949,True,True,True,True,True
7,2,long,2022-05-06,SOLUSDT,81.63,37.1,37.42628174,0.49,0.4974874372,True,True,True,True,True
7,2,long,2022-05-06,WAVESUSDT,14.095,5.803,5.809,0.49,0.4923076923,True,True,True,True,True
7,2,long,2022-05-06,ZILUSDT,0.08147,0.03995,0.04012461,0.49,0.4974489796,True,True,True,True,True
7,2,long,2022-05-07,1000SHIBUSDT,0.019261,0.00904,0.00907921,0.49,0.4967287368,True,True,True,True,True
7,2,long,2022-05-07,APEUSDT,12.35,5.136,5.167,0.49,0.4948717949,True,True,True,True,True
7,2,long,2022-05-07,AVAXUSDT,55.02,23.35,23.46916288,0.49,0.4974874372,True,True,True,True,True
7,2,long,2022-05-07,FTMUSDT,0.6832,0.2368,0.2380637,0.49,0.496969697,True,True,True,True,True
7,2,long,2022-05-07,GMTUSDT,2.5617,0.8076,0.81224736,0.49,0.5052631579,True,True,True,True,True
7,2,long,2022-05-07,KNCUSDT,2.616,1.1,1.10908226,0.49,0.4948717949,True,True,True,True,True
7,2,long,2022-05-07,MTLUSDT,1.7333,0.7366,0.74026454,0.49,0.5052631579,True,True,True,True,True
7,2,long,2022-05-07,NEARUSDT,10.427,5.188,5.25748487,0.49,0.4949494949,True,True,True,True,True
7,2,long,2022-05-07,SOLUSDT,78.8,37.1,37.42628174,0.49,0.4974874372,True,True,True,True,True
7,2,long,2022-05-07,WAVESUSDT,13.164,5.803,5.809,0.49,0.4923076923,True,True,True,True,True
7,2,long,2022-05-08,1000SHIBUSDT,0.018426,0.00904,0.00907921,0.49,0.4967287368,True,True,True,True,True
7,2,long,2022-05-08,APEUSDT,11.232,5.136,5.167,0.49,0.4948717949,True,True,True,True,True
7,2,long,2022-05-08,AVAXUSDT,51.59,23.35,23.46916288,0.49,0.4974874372,True,True,True,True,True
7,2,long,2022-05-08,FTMUSDT,0.6766,0.2368,0.2380637,0.49,0.496969697,True,True,True,True,True
7,2,long,2022-05-08,GMTUSDT,2.7183,0.8076,0.81224736,0.49,0.5052631579,True,True,True,True,True
7,2,long,2022-05-08,KNCUSDT,2.395,1.1,1.10908226,0.49,0.4948717949,True,True,True,True,True
7,2,long,2022-05-08,MTLUSDT,1.6447,0.7366,0.74026454,0.49,0.5052631579,True,True,True,True,True
7,2,long,2022-05-08,NEARUSDT,11.133,5.188,5.25748487,0.49,0.4949494949,True,True,True,True,True
7,2,long,2022-05-08,SOLUSDT,75.34,37.1,37.42628174,0.49,0.4974874372,True,True,True,True,True
7,2,long,2022-05-08,WAVESUSDT,12.894,5.803,5.809,0.49,0.4923076923,True,True,True,True,True
7,2,long,2022-05-09,FTMUSDT,0.5402,0.2368,0.2380637,0.49,0.496969697,True,True,True,True,True
7,2,long,2022-05-09,GMTUSDT,1.7649,0.8076,0.81224736,0.49,0.5052631579,True,True,True,True,True
7,2,long,2022-05-09,WAVESUSDT,12.109,5.803,5.809,0.49,0.4923076923,True,True,True,True,True
7,2,long,2022-05-10,FTMUSDT,0.5331,0.2368,0.2380637,0.49,0.496969697,True,True,True,True,True
7,2,long,2022-05-10,GMTUSDT,1.7994,0.8076,0.81224736,0.49,0.5052631579,True,True,True,True,True
7,2,long,2022-05-10,WAVESUSDT,11.875,5.803,5.809,0.49,0.4923076923,True,True,True,True,True
7,2,long,2022-06-06,APEUSDT,6.386,3.206,3.21149974,0.49,0.4948717949,True,True,True,True,True
7,2,long,2022-11-02,SOLUSDT,30.79,9.423,9.91806753,0.49,0.4974874372,True,True,True,True,True
7,2,long,2022-11-03,SOLUSDT,30.83,9.423,9.91806753,0.49,0.4974874372,True,True,True,True,True
7,2,long,2022-11-04,RSRUSDT,0.00746,0.003712,0.00371819,0.49,0.4974489796,True,True,True,True,True
7,2,long,2022-11-04,SOLUSDT,33.72,9.423,9.91806753,0.49,0.4974874372,True,True,True,True,True
7,2,long,2022-11-04,SUSHIUSDT,1.979,0.986,0.99061372,0.49,0.4974489796,True,True,True,True,True
7,2,long,2022-11-05,SOLUSDT,36.89,9.423,9.91806753,0.49,0.4974874372,True,True,True,True,True
7,2,long,2022-11-06,SOLUSDT,32.6,9.423,9.91806753,0.49,0.4974874372,True,True,True,True,True
7,2,long,2022-11-07,REEFUSDT,0.006261,0.002971,0.00297718,0.49,0.4897959184,True,True,True,True,True
7,2,long,2022-11-07,SOLUSDT,29.59,9.423,9.91806753,0.49,0.4974874372,True,True,True,True,True
7,2,long,2022-11-08,SOLUSDT,23.82,9.423,9.91806753,0.49,0.4974874372,True,True,True,True,True
7,2,long,2022-12-15,FTTUSDT,1.59,1.59,0.64420543,0.49,0.4871794872,False,True,False,True,True
7,2,long,2022-12-16,FTTUSDT,1.59,1.59,0.64420543,0.49,0.4871794872,False,True,False,True,True
7,2,long,2022-12-17,FTTUSDT,1.59,1.59,0.64420543,0.49,0.4871794872,False,True,False,True,True
7,2,long,2022-12-18,FTTUSDT,1.59,1.59,0.64420543,0.49,0.4871794872,False,True,False,True,True
7,2,long,2022-12-19,FTTUSDT,1.59,1.59,0.64420543,0.49,0.4871794872,False,True,False,True,True
7,2,long,2022-12-20,FTTUSDT,1.59,1.59,0.64420543,0.49,0.4871794872,False,True,False,True,True
7,2,long,2022-12-21,FTTUSDT,1.59,1.59,0.64420543,0.49,0.4871794872,False,True,False,True,True
7,2,long,2023-06-01,LINAUSDT,0.02311,0.01183,0.01183927,0.49,0.4871794872,False,False,True,True,True
7,2,long,2023-11-12,BNTUSDT,1.4689,0.721,0.7219,0.49,0.5052631579,True,True,True,True,True
7,2,long,2023-12-28,TRBUSDT,216.006,109.5,110.3227233,0.49,0.4948717949,True,False,False,False,True
7,2,long,2023-12-29,TRBUSDT,242.008,109.5,110.3227233,0.49,0.4948717949,True,True,True,True,True
7,2,long,2023-12-30,TRBUSDT,259.89,109.5,110.3227233,0.49,0.4948717949,True,True,True,True,True
7,2,long,2024-01-01,BIGTIMEUSDT,0.4793,0.2434,0.27079524,0.49,0.5052631579,True,False,False,False,True
7,2,long,2024-01-02,BIGTIMEUSDT,0.4896,0.2434,0.27079524,0.49,0.5052631579,True,False,False,False,True
7,2,long,2024-04-07,1000PEPEUSDT,0.0074518,0.0037585,0.0039501,0.49,0.4967287368,True,False,False,False,True
7,2,long,2024-04-07,ORDIUSDT,75.737,37.777,39.1840132,0.49,0.4974489796,True,False,True,False,True
7,2,long,2024-04-07,WIFUSDT,3.762,1.8837,1.95766431,0.49,0.4974489796,True,False,True,False,True
7,2,long,2024-04-07,WLDUSDT,7.214,3.666,3.76537566,0.49,0.4949494949,True,False,False,False,True
7,2,long,2024-04-08,1000FLOKIUSDT,0.21554,0.10895,0.11028,0.49,0.4974489796,True,False,False,False,True
7,2,long,2024-04-08,1000PEPEUSDT,0.0077765,0.0037585,0.0039501,0.49,0.4967287368,True,True,True,False,True
7,2,long,2024-04-08,ORDIUSDT,75.409,37.777,39.1840132,0.49,0.4974489796,True,False,True,False,True
7,2,long,2024-04-08,WIFUSDT,4.2062,1.8837,1.95766431,0.49,0.4974489796,True,True,True,True,True
7,2,long,2024-04-08,WLDUSDT,7.3163,3.666,3.76537566,0.49,0.4949494949,True,False,True,False,True
7,2,long,2024-06-29,PEOPLEUSDT,0.09217,0.04555,0.04563569,0.49,0.5052631579,True,True,True,False,True
7,2,long,2024-06-30,PEOPLEUSDT,0.09437,0.04555,0.04563569,0.49,0.5052631579,True,True,True,True,True
7,2,long,2024-07-01,PEOPLEUSDT,0.09195,0.04555,0.04563569,0.49,0.5052631579,True,True,False,False,True
7,2,long,2024-07-29,1000PEPEUSDT,0.0117893,0.0058452,0.0058555,0.49,0.4967287368,True,True,True,True,True
7,2,long,2024-07-29,WIFUSDT,2.2836,1.0501,1.07623056,0.49,0.4974489796,True,True,True,True,True
7,2,long,2024-07-30,WIFUSDT,2.2861,1.0501,1.07623056,0.49,0.4974489796,True,True,True,True,True
7,2,long,2024-07-31,WIFUSDT,2.1759,1.0501,1.07623056,0.49,0.4974489796,True,True,True,True,True
7,2,long,2024-10-09,REEFUSDT,0.006678,0.001841,0.00184779,0.49,0.4897959184,True,True,True,True,True
7,2,long,2024-10-10,REEFUSDT,0.007236,0.001728,0.00173737,0.49,0.4897959184,True,True,True,True,True
7,2,long,2024-10-11,REEFUSDT,0.007242,0.001728,0.00173737,0.49,0.4897959184,True,True,True,True,True
7,2,long,2024-10-12,REEFUSDT,0.007063,0.001728,0.00173737,0.49,0.4897959184,True,True,True,True,True
7,2,long,2024-10-13,REEFUSDT,0.007025,0.001728,0.00173737,0.49,0.4897959184,True,True,True,True,True
7,2,long,2024-10-14,REEFUSDT,0.010139,0.001728,0.00173737,0.49,0.4897959184,True,True,True,True,True
7,2,long,2024-10-15,REEFUSDT,0.003795,0.001728,0.00173737,0.49,0.4897959184,True,True,True,True,True
7,2,long,2024-12-13,GOATUSDT,0.8687,0.3861,0.3883862,0.49,0.5026315789,True,True,True,True,True
7,2,long,2024-12-13,NEIROUSDT,0.0017173,0.000854,0.00085507,0.49,0.5052631579,True,True,False,False,True
7,2,long,2024-12-14,GOATUSDT,0.8106,0.3861,0.3883862,0.49,0.5026315789,True,True,True,True,True
7,2,long,2024-12-15,GOATUSDT,0.7815,0.3861,0.3883862,0.49,0.5026315789,True,True,True,True,True
7,2,long,2025-01-17,PNUTUSDT,0.65184,0.31629,0.31644916,0.49,0.5052631579,True,True,True,True,True
7,2,long,2025-01-27,PNUTUSDT,0.2672,0.13341,0.13498398,0.49,0.5052631579,True,True,False,False,True
7,2,long,2025-01-31,NEIROUSDT,0.0006101,0.0002818,0.00028232,0.49,0.5052631579,True,True,True,True,True
7,2,long,2025-02-03,FARTCOINUSDT,0.8071,0.4087,0.4093,0.49,0.4974489796,True,True,False,False,True
7,2,long,2025-02-11,FARTCOINUSDT,0.5628,0.2778,0.27983283,0.49,0.4974489796,True,True,True,True,True
7,2,long,2025-02-12,FARTCOINUSDT,0.5757,0.2778,0.27983283,0.49,0.4974489796,True,True,True,True,True
7,2,long,2025-03-01,ARCUSDT,0.20197,0.0751,0.0748872,0.49,0.5055555556,True,True,True,True,True
7,2,long,2025-03-02,ARCUSDT,0.24182,0.0751,0.0748872,0.49,0.5055555556,True,True,True,True,True
7,2,long,2025-03-03,ARCUSDT,0.17969,0.07083,0.07096067,0.49,0.5055555556,True,True,True,True,True
7,2,long,2025-03-04,ARCUSDT,0.16693,0.07083,0.07096067,0.49,0.5055555556,True,True,True,True,True
7,2,long,2025-03-05,ARCUSDT,0.16303,0.06343,0.06361683,0.49,0.5055555556,True,True,True,True,True
7,2,long,2025-03-06,ARCUSDT,0.11898,0.05563,0.05572861,0.49,0.5055555556,True,True,True,True,True
7,2,long,2025-05-01,ALPACAUSDT,1.19,1.19,0.1693509,0.49,0.4565217391,False,True,False,True,True
7,2,long,2025-05-01,LAYERUSDT,3.0705,1.1255,1.12766757,0.49,0.5052631579,True,True,True,True,True
7,2,long,2025-05-02,ALPACAUSDT,1.19,1.19,0.1693509,0.49,0.4565217391,False,True,False,True,True
7,2,long,2025-05-02,LAYERUSDT,2.8847,1.1255,1.12766757,0.49,0.5052631579,True,True,True,True,True
7,2,long,2025-05-03,ALPACAUSDT,1.19,1.19,0.1693509,0.49,0.4565217391,False,True,False,True,True
7,2,long,2025-05-03,LAYERUSDT,3.0726,1.1255,1.12766757,0.49,0.5052631579,True,True,True,True,True
7,2,long,2025-05-04,ALPACAUSDT,1.19,1.19,0.1693509,0.49,0.4565217391,False,True,False,True,True
7,2,long,2025-05-04,LAYERUSDT,3.2678,1.1255,1.12766757,0.49,0.5052631579,True,True,True,True,True
7,2,long,2025-05-05,ALPACAUSDT,1.19,1.19,0.1693509,0.49,0.4565217391,False,True,False,True,True
7,2,long,2025-05-05,LAYERUSDT,2.9587,1.0688,1.0910342,0.49,0.5052631579,True,True,True,True,True
7,2,long,2025-05-06,ALPACAUSDT,1.19,1.19,0.18315747,0.49,0.4565217391,False,True,False,True,True
7,2,long,2025-05-07,ALPACAUSDT,1.19,1.19,0.18315747,0.49,0.4565217391,False,True,False,True,True
7,2,long,2025-05-08,ALPACAUSDT,1.19,1.19,0.18040001,0.49,0.4565217391,False,True,False,True,True
7,2,long,2025-05-09,ALPACAUSDT,1.19,1.19,0.16032853,0.49,0.4565217391,False,True,False,True,True
7,2,long,2025-05-10,ALPACAUSDT,1.19,1.19,0.15393042,0.49,0.4565217391,False,True,False,True,True
7,2,long,2025-05-11,ALPACAUSDT,1.19,1.19,0.15393042,0.49,0.4565217391,False,True,False,True,True
7,2,long,2025-05-12,ALPACAUSDT,1.19,1.19,0.15393042,0.49,0.4565217391,False,True,False,True,True
7,2,long,2025-05-13,ALPACAUSDT,1.19,1.19,0.15393042,0.49,0.4565217391,False,True,False,True,True
7,2,long,2025-05-14,ALPACAUSDT,1.19,1.19,0.15393042,0.49,0.4565217391,False,True,False,True,True
7,2,long,2025-05-15,ALPACAUSDT,1.19,1.19,0.15393042,0.49,0.4565217391,False,True,False,True,True
7,2,long,2025-05-16,ALPACAUSDT,1.19,1.19,0.15393042,0.49,0.4565217391,False,True,False,True,True
7,2,long,2025-05-17,ALPACAUSDT,1.19,1.19,0.17105451,0.49,0.4565217391,False,True,False,True,True
7,2,long,2025-05-18,ALPACAUSDT,1.19,1.19,0.16225171,0.49,0.4565217391,False,True,False,True,True
7,2,long,2025-05-19,ALPACAUSDT,1.19,1.19,0.10691723,0.49,0.4565217391,False,True,False,True,True
7,2,long,2025-05-20,ALPACAUSDT,1.19,1.19,0.09462218,0.49,0.4565217391,False,True,False,True,True
7,2,long,2025-05-21,ALPACAUSDT,1.19,1.19,0.08223295,0.49,0.4565217391,False,True,False,True,True
7,2,long,2025-05-22,ALPACAUSDT,1.19,1.19,0.08223295,0.49,0.4565217391,False,True,False,True,True
7,2,long,2025-05-23,ALPACAUSDT,1.19,1.19,0.06408856,0.49,0.4565217391,False,True,False,True,True
7,2,long,2025-05-24,ALPACAUSDT,1.19,1.19,0.05787471,0.49,0.4565217391,False,True,False,True,True
7,2,long,2025-09-17,MYXUSDT,16.776,8.08,8.165,0.49,0.5,True,True,True,True,True
7,2,long,2025-09-27,MYXUSDT,14.443,4.95,5.03187564,0.49,0.5,True,True,True,True,True
7,2,long,2025-09-28,MYXUSDT,15.97,4.462,4.497,0.49,0.5,True,True,True,True,True
7,2,long,2025-09-29,MYXUSDT,16.113,4.44,4.45494179,0.49,0.5,True,True,True,True,True
7,2,long,2025-09-30,MYXUSDT,15.252,4.44,4.45494179,0.49,0.5,True,True,True,True,True
7,2,long,2025-10-01,MYXUSDT,15.48,4.44,4.45494179,0.49,0.5,True,True,True,True,True
7,2,long,2025-10-02,MYXUSDT,9.647,4.44,4.45494179,0.49,0.5,True,True,True,True,True
7,2,long,2025-10-03,1000PEPEUSDT,0.0101141,0.0027752,0.00281515,0.49,0.4967287368,True,True,True,True,True
7,2,long,2025-10-03,ADAUSDT,0.8653,0.2743,0.2758,0.49,0.5,True,True,True,True,True
7,2,long,2025-10-03,AVAXUSDT,31.317,8.433,8.49632152,0.49,0.4974874372,True,True,True,True,True
7,2,long,2025-10-03,DOGEUSDT,0.25811,0.08385,0.08867096,0.49,0.4967287368,True,True,True,True,True
7,2,long,2025-10-03,ENAUSDT,0.6162,0.128,0.13129801,0.49,0.4949494949,True,True,True,True,True
7,2,long,2025-10-03,HYPEUSDT,49.431,21.029,21.216,0.49,0.4949494949,True,True,True,True,True
7,2,long,2025-10-03,LINEAUSDT,0.0277,0.00537,0.00567,0.49,0.4948717949,True,True,True,True,True
7,2,long,2025-10-03,LINKUSDT,22.499,8.164,8.10722182,0.49,0.5,True,True,True,True,True
7,2,long,2025-10-03,MYXUSDT,8.27,0.819,0.878,0.49,0.5,True,True,True,True,True
7,2,long,2025-10-03,PUMPUSDT,0.006886,0.001469,0.001505,0.49,0.4949494949,True,True,True,True,True
7,2,long,2025-10-03,SOMIUSDT,0.8294,0.3158,0.3241,0.49,0.5052631579,True,True,True,True,True
7,2,long,2025-10-03,SUIUSDT,3.5777,0.5669,0.57936787,0.49,0.4949494949,True,True,True,True,True
7,2,long,2025-10-03,WLDUSDT,1.3385,0.2625,0.2632,0.49,0.4949494949,True,True,True,True,True
7,2,long,2025-10-03,WLFIUSDT,0.2015,0.0719,0.07266816,0.49,0.4949494949,True,True,True,True,True
7,2,long,2025-10-03,XPLUSDT,0.8697,0.25,0.2521,0.49,0.4974489796,True,True,True,True,True
7,2,long,2025-10-03,XRPUSDT,3.0395,1.1792,1.19233581,0.49,0.4974874372,True,True,True,True,True
7,2,long,2025-10-04,1000PEPEUSDT,0.0097556,0.0027752,0.00281515,0.49,0.4967287368,True,True,True,True,True
7,2,long,2025-10-04,ADAUSDT,0.8391,0.2743,0.2758,0.49,0.5,True,True,True,True,True
7,2,long,2025-10-04,AVAXUSDT,30.093,8.433,8.49632152,0.49,0.4974874372,True,True,True,True,True
7,2,long,2025-10-04,DOGEUSDT,0.2507,0.08385,0.08867096,0.49,0.4967287368,True,True,True,True,True
7,2,long,2025-10-04,ENAUSDT,0.5886,0.128,0.13129801,0.49,0.4949494949,True,True,True,True,True
7,2,long,2025-10-04,HYPEUSDT,49.121,21.029,21.216,0.49,0.4949494949,True,True,True,True,True
7,2,long,2025-10-04,LINEAUSDT,0.0281,0.00537,0.00567,0.49,0.4948717949,True,True,True,True,True
7,2,long,2025-10-04,LINKUSDT,22.009,8.164,8.10722182,0.49,0.5,True,True,True,True,True
7,2,long,2025-10-04,MYXUSDT,5.865,0.819,0.878,0.49,0.5,True,True,True,True,True
7,2,long,2025-10-04,PUMPUSDT,0.006664,0.001469,0.001505,0.49,0.4949494949,True,True,True,True,True
7,2,long,2025-10-04,SOMIUSDT,0.9059,0.3158,0.3241,0.49,0.5052631579,True,True,True,True,True
7,2,long,2025-10-04,SUIUSDT,3.6215,0.5669,0.57936787,0.49,0.4949494949,True,True,True,True,True
7,2,long,2025-10-04,WLDUSDT,1.2695,0.2625,0.2632,0.49,0.4949494949,True,True,True,True,True
7,2,long,2025-10-04,WLFIUSDT,0.2008,0.0719,0.07266816,0.49,0.4949494949,True,True,True,True,True
7,2,long,2025-10-04,XPLUSDT,0.8659,0.25,0.2521,0.49,0.4974489796,True,True,True,True,True
7,2,long,2025-10-04,XRPUSDT,2.9675,1.1792,1.19233581,0.49,0.4974874372,True,True,True,True,True
7,2,long,2025-10-05,1000PEPEUSDT,0.0097916,0.0027752,0.00281515,0.49,0.4967287368,True,True,True,True,True
7,2,long,2025-10-05,ADAUSDT,0.8366,0.2743,0.2758,0.49,0.5,True,True,True,True,True
7,2,long,2025-10-05,AVAXUSDT,30.051,8.433,8.49632152,0.49,0.4974874372,True,True,True,True,True
7,2,long,2025-10-05,DOGEUSDT,0.25268,0.08385,0.08867096,0.49,0.4967287368,True,True,True,True,True
7,2,long,2025-10-05,ENAUSDT,0.5836,0.128,0.13129801,0.49,0.4949494949,True,True,True,True,True
7,2,long,2025-10-05,HYPEUSDT,48.195,21.029,21.216,0.49,0.4949494949,True,True,True,True,True
7,2,long,2025-10-05,LINEAUSDT,0.02687,0.00537,0.00567,0.49,0.4948717949,True,True,True,True,True
7,2,long,2025-10-05,LINKUSDT,21.984,8.164,8.10722182,0.49,0.5,True,True,True,True,True
7,2,long,2025-10-05,MYXUSDT,4.57,0.819,0.878,0.49,0.5,True,True,True,True,True
7,2,long,2025-10-05,PUMPUSDT,0.006413,0.001469,0.001505,0.49,0.4949494949,True,True,True,True,True
7,2,long,2025-10-05,SOMIUSDT,0.9053,0.3158,0.3241,0.49,0.5052631579,True,True,True,True,True
7,2,long,2025-10-05,SUIUSDT,3.5627,0.5669,0.57936787,0.49,0.4949494949,True,True,True,True,True
7,2,long,2025-10-05,WLDUSDT,1.254,0.2625,0.2632,0.49,0.4949494949,True,True,True,True,True
7,2,long,2025-10-05,WLFIUSDT,0.1998,0.0719,0.07266816,0.49,0.4949494949,True,True,True,True,True
7,2,long,2025-10-05,XPLUSDT,0.9261,0.25,0.2521,0.49,0.4974489796,True,True,True,True,True
7,2,long,2025-10-05,XRPUSDT,2.9679,1.1792,1.19233581,0.49,0.4974874372,True,True,True,True,True
7,2,long,2025-10-06,1000PEPEUSDT,0.0102055,0.0027752,0.00281515,0.49,0.4967287368,True,True,True,True,True
7,2,long,2025-10-06,ADAUSDT,0.8716,0.2743,0.2758,0.49,0.5,True,True,True,True,True
7,2,long,2025-10-06,AVAXUSDT,30.609,8.433,8.49632152,0.49,0.4974874372,True,True,True,True,True
7,2,long,2025-10-06,DOGEUSDT,0.26601,0.08385,0.08867096,0.49,0.4967287368,True,True,True,True,True
7,2,long,2025-10-06,ENAUSDT,0.6031,0.128,0.13129801,0.49,0.4949494949,True,True,True,True,True
7,2,long,2025-10-06,HYPEUSDT,47.213,21.029,21.216,0.49,0.4949494949,True,True,True,True,True
7,2,long,2025-10-06,LINEAUSDT,0.02824,0.00537,0.00567,0.49,0.4948717949,True,True,True,True,True
7,2,long,2025-10-06,LINKUSDT,23.368,8.164,8.10722182,0.49,0.5,True,True,True,True,True
7,2,long,2025-10-06,MYXUSDT,5.834,0.819,0.878,0.49,0.5,True,True,True,True,True
7,2,long,2025-10-06,PUMPUSDT,0.006186,0.001469,0.001505,0.49,0.4949494949,True,True,True,True,True
7,2,long,2025-10-06,SOMIUSDT,0.8799,0.3158,0.3241,0.49,0.5052631579,True,True,True,True,True
7,2,long,2025-10-06,SUIUSDT,3.622,0.5669,0.57936787,0.49,0.4949494949,True,True,True,True,True
7,2,long,2025-10-06,WLDUSDT,1.3074,0.2625,0.2632,0.49,0.4949494949,True,True,True,True,True
7,2,long,2025-10-06,WLFIUSDT,0.1994,0.0719,0.07266816,0.49,0.4949494949,True,True,True,True,True
7,2,long,2025-10-06,XPLUSDT,1.0409,0.25,0.2521,0.49,0.4974489796,True,True,True,True,True
7,2,long,2025-10-06,XRPUSDT,2.9878,1.1792,1.19233581,0.49,0.4974874372,True,True,True,True,True
7,2,long,2025-10-07,1000PEPEUSDT,0.009465,0.0027752,0.00281515,0.49,0.4967287368,True,True,True,True,True
7,2,long,2025-10-07,ADAUSDT,0.8195,0.2743,0.2758,0.49,0.5,True,True,True,True,True
7,2,long,2025-10-07,AVAXUSDT,27.911,8.433,8.49632152,0.49,0.4974874372,True,True,True,True,True
7,2,long,2025-10-07,DOGEUSDT,0.24671,0.08385,0.08867096,0.49,0.4967287368,True,True,True,True,True
7,2,long,2025-10-07,ENAUSDT,0.5444,0.128,0.13129801,0.49,0.4949494949,True,True,True,True,True
7,2,long,2025-10-07,HYPEUSDT,45.123,21.029,21.216,0.49,0.4949494949,True,True,True,True,True
7,2,long,2025-10-07,LINEAUSDT,0.02616,0.00537,0.00567,0.49,0.4948717949,True,True,True,True,True
7,2,long,2025-10-07,LINKUSDT,21.791,8.164,8.10722182,0.49,0.5,True,True,True,True,True
7,2,long,2025-10-07,MYXUSDT,5.511,0.819,0.878,0.49,0.5,True,True,True,True,True
7,2,long,2025-10-07,PUMPUSDT,0.006433,0.001469,0.001505,0.49,0.4949494949,True,True,True,True,True
7,2,long,2025-10-07,SOMIUSDT,0.8098,0.3158,0.3241,0.49,0.5052631579,True,True,True,True,True
7,2,long,2025-10-07,SUIUSDT,3.4486,0.5669,0.57936787,0.49,0.4949494949,True,True,True,True,True
7,2,long,2025-10-07,WLDUSDT,1.1923,0.2625,0.2632,0.49,0.4949494949,True,True,True,True,True
7,2,long,2025-10-07,WLFIUSDT,0.1821,0.0719,0.07266816,0.49,0.4949494949,True,True,True,True,True
7,2,long,2025-10-07,XPLUSDT,0.9207,0.25,0.2521,0.49,0.4974489796,True,True,True,True,True
7,2,long,2025-10-07,XRPUSDT,2.8509,1.1792,1.19233581,0.49,0.4974874372,True,True,True,True,True
7,2,long,2025-10-08,1000PEPEUSDT,0.0095638,0.0027752,0.00281515,0.49,0.4967287368,True,True,True,True,True
7,2,long,2025-10-08,ADAUSDT,0.8385,0.2743,0.2758,0.49,0.5,True,True,True,True,True
7,2,long,2025-10-08,AVAXUSDT,28.804,8.433,8.49632152,0.49,0.4974874372,True,True,True,True,True
7,2,long,2025-10-08,DOGEUSDT,0.25557,0.08385,0.08867096,0.49,0.4967287368,True,True,True,True,True
7,2,long,2025-10-08,ENAUSDT,0.5768,0.128,0.13129801,0.49,0.4949494949,True,True,True,True,True
7,2,long,2025-10-08,HYPEUSDT,46.645,21.029,21.216,0.49,0.4949494949,True,True,True,True,True
7,2,long,2025-10-08,LINEAUSDT,0.02643,0.00537,0.00567,0.49,0.4948717949,True,True,True,True,True
7,2,long,2025-10-08,LINKUSDT,22.625,8.164,8.10722182,0.49,0.5,True,True,True,True,True
7,2,long,2025-10-08,MYXUSDT,5.399,0.819,0.878,0.49,0.5,True,True,True,True,True
7,2,long,2025-10-08,PUMPUSDT,0.006163,0.001469,0.001505,0.49,0.4949494949,True,True,True,True,True
7,2,long,2025-10-08,SOMIUSDT,0.8211,0.3158,0.3241,0.49,0.5052631579,True,True,True,True,True
7,2,long,2025-10-08,SUIUSDT,3.5339,0.5669,0.57936787,0.49,0.4949494949,True,True,True,True,True
7,2,long,2025-10-08,WLDUSDT,1.2794,0.2625,0.2632,0.49,0.4949494949,True,True,True,True,True
7,2,long,2025-10-08,WLFIUSDT,0.1862,0.0719,0.07266816,0.49,0.4949494949,True,True,True,True,True
7,2,long,2025-10-08,XPLUSDT,0.8819,0.25,0.2521,0.49,0.4974489796,True,True,True,True,True
7,2,long,2025-10-08,XRPUSDT,2.8786,1.1792,1.19233581,0.49,0.4974874372,True,True,True,True,True
7,2,long,2025-10-09,1000PEPEUSDT,0.0092519,0.0027752,0.00281515,0.49,0.4967287368,True,True,True,True,True
7,2,long,2025-10-09,ADAUSDT,0.815,0.2743,0.2758,0.49,0.5,True,True,True,True,True
7,2,long,2025-10-09,AVAXUSDT,28.374,8.433,8.49632152,0.49,0.4974874372,True,True,True,True,True
7,2,long,2025-10-09,DOGEUSDT,0.24843,0.08385,0.08867096,0.49,0.4967287368,True,True,True,True,True
7,2,long,2025-10-09,ENAUSDT,0.5464,0.128,0.13129801,0.49,0.4949494949,True,True,True,True,True
7,2,long,2025-10-09,HYPEUSDT,43.965,21.029,21.216,0.49,0.4949494949,True,True,True,True,True
7,2,long,2025-10-09,LINEAUSDT,0.02543,0.00537,0.00567,0.49,0.4948717949,True,True,True,True,True
7,2,long,2025-10-09,LINKUSDT,21.986,8.164,8.10722182,0.49,0.5,True,True,True,True,True
7,2,long,2025-10-09,MYXUSDT,5.125,0.819,0.878,0.49,0.5,True,True,True,True,True
7,2,long,2025-10-09,PUMPUSDT,0.00553,0.001469,0.001505,0.49,0.4949494949,True,True,True,True,True
7,2,long,2025-10-09,SOMIUSDT,0.7396,0.3158,0.3241,0.49,0.5052631579,True,True,True,True,True
7,2,long,2025-10-09,SUIUSDT,3.4063,0.5669,0.57936787,0.49,0.4949494949,True,True,True,True,True
7,2,long,2025-10-09,WLDUSDT,1.1981,0.2625,0.2632,0.49,0.4949494949,True,True,True,True,True
7,2,long,2025-10-09,WLFIUSDT,0.1794,0.0719,0.07266816,0.49,0.4949494949,True,True,True,True,True
7,2,long,2025-10-09,XPLUSDT,0.7446,0.25,0.2521,0.49,0.4974489796,True,True,True,True,True
7,2,long,2025-10-09,XRPUSDT,2.8011,1.1792,1.19233581,0.49,0.4974874372,True,True,True,True,True
7,2,long,2025-11-14,COAIUSDT,0.802,0.35,0.3947,0.49,0.5,True,True,True,True,True
7,2,long,2025-11-15,COAIUSDT,0.868,0.35,0.3947,0.49,0.5,True,True,True,True,True
7,2,long,2025-11-16,COAIUSDT,0.78,0.35,0.3947,0.49,0.5,True,True,True,False,True
7,2,long,2025-11-17,COAIUSDT,0.738,0.35,0.3947,0.49,0.5,True,False,True,False,True
7,2,long,2025-11-18,COAIUSDT,0.763,0.35,0.3947,0.49,0.5,True,False,True,False,True
7,2,long,2026-01-01,BEATUSDT,1.1155,0.467,0.47995167,0.49,0.5,True,True,True,True,True
7,2,long,2026-01-04,PIPPINUSDT,0.48944,0.2222,0.23549367,0.49,0.5026315789,True,True,True,True,True
7,2,long,2026-01-24,PIPPINUSDT,0.38204,0.18245,0.18313,0.49,0.5026315789,True,True,True,True,True
7,2,long,2026-01-27,PIPPINUSDT,0.4518,0.16217,0.1638,0.49,0.5026315789,True,True,True,True,True
7,2,long,2026-01-28,PIPPINUSDT,0.4071,0.16217,0.1638,0.49,0.5026315789,True,True,True,True,True
7,2,long,2026-02-10,RIVERUSDT,17.174,8.613,8.659,0.49,0.5052631579,True,True,False,False,True
7,2,long,2026-02-11,RIVERUSDT,15.642,7.226,7.25511914,0.49,0.5052631579,True,True,True,True,True
7,2,long,2026-02-12,RIVERUSDT,22.051,7.226,7.25511914,0.49,0.5052631579,True,True,True,True,True
7,2,long,2026-02-13,RIVERUSDT,18.222,7.226,7.25511914,0.49,0.5052631579,True,True,True,True,True
7,2,long,2026-02-14,RIVERUSDT,14.583,7.226,7.25511914,0.49,0.5052631579,True,True,False,False,True
7,2,long,2026-02-24,PIPPINUSDT,0.81198,0.37902,0.38022,0.49,0.5026315789,True,True,True,True,True
7,2,long,2026-02-25,PIPPINUSDT,0.74162,0.303,0.30686,0.49,0.5026315789,True,True,True,True,True
7,2,long,2026-02-26,PIPPINUSDT,0.80943,0.303,0.30686,0.49,0.5026315789,True,True,True,True,True
7,2,long,2026-02-27,PIPPINUSDT,0.64548,0.303,0.30686,0.49,0.5026315789,True,True,True,True,True
7,2,long,2026-03-01,POWERUSDT,1.72802,0.10717,0.10803314,0.49,0.5138888889,True,True,True,True,True
7,2,long,2026-03-02,POWERUSDT,1.82383,0.10717,0.10803314,0.49,0.5138888889,True,True,True,True,True
7,2,long,2026-03-03,BULLAUSDT,0.02496,0.00841,0.00843636,0.49,0.5,True,True,True,True,True
7,2,long,2026-03-04,BULLAUSDT,0.0257,0.00841,0.00843636,0.49,0.5,True,True,True,True,True
7,2,long,2026-03-05,BULLAUSDT,0.02491,0.008,0.00810262,0.49,0.5,True,True,True,True,True
7,2,long,2026-03-06,BULLAUSDT,0.02657,0.008,0.00810262,0.49,0.5,True,True,True,True,True
7,2,long,2026-03-07,BULLAUSDT,0.02464,0.008,0.00810262,0.49,0.5,True,True,True,True,True
7,2,long,2026-03-08,BULLAUSDT,0.02414,0.008,0.00810262,0.49,0.5,True,True,True,True,True
7,2,long,2026-03-09,BULLAUSDT,0.02259,0.008,0.00810262,0.49,0.5,True,True,True,True,True
7,2,long,2026-03-09,PIPPINUSDT,0.37002,0.17528,0.17617359,0.49,0.5026315789,True,True,True,True,True
7,2,long,2026-03-10,PIPPINUSDT,0.3549,0.1253,0.12636,0.49,0.5026315789,True,True,True,True,True
7,2,long,2026-03-11,PIPPINUSDT,0.36109,0.0891,0.08917936,0.49,0.5026315789,True,True,True,True,True
7,2,long,2026-03-12,PIPPINUSDT,0.35266,0.0891,0.08917936,0.49,0.5026315789,True,True,True,True,True
7,2,long,2026-03-13,PIPPINUSDT,0.35935,0.07647,0.07696,0.49,0.5026315789,True,True,True,True,True
7,2,long,2026-03-14,PIPPINUSDT,0.37271,0.07647,0.07696,0.49,0.5026315789,True,True,True,True,True
7,2,long,2026-03-15,PIPPINUSDT,0.36953,0.07647,0.07696,0.49,0.5026315789,True,True,True,True,True
7,2,long,2026-03-16,PIPPINUSDT,0.18473,0.06752,0.06799,0.49,0.5026315789,True,True,True,True,True
7,2,long,2026-03-18,PIPPINUSDT,0.09455,0.0421,0.04247906,0.49,0.5026315789,True,True,True,True,True
7,2,long,2026-03-19,PIPPINUSDT,0.09545,0.0421,0.04247906,0.49,0.5026315789,True,True,True,True,True
7,2,long,2026-03-20,PIPPINUSDT,0.10142,0.0421,0.04247906,0.49,0.5026315789,True,True,True,True,True
7,2,long,2026-03-21,PIPPINUSDT,0.09852,0.0421,0.04247906,0.49,0.5026315789,True,True,True,True,True
7,2,long,2026-03-21,RIVERUSDT,25.281,12.152,12.167,0.49,0.5052631579,True,True,True,True,True
7,2,long,2026-03-22,PIPPINUSDT,0.0908,0.0421,0.04247906,0.49,0.5026315789,True,True,True,True,True
7,2,long,2026-03-22,RIVERUSDT,29.352,12.152,12.167,0.49,0.5052631579,True,True,True,True,True
7,2,long,2026-03-28,PIPPINUSDT,0.05594,0.02702,0.02715881,0.49,0.5026315789,True,True,True,True,True
7,2,long,2026-03-30,PIPPINUSDT,0.05363,0.02702,0.02715881,0.49,0.5026315789,True,True,False,False,True
7,2,long,2026-04-01,PIPPINUSDT,0.05854,0.02702,0.02715881,0.49,0.5026315789,True,True,True,True,True
7,2,long,2026-04-01,SIRENUSDT,0.2575,0.13089,0.13108629,0.49,0.5044444444,True,True,False,False,True
7,2,long,2026-04-02,PIPPINUSDT,0.06323,0.02702,0.02715881,0.49,0.5026315789,True,True,True,True,True
7,2,long,2026-04-10,SIRENUSDT,0.68565,0.2674,0.26998232,0.49,0.5044444444,True,True,True,True,True
7,2,long,2026-04-11,SIRENUSDT,0.70393,0.2674,0.26998232,0.49,0.5044444444,True,True,True,True,True
7,2,long,2026-04-12,SIRENUSDT,0.79801,0.2674,0.26998232,0.49,0.5044444444,True,True,True,True,True
7,2,long,2026-04-13,SIRENUSDT,0.77106,0.2674,0.26998232,0.49,0.5044444444,True,True,True,True,True
7,2,long,2026-04-14,RIVERUSDT,9.351,4.321,4.332,0.49,0.5052631579,True,True,True,True,True
7,2,long,2026-04-14,SIRENUSDT,0.71058,0.2674,0.26998232,0.49,0.5044444444,True,True,True,True,True
7,2,long,2026-04-15,SIRENUSDT,0.7852,0.2674,0.26998232,0.49,0.5044444444,True,True,True,True,True
7,2,long,2026-04-16,SIRENUSDT,1.9752,0.2674,0.26998232,0.49,0.5044444444,True,True,True,True,True
7,2,long,2026-05-08,SIRENUSDT,1.1016,0.4705,0.47324738,0.49,0.5044444444,True,True,True,True,True
7,2,long,2026-05-09,SIRENUSDT,1.2871,0.4705,0.47324738,0.49,0.5044444444,True,True,True,True,True
7,2,long,2026-05-10,SIRENUSDT,1.1554,0.4512,0.46332771,0.49,0.5044444444,True,True,True,True,True
7,2,long,2026-05-11,SIRENUSDT,1.1374,0.4512,0.46332771,0.49,0.5044444444,True,True,True,True,True
7,2,long,2026-05-12,SIRENUSDT,1.1627,0.4512,0.46332771,0.49,0.5044444444,True,True,True,True,True
7,2,long,2026-05-13,SIRENUSDT,1.1397,0.4512,0.46332771,0.49,0.5044444444,True,True,True,True,True
7,2,long,2026-05-29,ZECUSDT,529.55,250,252.27,0.49,0.4949494949,True,True,True,True,True
7,2,long,2026-05-30,ZECUSDT,528.2,250,252.27,0.49,0.4949494949,True,True,True,True,True
7,2,long,2026-05-31,ZECUSDT,568.5,250,252.27,0.49,0.4949494949,True,True,True,True,True
7,2,long,2026-06-01,LABUSDT,15.6493,5.7586,5.8381015,0.49,0.5,True,True,True,True,True
7,2,long,2026-06-01,ZECUSDT,544.33,250,252.27,0.49,0.4949494949,True,True,True,True,True
7,2,long,2026-06-02,ZECUSDT,609.45,250,252.27,0.49,0.4949494949,True,True,True,True,True
7,2,long,2026-06-03,LABUSDT,15.3623,7.593,7.611,0.49,0.5,True,True,True,True,True
7,2,long,2026-06-03,ZECUSDT,621.04,250,252.27,0.49,0.4949494949,True,True,True,True,True
7,2,long,2026-06-06,LABUSDT,13.425,6.577,6.58181364,0.49,0.5,True,True,True,True,True
7,2,long,2026-06-06,SKYAIUSDT,0.34963,0.1513,0.15138,0.49,0.5,True,True,True,True,True
7,2,long,2026-06-17,BSBUSDT,0.5962,0.27506,0.27618097,0.49,0.5,True,True,True,True,True
7,2,long,2026-06-21,SKYAIUSDT,0.37046,0.13001,0.13094607,0.49,0.5,True,True,True,True,True
7,2,short,2021-02-01,AAVEUSDT,295.759,549.99,546.0736876,0.49,0.4851485149,True,True,True,True,True
7,2,short,2021-02-01,ADAUSDT,0.40983,0.72735,0.72544279,0.49,0.4900990099,True,True,True,True,True
7,2,short,2021-02-01,BNBUSDT,51.483,80.386,80.10248647,0.49,0.4920477137,True,True,True,True,True
7,2,short,2021-02-01,DOGEUSDT,0.034835,0.08781,0.08708865,0.49,0.4903129657,True,True,True,True,True
7,2,short,2021-02-01,MKRUSDT,1474.41,3107.02,3089.144302,0.49,0.4871287129,True,True,True,True,True
7,2,short,2021-02-02,AAVEUSDT,303.288,549.99,546.0736876,0.49,0.4851485149,True,True,True,True,True
7,2,short,2021-02-02,ADAUSDT,0.42559,0.72735,0.72544279,0.49,0.4900990099,True,True,True,True,True
7,2,short,2021-02-02,BNBUSDT,50.914,116.592,115.7983216,0.49,0.4920477137,True,True,True,True,True
7,2,short,2021-02-02,DOGEUSDT,0.031357,0.08781,0.08708865,0.49,0.4903129657,True,True,True,True,True
7,2,short,2021-02-02,MKRUSDT,1703.84,3107.02,3089.144302,0.49,0.4871287129,True,True,True,True,True
7,2,short,2021-02-02,TRXUSDT,0.03321,0.05133,0.05104359,0.49,0.4886138614,True,True,True,True,True
7,2,short,2021-02-03,AAVEUSDT,384.168,584.832,583.062,0.49,0.4851485149,True,True,True,True,True
7,2,short,2021-02-03,ADAUSDT,0.44273,0.96,0.95468766,0.49,0.4900990099,True,True,True,True,True
7,2,short,2021-02-03,BNBUSDT,52.096,148.9,148.5030541,0.49,0.4920477137,True,True,True,True,True
7,2,short,2021-02-03,DOGEUSDT,0.03736,0.08781,0.08708865,0.49,0.4903129657,True,True,True,True,True
7,2,short,2021-02-03,GRTUSDT,0.82757,1.28709,1.28782073,0.49,0.4779411765,True,True,True,True,True
7,2,short,2021-02-03,MKRUSDT,1765.37,3107.02,3089.144302,0.49,0.4871287129,True,True,True,True,True
7,2,short,2021-02-04,ADAUSDT,0.44037,0.99398,0.98452444,0.49,0.4900990099,True,True,True,True,True
7,2,short,2021-02-04,BNBUSDT,55.968,148.9,148.5030541,0.49,0.4920477137,True,True,True,True,True
7,2,short,2021-02-04,DOGEUSDT,0.052782,0.08781,0.08708865,0.49,0.4903129657,True,True,True,True,True
7,2,short,2021-02-04,EOSUSDT,3.028,4.688,4.68505895,0.49,,True,True,False,False,False
7,2,short,2021-02-04,GRTUSDT,0.81585,2.1763,2.18097,0.49,0.4779411765,True,True,True,True,True
7,2,short,2021-02-04,TRXUSDT,0.03315,0.05938,0.05917031,0.49,0.4886138614,True,True,True,True,True
7,2,short,2021-02-04,YFIUSDT,31128.1,46100,45996.89503,0.49,0.4779411765,False,False,True,False,True
7,2,short,2021-02-05,ADAUSDT,0.53929,0.99398,0.98452444,0.49,0.4900990099,True,True,True,True,True
7,2,short,2021-02-05,BNBUSDT,67.736,148.9,148.5030541,0.49,0.4920477137,True,True,True,True,True
7,2,short,2021-02-05,DOGEUSDT,0.04683,0.08781,0.08708865,0.49,0.4903129657,True,True,True,True,True
7,2,short,2021-02-05,GRTUSDT,0.95146,2.86547,2.86027818,0.49,0.4779411765,True,True,True,True,True
7,2,short,2021-02-05,TRXUSDT,0.0363,0.05938,0.05917031,0.49,0.4886138614,True,True,True,True,True
7,2,short,2021-02-05,XLMUSDT,0.35227,0.5378,0.53744422,0.49,0.4827586207,True,True,True,True,True
7,2,short,2021-02-05,YFIUSDT,32534.4,55587.6,52658.38324,0.49,0.4779411765,True,True,True,True,True
7,2,short,2021-02-06,ADAUSDT,0.63596,0.99398,0.98452444,0.49,0.4900990099,True,True,True,True,True
7,2,short,2021-02-06,BNBUSDT,72.555,148.9,148.5030541,0.49,0.4920477137,True,True,True,True,True
7,2,short,2021-02-06,DOGEUSDT,0.057716,0.08781,0.08708865,0.49,0.4903129657,True,True,True,True,True
7,2,short,2021-02-06,EOSUSDT,3.215,5.58,5.57194601,0.49,,True,True,False,False,False
7,2,short,2021-02-06,GRTUSDT,0.867,2.86547,2.86027818,0.49,0.4779411765,True,True,True,True,True
7,2,short,2021-02-06,TRXUSDT,0.03514,0.06147,0.06130312,0.49,0.4886138614,True,True,True,True,True
7,2,short,2021-02-06,XLMUSDT,0.37808,0.60982,0.6081108,0.49,0.4827586207,True,True,True,True,True
7,2,short,2021-02-06,YFIUSDT,31673.1,55587.6,52658.38324,0.49,0.4779411765,True,True,True,True,True
7,2,short,2021-02-07,ADAUSDT,0.66126,0.99398,0.98452444,0.49,0.4900990099,True,False,True,False,True
7,2,short,2021-02-07,BCHUSDT,445.76,750.47,749.5381813,0.49,0.4900990099,True,True,True,True,True
7,2,short,2021-02-07,BNBUSDT,68.269,148.9,148.5030541,0.49,0.4920477137,True,True,True,True,True
7,2,short,2021-02-07,DOTUSDT,19.765,30.328,30.30166246,0.49,0.4886138614,True,True,True,True,True
7,2,short,2021-02-07,EOSUSDT,3.444,5.648,5.61735383,0.49,,True,True,False,False,False
7,2,short,2021-02-07,GRTUSDT,0.91949,2.86547,2.86027818,0.49,0.4779411765,True,True,True,True,True
7,2,short,2021-02-07,LTCUSDT,150.91,231.37,230.9923479,0.49,0.4900990099,True,True,True,True,True
7,2,short,2021-02-07,TRXUSDT,0.036,0.06147,0.06130312,0.49,0.4886138614,True,True,True,True,True
7,2,short,2021-02-07,XLMUSDT,0.38631,0.60982,0.6081108,0.49,0.4827586207,True,True,True,True,True
7,2,short,2021-02-07,XRPUSDT,0.4188,0.646,0.6443,0.49,0.4925373134,True,True,True,True,True
7,2,short,2021-02-07,YFIUSDT,30929.9,55587.6,52658.38324,0.49,0.4779411765,True,True,True,True,True
7,2,short,2021-02-08,BCHUSDT,485,776.5,774.5511102,0.49,0.4900990099,True,True,True,True,True
7,2,short,2021-02-08,BNBUSDT,80.146,148.9,148.5030541,0.49,0.4920477137,True,True,True,True,True
7,2,short,2021-02-08,EOSUSDT,3.601,5.648,5.61735383,0.49,,True,True,False,False,False
7,2,short,2021-02-08,GRTUSDT,0.97092,2.86547,2.86027818,0.49,0.4779411765,True,True,True,True,True
7,2,short,2021-02-08,TRXUSDT,0.04048,0.06147,0.06130312,0.49,0.4886138614,True,True,True,True,True
7,2,short,2021-02-08,XLMUSDT,0.39797,0.60982,0.6081108,0.49,0.4827586207,True,True,True,True,True
7,2,short,2021-02-08,YFIUSDT,32610.6,55587.6,52658.38324,0.49,0.4779411765,True,True,True,True,True
7,2,short,2021-02-09,BCHUSDT,516.06,776.5,774.5511102,0.49,0.4900990099,True,True,True,True,True
7,2,short,2021-02-09,GRTUSDT,1.05863,2.86547,2.86027818,0.49,0.4779411765,True,True,True,True,True
7,2,short,2021-02-09,XLMUSDT,0.40143,0.60982,0.6081108,0.49,0.4827586207,True,True,True,True,True
7,2,short,2021-02-09,YFIUSDT,35343.7,55587.6,52658.38324,0.49,0.4779411765,True,False,True,True,True
7,2,short,2021-02-10,BCHUSDT,495.53,776.5,774.5511102,0.49,0.4900990099,True,True,True,True,True
7,2,short,2021-02-10,GRTUSDT,1.26189,2.86547,2.86027818,0.49,0.4779411765,True,True,True,True,True
7,2,short,2021-02-10,YFIUSDT,36422.3,55587.6,52658.38324,0.49,0.4779411765,True,False,True,False,True
7,2,short,2021-02-11,BNBUSDT,124.11,201.69,200.3234958,0.49,0.4920477137,True,True,True,True,True
7,2,short,2021-02-12,BNBUSDT,136.745,350,348.3352879,0.49,0.4920477137,True,True,True,True,True
7,2,short,2021-02-13,BNBUSDT,133.5,350,348.3352879,0.49,0.4920477137,True,True,True,True,True
7,2,short,2021-02-13,DOTUSDT,28.073,42.395,42.35986836,0.49,0.4886138614,True,True,True,True,True
7,2,short,2021-02-13,UNIUSDT,21.8543,33.2375,33.11081126,0.49,0.4891089109,True,True,True,True,True
7,2,short,2021-02-14,BNBUSDT,135.844,350,348.3352879,0.49,0.4920477137,True,True,True,True,True
7,2,short,2021-02-14,DOTUSDT,26.931,42.395,42.35986836,0.49,0.4886138614,True,True,True,True,True
7,2,short,2021-02-14,UNIUSDT,20.863,33.2375,33.11081126,0.49,0.4891089109,True,True,True,True,True
7,2,short,2021-02-15,BNBUSDT,130.037,350,348.3352879,0.49,0.4920477137,True,True,True,True,True
7,2,short,2021-02-15,DOTUSDT,27.831,42.395,42.35986836,0.49,0.4886138614,True,True,True,True,True
7,2,short,2021-02-15,UNIUSDT,20.1047,33.2375,33.11081126,0.49,0.4891089109,True,True,True,True,True
7,2,short,2021-02-16,BNBUSDT,130.334,350,348.3352879,0.49,0.4920477137,True,True,True,True,True
7,2,short,2021-02-16,UNIUSDT,20.4965,33.2375,33.11081126,0.49,0.4891089109,True,True,True,True,True
7,2,short,2021-02-17,BNBUSDT,165.556,350,348.3352879,0.49,0.4920477137,True,True,True,True,True
7,2,short,2021-02-17,UNIUSDT,21.5581,33.2375,33.11081126,0.49,0.4891089109,True,True,True,True,True
7,2,short,2021-02-18,BNBUSDT,195.549,350,348.3352879,0.49,0.4920477137,True,True,True,True,True
7,2,short,2021-02-18,UNIUSDT,21.1869,33.2375,33.11081126,0.49,0.4891089109,True,True,True,True,True
7,2,short,2021-02-19,UNIUSDT,20.1054,33.2375,33.11081126,0.49,0.4891089109,True,True,True,True,True
7,2,short,2021-02-23,ADAUSDT,0.96177,1.486,1.48647712,0.49,0.4900990099,True,True,True,True,True
7,2,short,2021-02-28,UNIUSDT,22.2342,34.9329,34.89943784,0.49,0.4891089109,True,True,True,True,True
7,2,short,2021-03-09,FILUSDT,42.014,64.043,63.987,0.49,0.4910536779,True,True,True,True,True
7,2,short,2021-03-10,FILUSDT,42.49,96.57,96.53590453,0.49,0.4910536779,True,True,True,True,True
7,2,short,2021-03-11,FILUSDT,42.306,96.57,96.53590453,0.49,0.4910536779,True,True,True,True,True
7,2,short,2021-03-12,FILUSDT,44.09,96.57,96.53590453,0.49,0.4910536779,True,True,True,True,True
7,2,short,2021-03-13,FILUSDT,49.531,96.57,96.53590453,0.49,0.4910536779,True,True,True,True,True
7,2,short,2021-03-14,FILUSDT,53.878,96.57,96.53590453,0.49,0.4910536779,True,True,True,True,True
7,2,short,2021-03-15,FILUSDT,53.38,96.57,96.53590453,0.49,0.4910536779,True,True,True,True,True
7,2,short,2021-03-16,FILUSDT,63.634,96.57,96.53590453,0.49,0.4910536779,True,True,True,True,True
7,2,short,2021-03-19,FILUSDT,83.081,129.265,128.7480974,0.49,0.4910536779,True,True,True,True,True
7,2,short,2021-03-20,FILUSDT,82.116,139.56,139.445,0.49,0.4910536779,True,True,True,True,True
7,2,short,2021-03-21,FILUSDT,80.684,139.56,139.445,0.49,0.4910536779,True,True,True,True,True
7,2,short,2021-03-22,FILUSDT,76.387,139.56,139.445,0.49,0.4910536779,True,True,True,True,True
7,2,short,2021-03-23,FILUSDT,82.585,153.613,153.4297617,0.49,0.4910536779,True,True,True,True,True
7,2,short,2021-03-24,FILUSDT,85.857,198.427,197.601168,0.49,0.4910536779,True,True,True,True,True
7,2,short,2021-03-24,TRXUSDT,0.05564,0.09795,0.09767028,0.49,0.4886138614,True,True,True,True,True
7,2,short,2021-03-25,EOSUSDT,3.677,6.003,5.99630224,0.49,,True,True,False,False,False
7,2,short,2021-03-25,FILUSDT,90.905,238.511,237.825,0.49,0.4910536779,True,True,True,True,True
7,2,short,2021-03-25,TRXUSDT,0.05528,0.09795,0.09767028,0.49,0.4886138614,True,True,True,True,True
7,2,short,2021-03-26,EOSUSDT,4.191,6.374,6.36253474,0.49,,True,True,False,False,False
7,2,short,2021-03-26,FILUSDT,124.631,238.511,237.825,0.49,0.4910536779,True,True,True,True,True
7,2,short,2021-03-26,TRXUSDT,0.06464,0.09795,0.09767028,0.49,0.4886138614,True,True,True,True,True
7,2,short,2021-03-27,EOSUSDT,4.097,6.51,6.5,0.49,,True,True,False,False,False
7,2,short,2021-03-27,FILUSDT,132.395,238.511,237.825,0.49,0.4910536779,True,True,True,True,True
7,2,short,2021-03-27,TRXUSDT,0.0636,0.11131,0.11119198,0.49,0.4886138614,True,True,True,True,True
7,2,short,2021-03-28,EOSUSDT,4.113,6.51,6.5,0.49,,True,True,False,False,False
7,2,short,2021-03-28,FILUSDT,125.187,238.511,237.825,0.49,0.4910536779,True,True,True,True,True
7,2,short,2021-03-28,TRXUSDT,0.06366,0.1285,0.12845913,0.49,0.4886138614,True,True,True,True,True
7,2,short,2021-03-29,EOSUSDT,4.282,7.105,7.10103114,0.49,,True,True,False,False,False
7,2,short,2021-03-29,FILUSDT,127.521,238.511,237.825,0.49,0.4910536779,True,True,True,True,True
7,2,short,2021-03-29,TRXUSDT,0.06479,0.1497,0.14958,0.49,0.4886138614,True,True,True,True,True
7,2,short,2021-03-29,XRPUSDT,0.5662,0.9421,0.9408,0.49,0.4925373134,True,True,True,True,True
7,2,short,2021-03-30,EOSUSDT,4.344,7.126,7.11253895,0.49,,True,True,False,False,False
7,2,short,2021-03-30,FILUSDT,149.858,238.511,237.825,0.49,0.4910536779,True,True,True,True,True
7,2,short,2021-03-30,TRXUSDT,0.06608,0.1497,0.14958,0.49,0.4886138614,True,True,True,True,True
7,2,short,2021-03-30,XRPUSDT,0.5629,1.124,1.12086563,0.49,0.4925373134,True,True,True,True,True
7,2,short,2021-03-31,TRXUSDT,0.09328,0.1497,0.14958,0.49,0.4886138614,True,True,True,True,True
7,2,short,2021-03-31,XRPUSDT,0.5708,1.124,1.12086563,0.49,0.4925373134,True,True,True,True,True
7,2,short,2021-04-01,TRXUSDT,0.08551,0.1497,0.14958,0.49,0.4886138614,True,True,True,True,True
7,2,short,2021-04-01,XRPUSDT,0.5714,1.124,1.12086563,0.49,0.4925373134,True,True,True,True,True
7,2,short,2021-04-02,ENJUSDT,2.57146,3.98,3.99216181,0.49,0.4707317073,True,True,True,True,True
7,2,short,2021-04-02,TRXUSDT,0.0926,0.1497,0.14958,0.49,0.4886138614,True,True,True,True,True
7,2,short,2021-04-02,XRPUSDT,0.6078,1.124,1.12086563,0.49,0.4925373134,True,True,True,True,True
7,2,short,2021-04-03,BNBUSDT,322.235,489.5,488.6653031,0.49,0.4920477137,True,True,True,True,True
7,2,short,2021-04-03,ENJUSDT,2.31552,3.98,3.99216181,0.49,0.4707317073,True,True,True,True,True
7,2,short,2021-04-03,XRPUSDT,0.579,1.4063,1.40075906,0.49,0.4925373134,True,True,True,True,True
7,2,short,2021-04-04,BNBUSDT,349.304,529.909,529.0995934,0.49,0.4920477137,True,True,True,True,True
7,2,short,2021-04-04,ENJUSDT,2.4116,3.98,3.99216181,0.49,0.4707317073,True,True,True,True,True
7,2,short,2021-04-04,XRPUSDT,0.6353,1.5057,1.49960752,0.49,0.4925373134,True,True,True,True,True
7,2,short,2021-04-05,BNBUSDT,368.763,640.5,638.8,0.49,0.4920477137,True,True,True,True,True
7,2,short,2021-04-05,ENJUSDT,2.47238,3.98,3.99216181,0.49,0.4707317073,True,True,True,True,True
7,2,short,2021-04-05,XRPUSDT,0.9176,1.5057,1.49960752,0.49,0.4925373134,True,True,True,True,True
7,2,short,2021-04-06,BNBUSDT,403.484,640.5,638.8,0.49,0.4920477137,True,True,True,True,True
7,2,short,2021-04-06,ENJUSDT,2.32244,3.98,3.99216181,0.49,0.4707317073,True,True,True,True,True
7,2,short,2021-04-06,XRPUSDT,1.1005,1.895,1.8939948,0.49,0.4925373134,True,True,True,True,True
7,2,short,2021-04-07,BNBUSDT,375.947,640.5,638.8,0.49,0.4920477137,True,True,True,True,True
7,2,short,2021-04-07,XRPUSDT,0.918,1.977,1.974,0.49,0.4925373134,True,True,True,True,True
7,2,short,2021-04-08,BNBUSDT,418.755,640.5,638.8,0.49,0.4920477137,True,True,True,True,True
7,2,short,2021-04-08,XRPUSDT,1.0588,1.977,1.974,0.49,0.4925373134,True,True,True,True,True
7,2,short,2021-04-09,BCHUSDT,632.11,1182.77,1176.057764,0.49,0.4900990099,True,True,True,True,True
7,2,short,2021-04-09,CHZUSDT,0.48354,0.84,0.83978204,0.49,0.4779411765,True,True,True,True,True
7,2,short,2021-04-09,TRXUSDT,0.11587,0.17983,0.17913846,0.49,0.4886138614,True,True,True,True,True
7,2,short,2021-04-09,XRPUSDT,1.0192,1.977,1.974,0.49,0.4925373134,True,True,True,True,True
7,2,short,2021-04-10,BCHUSDT,674.43,1218.22,1215.6,0.49,0.4900990099,True,True,True,True,True
7,2,short,2021-04-10,CHZUSDT,0.46236,0.84,0.83978204,0.49,0.4779411765,True,True,True,True,True
7,2,short,2021-04-11,BCHUSDT,690.64,1218.22,1215.6,0.49,0.4900990099,True,True,True,True,True
7,2,short,2021-04-11,CHZUSDT,0.46616,0.84,0.83978204,0.49,0.4779411765,True,True,True,True,True
7,2,short,2021-04-12,BCHUSDT,671.4,1218.22,1215.6,0.49,0.4900990099,True,True,True,True,True
7,2,short,2021-04-12,CHZUSDT,0.56818,0.84,0.83978204,0.49,0.4779411765,False,False,True,True,True
7,2,short,2021-04-13,BCHUSDT,746.32,1218.22,1215.6,0.49,0.4900990099,True,True,True,True,True
7,2,short,2021-04-13,CHZUSDT,0.519,0.84,0.83978204,0.49,0.4779411765,True,True,True,True,True
7,2,short,2021-04-14,BCHUSDT,815.56,1218.22,1215.6,0.49,0.4900990099,True,True,True,True,True
7,2,short,2021-04-14,CHZUSDT,0.50361,0.84,0.83978204,0.49,0.4779411765,True,True,True,True,True
7,2,short,2021-04-15,CHZUSDT,0.53425,0.84,0.83978204,0.49,0.4779411765,True,True,True,True,True
7,2,short,2021-04-24,CHZUSDT,0.38754,0.61545,0.61455,0.49,0.4779411765,True,True,True,True,True
7,2,short,2021-04-24,XRPUSDT,1.0503,1.6686,1.66802779,0.49,0.4925373134,True,True,True,True,True
7,2,short,2021-04-25,CHZUSDT,0.39232,0.61545,0.61455,0.49,0.4779411765,True,True,True,True,True
7,2,short,2021-04-25,XRPUSDT,1.0356,1.6686,1.66802779,0.49,0.4925373134,True,True,True,True,True
7,2,short,2021-04-28,BCHUSDT,911.1,1479.5,1477.216285,0.49,0.4900990099,True,True,True,True,True
7,2,short,2021-04-29,BCHUSDT,881.02,1610,1606.422084,0.49,0.4900990099,True,True,True,True,True
7,2,short,2021-04-29,EOSUSDT,5.899,12.885,12.83433434,0.49,,True,True,False,False,False
7,2,short,2021-04-30,BCHUSDT,997.27,1610,1606.422084,0.49,0.4900990099,True,True,True,True,True
7,2,short,2021-04-30,EOSUSDT,6.457,13.306,13.27186785,0.49,,True,True,False,False,False
7,2,short,2021-05-01,BCHUSDT,1004.88,1610,1606.422084,0.49,0.4900990099,True,True,True,True,True
7,2,short,2021-05-01,DOGEUSDT,0.391209,0.744178,0.742635,0.49,0.4903129657,True,True,True,True,True
7,2,short,2021-05-01,EOSUSDT,6.62,13.306,13.27186785,0.49,,True,True,False,False,False
7,2,short,2021-05-01,ETCUSDT,44.85,179,178.8001585,0.49,0.4900990099,True,True,True,True,True
7,2,short,2021-05-02,BCHUSDT,973.77,1610,1606.422084,0.49,0.4900990099,True,True,True,True,True
7,2,short,2021-05-02,DOGEUSDT,0.374584,0.744178,0.742635,0.49,0.4903129657,True,True,True,True,True
7,2,short,2021-05-02,EOSUSDT,6.535,13.306,13.27186785,0.49,,True,True,False,False,False
7,2,short,2021-05-02,ETCUSDT,44.897,179,178.8001585,0.49,0.4900990099,True,True,True,True,True
7,2,short,2021-05-03,BCHUSDT,1016.51,1610,1606.422084,0.49,0.4900990099,True,True,True,True,True
7,2,short,2021-05-03,DOGEUSDT,0.441713,0.744178,0.742635,0.49,0.4903129657,True,True,True,True,True
7,2,short,2021-05-03,EOSUSDT,6.817,13.306,13.27186785,0.49,,True,True,False,False,False
7,2,short,2021-05-03,ETCUSDT,52.114,179,178.8001585,0.49,0.4900990099,True,True,True,True,True
7,2,short,2021-05-04,BCHUSDT,951.58,1610,1606.422084,0.49,0.4900990099,True,True,True,True,True
7,2,short,2021-05-04,EOSUSDT,6.342,14.558,14.541,0.49,,True,True,False,False,False
7,2,short,2021-05-04,ETCUSDT,69.343,179,178.8001585,0.49,0.4900990099,True,True,True,True,True
7,2,short,2021-05-04,XLMUSDT,0.50217,0.78189,0.78073663,0.49,0.4827586207,True,True,True,True,True
7,2,short,2021-05-05,EOSUSDT,8.732,14.927,14.906,0.49,,True,True,False,False,False
7,2,short,2021-05-05,ETCUSDT,94.289,179,178.8001585,0.49,0.4900990099,True,True,True,True,True
7,2,short,2021-05-10,ADAUSDT,1.6419,2.4705,2.46976198,0.49,0.4900990099,True,True,True,True,True
7,2,short,2021-05-10,EOSUSDT,9.271,14.927,14.906,0.49,,True,True,False,False,False
7,2,short,2021-05-12,ADAUSDT,1.5664,2.4705,2.46976198,0.49,0.4900990099,True,True,True,True,True
7,2,short,2021-05-12,DOGEUSDT,0.39081,0.59092,0.59008583,0.49,0.4903129657,True,True,True,True,True
7,2,short,2021-05-19,ETCUSDT,59.36,89,83.38931065,0.49,0.4900990099,True,False,True,False,True
7,2,short,2021-05-19,SOLUSDT,34.952,52.216,51.77865531,0.49,0.4925373134,True,False,True,False,True
7,2,short,2021-05-22,EOSUSDT,5.102,7.671,7.65445502,0.49,,True,True,False,False,False
7,2,short,2021-05-22,ETCUSDT,58.46,89,83.38931065,0.49,0.4900990099,True,False,True,False,True
7,2,short,2021-05-22,LINKUSDT,23.3,35.343,35.31817572,0.49,0.4900990099,True,True,True,True,True
7,2,short,2021-05-23,BNBUSDT,260.61,388.55,388.0129092,0.49,0.4920477137,True,False,False,False,True
7,2,short,2021-05-23,CHZUSDT,0.21336,0.3375,0.33746,0.49,0.4779411765,True,True,True,True,True
7,2,short,2021-05-23,EOSUSDT,4.286,7.671,7.65445502,0.49,,True,True,False,False,False
7,2,short,2021-05-23,ETCUSDT,51.499,89,83.38931065,0.49,0.4900990099,True,True,True,True,True
7,2,short,2021-05-23,LINKUSDT,19.836,35.343,35.31817572,0.49,0.4900990099,True,True,True,True,True
7,2,short,2021-05-23,SOLUSDT,24.517,37.29,37.243,0.49,0.4925373134,True,True,True,True,True
7,2,short,2021-05-23,UNIUSDT,16.701,30.039,30.01646451,0.49,0.4891089109,True,True,True,True,True
7,2,short,2021-05-23,VETUSDT,0.08629,0.14104,0.14096274,0.49,0.4871287129,True,True,True,True,True
7,2,short,2021-05-28,THETAUSDT,6.558,10.477,10.45294876,0.49,0.4779411765,True,True,True,True,True
7,2,short,2021-05-29,SOLUSDT,27.38,42.786,42.76173306,0.49,0.4925373134,True,True,True,True,True
7,2,short,2021-05-29,THETAUSDT,6.338,10.477,10.45294876,0.49,0.4779411765,True,True,True,True,True
7,2,short,2021-05-29,VETUSDT,0.09891,0.15269,0.15266607,0.49,0.4871287129,True,True,True,True,True
7,2,short,2021-05-30,SOLUSDT,28.59,43.47,43.385,0.49,0.4925373134,True,True,True,True,True
7,2,short,2021-05-30,THETAUSDT,6.499,10.477,10.45294876,0.49,0.4779411765,True,True,True,True,True
7,2,short,2021-06-21,DOGEUSDT,0.17835,0.28941,0.28928,0.49,0.4903129657,True,True,True,True,True
7,2,short,2021-06-22,DOGEUSDT,0.19061,0.28941,0.28928,0.49,0.4903129657,True,True,True,True,True
7,2,short,2021-06-22,ETCUSDT,36.52,58.88,58.67,0.49,0.4900990099,True,True,True,True,True
7,2,short,2021-06-23,ETCUSDT,40.728,62.57,62.463,0.49,0.4900990099,True,True,True,True,True
7,2,short,2021-06-25,ETCUSDT,39.303,62.57,62.463,0.49,0.4900990099,True,True,True,True,True
7,2,short,2021-06-26,ETCUSDT,40.473,62.57,62.463,0.49,0.4900990099,True,True,True,True,True
7,2,short,2021-08-03,AXSUSDT,38.34,64.88,64.74630714,0.49,0.4779411765,True,True,True,True,True
7,2,short,2021-08-04,AXSUSDT,43.74,77.41,77.3204691,0.49,0.4779411765,True,True,True,True,True
7,2,short,2021-08-04,XRPUSDT,0.7314,1.0928,1.09036017,0.49,0.4925373134,True,True,True,False,True
7,2,short,2021-08-05,AXSUSDT,42.55,77.41,77.3204691,0.49,0.4779411765,True,True,True,True,True
7,2,short,2021-08-06,ADAUSDT,1.4024,2.1525,2.1519,0.49,0.4900990099,True,True,True,True,True
7,2,short,2021-08-06,AXSUSDT,42.53,77.41,77.3204691,0.49,0.4779411765,True,True,True,True,True
7,2,short,2021-08-07,ADAUSDT,1.4736,2.253,2.2528,0.49,0.4900990099,True,True,True,True,True
7,2,short,2021-08-07,AXSUSDT,41.36,77.41,77.3204691,0.49,0.4779411765,True,True,True,True,True
7,2,short,2021-08-07,XRPUSDT,0.817,1.312,1.3113176,0.49,0.4925373134,True,True,True,True,True
7,2,short,2021-08-08,ADAUSDT,1.4264,2.257,2.25543945,0.49,0.4900990099,True,True,True,True,True
7,2,short,2021-08-08,AXSUSDT,42.24,77.41,77.3204691,0.49,0.4779411765,True,True,True,True,True
7,2,short,2021-08-08,CHRUSDT,0.3049,0.48,0.48,0.49,0.4707317073,True,True,True,True,True
7,2,short,2021-08-08,XRPUSDT,0.7796,1.35,1.34964559,0.49,0.4925373134,True,True,True,True,True
7,2,short,2021-08-09,ADAUSDT,1.4758,2.257,2.25543945,0.49,0.4900990099,True,True,True,True,True
7,2,short,2021-08-09,AXSUSDT,43.56,77.41,77.3204691,0.49,0.4779411765,True,True,True,True,True
7,2,short,2021-08-09,CHRUSDT,0.3098,0.48,0.48,0.49,0.4707317073,True,True,True,True,True
7,2,short,2021-08-09,SOLUSDT,38.68,69.448,69.14960948,0.49,0.4925373134,True,True,True,True,True
7,2,short,2021-08-09,XRPUSDT,0.8178,1.35,1.34964559,0.49,0.4925373134,True,True,True,True,True
7,2,short,2021-08-10,SOLUSDT,40.676,75.25,75.041,0.49,0.4925373134,True,True,True,True,True
7,2,short,2021-08-10,XRPUSDT,0.8519,1.35,1.34964559,0.49,0.4925373134,True,True,True,True,True
7,2,short,2021-08-11,SOLUSDT,41.65,80.5,80.427,0.49,0.4925373134,True,True,True,True,True
7,2,short,2021-08-12,CHRUSDT,0.3209,0.48,0.48,0.49,0.4707317073,True,True,True,True,True
7,2,short,2021-08-12,SOLUSDT,41.122,80.5,80.427,0.49,0.4925373134,True,True,True,True,True
7,2,short,2021-08-13,SOLUSDT,44.9,80.5,80.427,0.49,0.4925373134,True,True,True,True,True
7,2,short,2021-08-14,RUNEUSDT,7.725,11.74,11.72136275,0.49,0.4779411765,True,True,True,True,True
7,2,short,2021-08-14,SOLUSDT,44.141,82.1,82.013,0.49,0.4925373134,True,True,True,True,True
7,2,short,2021-08-15,SOLUSDT,53.565,82.1,82.013,0.49,0.4925373134,True,True,True,True,True
7,2,short,2021-08-17,ADAUSDT,1.925,2.9787,2.9775,0.49,0.4900990099,True,True,True,True,True
7,2,short,2021-08-17,ALICEUSDT,12.54,18.74,18.707,0.49,0.4571428571,True,True,True,True,True
7,2,short,2021-08-17,RUNEUSDT,8.394,12.49,12.48408868,0.49,0.4779411765,False,False,True,True,True
7,2,short,2021-08-18,ALICEUSDT,11.842,23,22.96002219,0.49,0.4571428571,True,True,True,True,True
7,2,short,2021-08-18,RUNEUSDT,8.066,12.49,12.48408868,0.49,0.4779411765,True,True,True,True,True
7,2,short,2021-08-19,ALICEUSDT,12.423,23,22.96002219,0.49,0.4571428571,True,True,True,True,True
7,2,short,2021-08-20,ALICEUSDT,13.066,23,22.96002219,0.49,0.4571428571,True,True,True,True,True
7,2,short,2021-08-22,ALICEUSDT,16.224,23.888,23.82006459,0.49,0.4571428571,False,False,True,True,True
7,2,short,2021-08-22,SANDUSDT,0.65826,1.048,1.04627784,0.49,0.4779411765,True,True,True,True,True
7,2,short,2021-08-23,SANDUSDT,0.6777,1.20971,1.2005173,0.49,0.4779411765,True,True,True,True,True
7,2,short,2021-08-23,SOLUSDT,75.702,116.6,116.468,0.49,0.4925373134,True,True,True,True,True
7,2,short,2021-08-24,ALICEUSDT,16.023,23.888,23.82006459,0.49,0.4571428571,True,False,True,True,True
7,2,short,2021-08-24,CHRUSDT,0.3637,0.5389,0.53826788,0.49,0.4707317073,False,False,True,True,True
7,2,short,2021-08-24,SANDUSDT,0.61438,1.20971,1.2005173,0.49,0.4779411765,True,True,True,True,True
7,2,short,2021-08-24,SOLUSDT,70.511,130.44,130.0343424,0.49,0.4925373134,True,True,True,True,True
7,2,short,2021-08-25,SANDUSDT,0.73868,1.20971,1.2005173,0.49,0.4779411765,True,True,True,True,True
7,2,short,2021-08-25,SOLUSDT,72.028,130.44,130.0343424,0.49,0.4925373134,True,True,True,True,True
7,2,short,2021-08-26,SANDUSDT,0.67738,1.20971,1.2005173,0.49,0.4779411765,True,True,True,True,True
7,2,short,2021-08-26,SOLUSDT,74.875,132.3,132.1917606,0.49,0.4925373134,True,True,True,True,True
7,2,short,2021-08-27,SANDUSDT,0.70937,1.20971,1.2005173,0.49,0.4779411765,True,True,True,True,True
7,2,short,2021-08-27,SOLUSDT,87.954,149.246,149.0334384,0.49,0.4925373134,True,True,True,True,True
7,2,short,2021-08-28,SANDUSDT,0.76099,1.20971,1.2005173,0.49,0.4779411765,True,True,True,True,True
7,2,short,2021-08-28,SOLUSDT,96.225,151.182,150.7501654,0.49,0.4925373134,True,True,True,True,True
7,2,short,2021-08-29,SOLUSDT,94.239,151.182,150.7501654,0.49,0.4925373134,True,True,True,True,True
7,2,short,2021-08-30,SOLUSDT,110.318,166.274,166.1106675,0.49,0.4925373134,True,True,True,True,True
7,2,short,2021-08-31,SOLUSDT,108.341,195.522,195.3602639,0.49,0.4925373134,True,True,True,True,True
7,2,short,2021-09-01,FILUSDT,78.784,120.502,120.2434611,0.49,0.4910536779,True,True,True,True,True
7,2,short,2021-09-01,SOLUSDT,110.894,198.094,198.0007106,0.49,0.4925373134,True,True,True,True,True
7,2,short,2021-09-02,FILUSDT,77.462,120.502,120.2434611,0.49,0.4910536779,True,True,True,True,True
7,2,short,2021-09-02,SOLUSDT,128.329,216.39,216.0918067,0.49,0.4925373134,True,True,True,True,True
7,2,short,2021-09-03,FILUSDT,77.757,120.502,120.2434611,0.49,0.4910536779,True,True,True,True,True
7,2,short,2021-09-04,SOLUSDT,139.155,216.39,216.0918067,0.49,0.4925373134,True,True,True,True,True
7,2,short,2021-09-05,SOLUSDT,142.14,216.39,216.0918067,0.49,0.4925373134,True,True,True,True,True
7,2,short,2021-09-07,AVAXUSDT,37.976,64.857,64.8539194,0.49,0.4925373134,True,True,True,True,True
7,2,short,2021-09-07,LUNAUSDT,27.933,44.6,44.55173142,0.49,,True,True,False,False,False
7,2,short,2021-09-08,AVAXUSDT,37.053,64.857,64.8539194,0.49,0.4925373134,True,True,True,True,True
7,2,short,2021-09-08,LUNAUSDT,29.483,44.6,44.55173142,0.49,,True,True,False,False,False
7,2,short,2021-09-09,AVAXUSDT,40.782,68.4,68.33454733,0.49,0.4925373134,True,True,True,True,True
7,2,short,2021-09-20,LUNAUSDT,27.5,41.23,41.24040409,0.49,,True,True,False,False,False
7,2,short,2021-09-21,LUNAUSDT,25.137,41.23,41.24040409,0.49,,True,True,False,False,False
7,2,short,2021-09-24,AXSUSDT,68.18,119.76,117.2449459,0.49,0.4779411765,True,True,True,True,True
7,2,short,2021-09-25,AXSUSDT,65.24,120.73,120.3352627,0.49,0.4779411765,True,True,True,True,True
7,2,short,2021-09-26,AXSUSDT,63.61,138.61,138.58,0.49,0.4779411765,True,True,True,True,True
7,2,short,2021-09-27,AXSUSDT,63.83,155.01,154.612466,0.49,0.4779411765,True,True,True,True,True
7,2,short,2021-09-28,AXSUSDT,69.11,155.01,154.612466,0.49,0.4779411765,True,True,True,True,True
7,2,short,2021-09-28,LUNAUSDT,33.122,49.589,49.54542511,0.49,,True,True,False,False,False
7,2,short,2021-09-29,AXSUSDT,69.3,155.01,154.612466,0.49,0.4779411765,True,True,True,True,True
7,2,short,2021-09-30,AXSUSDT,74.61,155.01,154.612466,0.49,0.4779411765,True,True,True,True,True
7,2,short,2021-10-01,FTMUSDT,1.41747,2.45567,2.45022056,0.49,0.4871287129,True,True,True,True,True
7,2,short,2021-10-02,FTMUSDT,1.4594,2.45567,2.45022056,0.49,0.4871287129,True,True,True,True,True
7,2,short,2021-10-03,FTMUSDT,1.4681,2.45567,2.45022056,0.49,0.4871287129,True,True,True,True,True
7,2,short,2021-10-04,FTMUSDT,1.39901,2.45567,2.45022056,0.49,0.4871287129,True,True,True,True,True
7,2,short,2021-10-05,FTMUSDT,1.41563,2.45567,2.45022056,0.49,0.4871287129,True,True,True,True,True
7,2,short,2021-10-06,FTMUSDT,1.61048,2.45567,2.45022056,0.49,0.4871287129,True,True,True,True,True
7,2,short,2021-10-21,FTMUSDT,2.22653,3.4908,3.485038,0.49,0.4871287129,True,True,True,True,True
7,2,short,2021-11-01,AVAXUSDT,64.961,97,96.999,0.49,0.4925373134,True,True,True,True,True
7,2,short,2021-11-06,LTCUSDT,197.74,296,295.5154801,0.49,0.4900990099,True,True,True,True,True
7,2,short,2021-11-09,MANAUSDT,2.5528,3.8085,3.8004,0.49,0.4779411765,True,False,True,True,True
7,2,short,2021-11-10,MANAUSDT,2.4871,3.8085,3.8004,0.49,0.4779411765,True,True,True,True,True
7,2,short,2021-11-11,MANAUSDT,2.676,3.9764,3.97525027,0.49,0.4779411765,False,False,True,True,True
7,2,short,2021-11-14,AVAXUSDT,95.406,148,146.3254295,0.49,0.4925373134,True,True,True,True,True
7,2,short,2021-11-15,AVAXUSDT,93.922,148,146.3254295,0.49,0.4925373134,True,True,True,True,True
7,2,short,2021-11-16,AVAXUSDT,97.898,148,146.3254295,0.49,0.4925373134,True,True,True,True,True
7,2,short,2021-11-17,MANAUSDT,3.3525,5.4916,5.4889644,0.49,0.4779411765,True,True,True,True,True
7,2,short,2021-11-18,MANAUSDT,3.7549,5.917,5.90575075,0.49,0.4779411765,True,True,True,True,True
7,2,short,2021-11-21,MANAUSDT,3.6475,5.917,5.90575075,0.49,0.4779411765,True,True,True,True,True
7,2,short,2021-11-24,LUNAUSDT,38.604,64.871,64.81555931,0.49,,True,True,False,False,False
7,2,short,2021-11-25,LUNAUSDT,43.613,66.578,66.48121334,0.49,,True,True,False,False,False
7,2,short,2021-11-26,LUNAUSDT,41.16,70.65,70.49946031,0.49,,True,True,False,False,False
7,2,short,2021-11-27,LUNAUSDT,43.902,78.29,78.15681633,0.49,,True,True,False,False,False
7,2,short,2021-11-28,LUNAUSDT,50.133,78.377,78.21940306,0.49,,True,True,False,False,False
7,2,short,2021-11-29,LUNAUSDT,51.633,78.377,78.21940306,0.49,,True,True,False,False,False
7,2,short,2021-12-05,LRCUSDT,2.03494,2.96145,2.95710715,0.49,0.4476190476,False,False,True,True,True
7,2,short,2021-12-17,CHRUSDT,0.5553,0.8479,0.8479,0.49,0.4707317073,True,True,True,True,True
7,2,short,2021-12-17,FTMUSDT,1.4011,2.2374,2.23578377,0.49,0.4871287129,True,True,True,True,True
7,2,short,2021-12-18,CHRUSDT,0.5816,0.8936,0.89249929,0.49,0.4707317073,True,True,True,True,True
7,2,short,2021-12-18,FTMUSDT,1.4207,2.2374,2.23578377,0.49,0.4871287129,True,True,True,True,True
7,2,short,2021-12-19,CHRUSDT,0.5809,0.8936,0.89249929,0.49,0.4707317073,True,True,True,True,True
7,2,short,2021-12-19,FTMUSDT,1.4271,2.3883,2.38683789,0.49,0.4871287129,True,True,True,True,True
7,2,short,2021-12-20,CHRUSDT,0.5532,0.8936,0.89249929,0.49,0.4707317073,True,True,True,True,True
7,2,short,2021-12-20,FTMUSDT,1.3653,2.4494,2.44787514,0.49,0.4871287129,True,True,True,True,True
7,2,short,2021-12-21,FTMUSDT,1.4801,2.4494,2.44787514,0.49,0.4871287129,True,True,True,True,True
7,2,short,2021-12-22,FTMUSDT,1.5982,2.4494,2.44787514,0.49,0.4871287129,True,True,True,True,True
7,2,short,2021-12-30,FTMUSDT,2.0997,3.1577,3.1574,0.49,0.4871287129,True,True,True,True,True
7,2,short,2022-01-08,NEARUSDT,13.8162,20.6424,20.57338824,0.49,0.4851485149,True,False,True,True,True
7,2,short,2022-01-09,NEARUSDT,13.5152,20.6424,20.57338824,0.49,0.4851485149,True,True,True,True,True
7,2,short,2022-01-10,DOGEUSDT,0.14295,0.215,0.21484506,0.49,0.4903129657,True,True,True,True,True
7,2,short,2022-01-10,FTMUSDT,2.2226,3.38,3.37745313,0.49,0.4871287129,True,True,True,True,True
7,2,short,2022-01-29,GALAUSDT,0.19221,0.2978,0.29594939,0.49,0.4779411765,True,True,True,True,True
7,2,short,2022-01-30,GALAUSDT,0.18943,0.35755,0.35639506,0.49,0.4779411765,True,True,True,True,True
7,2,short,2022-01-31,1000SHIBUSDT,0.021424,0.0354,0.03515368,0.49,0.4903129657,True,True,True,True,True
7,2,short,2022-01-31,GALAUSDT,0.19783,0.384,0.38366,0.49,0.4779411765,True,True,True,True,True
7,2,short,2022-02-01,1000SHIBUSDT,0.021673,0.0354,0.03515368,0.49,0.4903129657,True,True,True,True,True
7,2,short,2022-02-01,GALAUSDT,0.20548,0.384,0.38366,0.49,0.4779411765,True,True,True,True,True
7,2,short,2022-02-02,1000SHIBUSDT,0.020595,0.0354,0.03515368,0.49,0.4903129657,True,True,True,True,True
7,2,short,2022-02-02,GALAUSDT,0.1862,0.3957,0.39519785,0.49,0.4779411765,True,True,True,True,True
7,2,short,2022-02-02,XRPUSDT,0.6003,0.9173,0.91483902,0.49,0.4925373134,True,True,True,True,True
7,2,short,2022-02-03,1000SHIBUSDT,0.02074,0.0354,0.03515368,0.49,0.4903129657,True,True,True,True,True
7,2,short,2022-02-03,GALAUSDT,0.18713,0.3957,0.39519785,0.49,0.4779411765,True,True,True,True,True
7,2,short,2022-02-03,XRPUSDT,0.6096,0.9173,0.91483902,0.49,0.4925373134,True,True,True,True,True
7,2,short,2022-02-04,1000SHIBUSDT,0.022197,0.0354,0.03515368,0.49,0.4903129657,True,True,True,True,True
7,2,short,2022-02-04,GALAUSDT,0.20162,0.3957,0.39519785,0.49,0.4779411765,True,True,True,True,True
7,2,short,2022-02-05,1000SHIBUSDT,0.022483,0.0354,0.03515368,0.49,0.4903129657,True,True,True,True,True
7,2,short,2022-05-11,APEUSDT,5.725,9.8,9.78176603,0.49,0.4707317073,True,True,True,True,True
7,2,short,2022-05-11,KNCUSDT,1.45,2.333,2.33,0.49,0.4707317073,True,True,True,True,True
7,2,short,2022-05-11,MTLUSDT,0.9993,1.5159,1.51586085,0.49,0.4571428571,True,True,True,True,True
7,2,short,2022-05-12,GMTUSDT,1.1605,1.755,1.7495,0.49,0.4571428571,True,True,True,True,True
7,2,short,2022-05-12,KNCUSDT,1.298,2.7,2.69662275,0.49,0.4707317073,True,True,True,True,True
7,2,short,2022-05-12,MTLUSDT,0.8941,1.5159,1.51586085,0.49,0.4571428571,True,True,True,True,True
7,2,short,2022-05-13,KNCUSDT,1.552,2.853,2.83914931,0.49,0.4707317073,True,True,True,True,True
7,2,short,2022-05-13,MTLUSDT,1.0027,1.5159,1.51586085,0.49,0.4571428571,True,True,True,True,True
7,2,short,2022-05-14,KNCUSDT,1.648,2.853,2.83914931,0.49,0.4707317073,True,True,True,True,True
7,2,short,2022-05-15,KNCUSDT,1.716,2.853,2.83914931,0.49,0.4707317073,True,True,True,True,True
7,2,short,2022-05-16,FTMUSDT,0.3357,0.522,0.52150683,0.49,0.4871287129,True,True,True,True,True
7,2,short,2022-05-16,KNCUSDT,1.535,2.853,2.83914931,0.49,0.4707317073,True,True,True,True,True
7,2,short,2022-05-18,FTMUSDT,0.3189,0.522,0.52150683,0.49,0.4871287129,True,True,True,True,True
7,2,short,2022-05-19,FTMUSDT,0.3506,0.522,0.52150683,0.49,0.4871287129,False,False,True,True,True
7,2,short,2022-05-24,WAVESUSDT,5.633,10.245,10.2710074,0.49,0.4682926829,True,True,True,True,True
7,2,short,2022-05-25,WAVESUSDT,5.46,11.254,11.37474245,0.49,0.4682926829,True,True,True,True,True
7,2,short,2022-05-26,GMTUSDT,0.8942,1.31,1.30588122,0.49,0.4571428571,False,False,True,True,True
7,2,short,2022-05-26,WAVESUSDT,4.84,11.254,11.37474245,0.49,0.4682926829,True,True,True,True,True
7,2,short,2022-05-27,ADAUSDT,0.4563,0.6892,0.68848208,0.49,0.4900990099,True,True,True,True,True
7,2,short,2022-05-27,WAVESUSDT,4.398,11.254,11.37474245,0.49,0.4682926829,True,True,True,True,True
7,2,short,2022-05-28,WAVESUSDT,4.412,11.254,11.37474245,0.49,0.4682926829,True,True,True,True,True
7,2,short,2022-05-29,WAVESUSDT,4.451,11.254,11.37474245,0.49,0.4682926829,True,True,True,True,True
7,2,short,2022-05-30,WAVESUSDT,7.596,11.254,11.37474245,0.49,0.4682926829,False,True,True,True,True
7,2,short,2022-06-14,WAVESUSDT,4.843,7.177,7.16651063,0.49,0.4682926829,False,False,True,True,True
7,2,short,2022-06-16,WAVESUSDT,4.339,7.25,7.246,0.49,0.4682926829,True,True,True,True,True
7,2,short,2022-06-17,WAVESUSDT,4.552,7.25,7.246,0.49,0.4682926829,True,True,True,True,True
7,2,short,2022-06-18,GMTUSDT,0.6006,1.0071,1.0026634,0.49,0.4571428571,True,True,True,True,True
7,2,short,2022-06-18,SANDUSDT,0.7965,1.329,1.32793027,0.49,0.4779411765,True,True,True,True,True
7,2,short,2022-06-18,WAVESUSDT,4.543,7.25,7.246,0.49,0.4682926829,True,True,True,True,True
7,2,short,2022-06-18,ZILUSDT,0.03194,0.0512,0.05117,0.49,0.4779411765,True,True,True,True,True
7,2,short,2022-06-19,GMTUSDT,0.7486,1.1111,1.10900009,0.49,0.4571428571,False,False,True,True,True
7,2,short,2022-06-19,SANDUSDT,0.8538,1.349,1.3488,0.49,0.4779411765,True,True,True,True,True
7,2,short,2022-06-19,WAVESUSDT,4.784,7.25,7.246,0.49,0.4682926829,True,True,True,True,True
7,2,short,2022-06-19,ZILUSDT,0.03402,0.0512,0.05117,0.49,0.4779411765,True,True,True,True,True
7,2,short,2022-06-20,GMTUSDT,0.7586,1.1111,1.10900009,0.49,0.4571428571,False,False,True,True,True
7,2,short,2022-06-20,SANDUSDT,0.8676,1.349,1.3488,0.49,0.4779411765,True,True,True,True,True
7,2,short,2022-06-20,WAVESUSDT,4.847,7.25,7.246,0.49,0.4682926829,True,True,True,True,True
7,2,short,2022-06-20,ZILUSDT,0.03451,0.0512,0.05117,0.49,0.4779411765,False,False,True,True,True
7,2,short,2022-06-21,SANDUSDT,0.9114,1.349,1.3488,0.49,0.4779411765,False,False,True,True,True
7,2,short,2022-06-22,GMTUSDT,0.7298,1.1111,1.10900009,0.49,0.4571428571,True,True,True,True,True
7,2,short,2022-07-01,UNFIUSDT,4.741,7.675,7.65149946,0.49,0.4634146341,True,True,True,True,True
7,2,short,2022-07-11,MATICUSDT,0.5625,0.9838,0.98333246,0.49,,True,True,False,False,False
7,2,short,2022-07-12,APEUSDT,4.24,6.35,6.3458326,0.49,0.4707317073,True,True,True,True,True
7,2,short,2022-07-12,AVAXUSDT,16.74,26.3,26.28,0.49,0.4925373134,True,True,True,True,True
7,2,short,2022-07-12,ETHUSDT,1037.88,1640,1628.963995,0.49,0.4940239044,True,True,True,True,True
7,2,short,2022-07-12,FTMUSDT,0.2341,0.3499,0.3488858,0.49,0.4871287129,True,True,True,True,True
7,2,short,2022-07-12,MATICUSDT,0.5358,0.9838,0.98333246,0.49,,True,True,False,False,False
7,2,short,2022-07-13,MATICUSDT,0.6387,0.9838,0.98333246,0.49,,True,True,False,False,False
7,2,short,2022-07-15,APEUSDT,4.599,6.945,6.91469223,0.49,0.4707317073,True,True,True,True,True
7,2,short,2022-07-22,UNFIUSDT,6.17,13.532,13.47598338,0.49,0.4634146341,True,True,True,True,True
7,2,short,2022-07-23,UNFIUSDT,6.352,13.532,13.47598338,0.49,0.4634146341,True,True,True,True,True
7,2,short,2022-07-24,UNFIUSDT,6.189,13.532,13.47598338,0.49,0.4634146341,True,True,True,True,True
7,2,short,2022-07-25,UNFIUSDT,5.626,13.532,13.47598338,0.49,0.4634146341,True,True,True,True,True
7,2,short,2022-07-26,UNFIUSDT,5.839,13.532,13.47598338,0.49,0.4634146341,True,True,True,True,True
7,2,short,2022-07-27,UNFIUSDT,6.327,13.532,13.47598338,0.49,0.4634146341,True,True,True,True,True
7,2,short,2022-07-28,UNFIUSDT,6.478,13.532,13.47598338,0.49,0.4634146341,True,True,True,True,True
7,2,short,2022-08-04,UNFIUSDT,8.111,12.13,11.91297667,0.49,0.4634146341,True,False,True,True,True
7,2,short,2022-08-05,UNFIUSDT,8.448,13.12,13.03646003,0.49,0.4634146341,True,True,True,True,True
7,2,short,2022-08-07,UNFIUSDT,8.938,13.12,13.03646003,0.49,0.4634146341,False,False,True,False,True
7,2,short,2022-08-09,UNFIUSDT,8.382,13.593,13.50987444,0.49,0.4634146341,True,True,True,True,True
7,2,short,2022-08-10,UNFIUSDT,8.912,13.593,13.50987444,0.49,0.4634146341,True,True,True,True,True
7,2,short,2022-09-15,XRPUSDT,0.326,0.5009,0.49763691,0.49,0.4925373134,True,True,True,True,True
7,2,short,2022-09-16,XRPUSDT,0.3551,0.5588,0.55804616,0.49,0.4925373134,True,True,True,True,True
7,2,short,2022-09-18,XRPUSDT,0.3576,0.5588,0.55804616,0.49,0.4925373134,True,True,True,True,True
7,2,short,2022-10-22,1000SHIBUSDT,0.009991,0.015279,0.01510586,0.49,0.4903129657,True,True,True,True,True
7,2,short,2022-10-23,1000SHIBUSDT,0.010163,0.015279,0.01510586,0.49,0.4903129657,True,False,True,False,True
7,2,short,2022-10-24,1000SHIBUSDT,0.009917,0.015279,0.01510586,0.49,0.4903129657,True,True,True,True,True
7,2,short,2022-10-25,1000SHIBUSDT,0.010217,0.015279,0.01510586,0.49,0.4903129657,True,False,True,False,True
7,2,short,2022-11-01,MATICUSDT,0.8732,1.3112,1.29984629,0.49,,True,False,False,False,False
7,2,short,2022-11-02,MATICUSDT,0.8727,1.3112,1.29984629,0.49,,True,False,False,False,False
7,2,short,2022-11-09,CHZUSDT,0.15455,0.23971,0.23969,0.49,0.4779411765,True,True,True,True,True
7,2,short,2022-11-09,SOLUSDT,11.7,18.787,18.72741178,0.49,0.4925373134,True,True,True,True,True
7,2,short,2023-01-01,OCEANUSDT,0.16302,0.24388,0.23905505,0.49,0.4658536585,True,False,True,True,True
7,2,short,2023-01-01,SOLUSDT,9.977,15.489,14.79785652,0.49,0.4925373134,True,False,True,False,True
7,2,short,2023-01-02,APTUSDT,3.7563,5.722,5.69432799,0.49,0.4827586207,True,True,True,True,True
7,2,short,2023-01-02,SOLUSDT,11.259,17.5,17.46763425,0.49,0.4925373134,True,True,True,True,True
7,2,short,2023-01-03,APTUSDT,3.8178,5.95,5.9167,0.49,0.4827586207,True,True,True,True,True
7,2,short,2023-01-03,OCEANUSDT,0.16456,0.24388,0.24369,0.49,0.4658536585,False,False,True,True,True
7,2,short,2023-01-04,APTUSDT,3.8093,5.95,5.9167,0.49,0.4827586207,True,True,True,True,True
7,2,short,2023-01-05,APTUSDT,3.7079,6.5938,6.55642083,0.49,0.4827586207,True,True,True,True,True
7,2,short,2023-01-06,APTUSDT,3.8574,7.2,7.12083631,0.49,0.4827586207,True,True,True,True,True
7,2,short,2023-01-07,APTUSDT,3.8327,8.3,8.29201181,0.49,0.4827586207,True,True,True,True,True
7,2,short,2023-01-07,AXSUSDT,6.879,10.244,10.23933994,0.49,0.4779411765,False,False,True,True,True
7,2,short,2023-01-07,FTMUSDT,0.2269,0.3583,0.35787103,0.49,0.4871287129,True,True,True,True,True
7,2,short,2023-01-07,SOLUSDT,13.087,24.848,24.79715312,0.49,0.4925373134,True,True,True,True,True
7,2,short,2023-01-07,WAVESUSDT,1.4046,2.2651,2.25805622,0.49,0.4682926829,True,True,True,True,True
7,2,short,2023-01-08,APTUSDT,3.9317,8.88,8.81045061,0.49,0.4827586207,True,True,True,True,True
7,2,short,2023-01-08,FTMUSDT,0.2372,0.3583,0.35787103,0.49,0.4871287129,True,True,True,True,True
7,2,short,2023-01-08,SOLUSDT,14.465,25.2,25.01473899,0.49,0.4925373134,True,True,True,True,True
7,2,short,2023-01-08,WAVESUSDT,1.5206,2.55,2.54482409,0.49,0.4682926829,True,True,True,True,True
7,2,short,2023-01-09,APTUSDT,5.2094,8.88,8.81045061,0.49,0.4827586207,True,True,True,True,True
7,2,short,2023-01-09,FTMUSDT,0.2365,0.3583,0.35787103,0.49,0.4871287129,True,True,True,True,True
7,2,short,2023-01-09,OCEANUSDT,0.20309,0.29896,0.29867312,0.49,0.4658536585,False,False,True,True,True
7,2,short,2023-01-09,SOLUSDT,16.253,25.2,25.01775463,0.49,0.4925373134,True,True,True,True,True
7,2,short,2023-01-09,WAVESUSDT,1.5778,2.5879,2.5866,0.49,0.4682926829,True,True,True,True,True
7,2,short,2023-01-10,APTUSDT,5.4835,8.88,8.81045061,0.49,0.4827586207,True,True,True,True,True
7,2,short,2023-01-10,SOLUSDT,16.191,25.2,25.01775463,0.49,0.4925373134,True,True,True,True,True
7,2,short,2023-01-10,WAVESUSDT,1.5937,2.5879,2.5866,0.49,0.4682926829,True,True,True,True,True
7,2,short,2023-01-11,APTUSDT,5.2925,8.88,8.81045061,0.49,0.4827586207,True,True,True,True,True
7,2,short,2023-01-11,SOLUSDT,16.355,25.2,25.01775463,0.49,0.4925373134,True,True,True,True,True
7,2,short,2023-01-11,WAVESUSDT,1.6129,2.5879,2.5866,0.49,0.4682926829,True,True,True,True,True
7,2,short,2023-01-12,SOLUSDT,16.584,25.2,25.01775463,0.49,0.4925373134,True,True,True,True,True
7,2,short,2023-01-12,WAVESUSDT,1.7415,2.5879,2.5866,0.49,0.4682926829,False,False,True,True,True
7,2,short,2023-01-13,APTUSDT,6.8109,11.5,11.23722194,0.49,0.4827586207,True,True,True,True,True
7,2,short,2023-01-14,APTUSDT,7.7155,13.4782,13.3563148,0.49,0.4827586207,True,True,True,True,True
7,2,short,2023-01-15,APTUSDT,7.9277,14.5891,14.54148436,0.49,0.4827586207,True,True,True,True,True
7,2,short,2023-01-16,APTUSDT,8.1324,14.5891,14.54148436,0.49,0.4827586207,True,True,True,True,True
7,2,short,2023-01-16,AXSUSDT,8.958,13.924,13.92,0.49,0.4779411765,True,True,True,True,True
7,2,short,2023-01-16,OCEANUSDT,0.2491,0.37196,0.36889695,0.49,0.4658536585,True,False,True,True,True
7,2,short,2023-01-17,APTUSDT,7.6113,14.5891,14.54148436,0.49,0.4827586207,True,True,True,True,True
7,2,short,2023-01-17,AXSUSDT,8.81,13.924,13.92,0.49,0.4779411765,True,True,True,True,True
7,2,short,2023-01-18,APTUSDT,7.6262,19,18.79713949,0.49,0.4827586207,True,True,True,True,True
7,2,short,2023-01-18,AXSUSDT,8.015,13.924,13.92,0.49,0.4779411765,True,True,True,True,True
7,2,short,2023-01-18,DYDXUSDT,1.28,2.143,2.139,0.49,0.4779411765,True,True,True,True,True
7,2,short,2023-01-19,APTUSDT,7.8696,20.44,20.23724344,0.49,0.4827586207,True,True,True,True,True
7,2,short,2023-01-19,AXSUSDT,8.305,13.924,13.92,0.49,0.4779411765,True,True,True,True,True
7,2,short,2023-01-19,DYDXUSDT,1.315,2.376,2.37539598,0.49,0.4779411765,True,True,True,True,True
7,2,short,2023-01-19,FTMUSDT,0.3041,0.4996,0.4989,0.49,0.4871287129,True,True,True,True,True
7,2,short,2023-01-20,APTUSDT,10.9529,20.44,20.23724344,0.49,0.4827586207,True,True,True,True,True
7,2,short,2023-01-20,AXSUSDT,9.085,13.924,13.92,0.49,0.4779411765,True,True,True,True,True
7,2,short,2023-01-20,DYDXUSDT,1.675,2.528,2.52375577,0.49,0.4779411765,True,True,True,True,True
7,2,short,2023-01-21,APTUSDT,11.76,20.44,20.23724344,0.49,0.4827586207,True,True,True,True,True
7,2,short,2023-01-21,AXSUSDT,8.944,13.924,13.92,0.49,0.4779411765,True,True,True,True,True
7,2,short,2023-01-21,DYDXUSDT,1.618,2.528,2.52375577,0.49,0.4779411765,True,True,True,True,True
7,2,short,2023-01-22,APTUSDT,13.3001,20.44,20.23724344,0.49,0.4827586207,True,True,True,True,True
7,2,short,2023-01-22,DYDXUSDT,1.658,2.528,2.52375577,0.49,0.4779411765,True,True,True,True,True
7,2,short,2023-01-23,APTUSDT,12.677,20.44,20.34346419,0.49,0.4827586207,True,True,True,True,True
7,2,short,2023-01-23,DYDXUSDT,1.741,2.7,2.68848567,0.49,0.4779411765,True,True,True,True,True
7,2,short,2023-01-24,APTUSDT,12.3168,20.44,20.34346419,0.49,0.4827586207,True,True,True,True,True
7,2,short,2023-01-24,DYDXUSDT,1.54,3.58,3.48904917,0.49,0.4779411765,True,True,True,True,True
7,2,short,2023-01-24,MASKUSDT,2.913,4.5,4.50206764,0.49,0.4571428571,True,True,True,True,True
7,2,short,2023-01-25,DYDXUSDT,1.928,3.58,3.50022719,0.49,0.4779411765,True,True,True,True,True
7,2,short,2023-01-26,DYDXUSDT,2.305,3.68,3.674,0.49,0.4779411765,True,True,True,True,True
7,2,short,2023-01-27,DYDXUSDT,2.416,3.68,3.674,0.49,0.4779411765,True,True,True,True,True
7,2,short,2023-01-28,DYDXUSDT,2.297,3.68,3.674,0.49,0.4779411765,True,True,True,True,True
7,2,short,2023-01-29,DYDXUSDT,2.344,3.68,3.674,0.49,0.4779411765,True,True,True,True,True
7,2,short,2023-03-10,FTMUSDT,0.3389,0.5163,0.51574656,0.49,0.4871287129,True,True,True,True,True
7,2,short,2023-03-11,DYDXUSDT,1.876,3.014,3.00178779,0.49,0.4779411765,True,True,True,True,True
7,2,short,2023-03-11,FILUSDT,4.951,7.59,7.58107725,0.49,0.4910536779,True,True,True,True,True
7,2,short,2023-03-11,FTMUSDT,0.3348,0.5327,0.53236353,0.49,0.4871287129,True,True,True,True,True
7,2,short,2023-03-11,GRTUSDT,0.11404,0.17535,0.17514798,0.49,0.4779411765,True,True,True,True,True
7,2,short,2023-03-11,OPUSDT,1.8843,2.958,2.95616352,0.49,0.4891089109,True,True,True,True,True
7,2,short,2023-05-21,LINAUSDT,0.00985,0.0165,0.01609353,0.49,0.4634146341,True,True,True,True,True
7,2,short,2023-05-22,LINAUSDT,0.0104,0.02,0.01973087,0.49,0.4634146341,True,True,True,True,True
7,2,short,2023-05-23,LINAUSDT,0.01146,0.02598,0.02593752,0.49,0.4634146341,True,True,True,True,True
7,2,short,2023-05-24,LINAUSDT,0.01081,0.02598,0.02593752,0.49,0.4634146341,True,True,True,True,True
7,2,short,2023-05-25,LINAUSDT,0.01058,0.02598,0.02593752,0.49,0.4634146341,True,True,True,True,True
7,2,short,2023-05-26,LINAUSDT,0.01056,0.02972,0.02882714,0.49,0.4634146341,True,True,True,True,True
7,2,short,2023-05-27,LINAUSDT,0.01236,0.02972,0.02882714,0.49,0.4634146341,True,True,True,True,True
7,2,short,2023-05-28,LINAUSDT,0.01501,0.02972,0.02882714,0.49,0.4634146341,True,True,True,True,True
7,2,short,2023-05-29,LINAUSDT,0.01774,0.02972,0.02882714,0.49,0.4634146341,True,True,True,True,True
7,2,short,2023-06-07,LINAUSDT,0.01274,0.01876,0.0183922,0.49,0.4634146341,False,False,True,False,True
7,2,short,2023-06-08,LINAUSDT,0.01242,0.01876,0.0183922,0.49,0.4634146341,True,False,True,True,True
7,2,short,2023-06-09,LINAUSDT,0.0127,0.01876,0.0183922,0.49,0.4634146341,False,False,True,False,True
7,2,short,2023-06-10,LINAUSDT,0.01,0.01876,0.0183922,0.49,0.4634146341,True,True,True,True,True
7,2,short,2023-06-11,LINAUSDT,0.01228,0.01876,0.0183922,0.49,0.4634146341,True,True,True,True,True
7,2,short,2023-06-15,CFXUSDT,0.1781,0.27,0.26894758,0.49,0.4779411765,True,True,True,True,True
7,2,short,2023-06-16,CFXUSDT,0.1858,0.28,0.27944928,0.49,0.4779411765,True,True,True,True,True
7,2,short,2023-06-17,CFXUSDT,0.1866,0.28,0.27944928,0.49,0.4779411765,True,True,True,True,True
7,2,short,2023-06-18,CFXUSDT,0.1793,0.28,0.27944928,0.49,0.4779411765,True,True,True,True,True
7,2,short,2023-06-19,CFXUSDT,0.1824,0.28,0.27944928,0.49,0.4779411765,True,True,True,True,True
7,2,short,2023-07-06,XRPUSDT,0.4618,0.965,0.92996812,0.49,0.4925373134,True,True,True,True,True
7,2,short,2023-07-07,SOLUSDT,21.484,33.579,32.02441358,0.49,0.4925373134,True,True,True,False,True
7,2,short,2023-07-07,XRPUSDT,0.4683,0.965,0.92996812,0.49,0.4925373134,True,True,True,True,True
7,2,short,2023-07-08,SOLUSDT,21.807,33.579,32.02441358,0.49,0.4925373134,True,False,True,False,True
7,2,short,2023-07-08,XRPUSDT,0.4702,0.965,0.92996812,0.49,0.4925373134,True,True,True,True,True
7,2,short,2023-07-09,SOLUSDT,21.314,33.579,32.02441358,0.49,0.4925373134,True,True,True,True,True
7,2,short,2023-07-09,XRPUSDT,0.4677,0.965,0.92996812,0.49,0.4925373134,True,True,True,True,True
7,2,short,2023-07-10,SOLUSDT,21.286,33.579,32.02441358,0.49,0.4925373134,True,True,True,True,True
7,2,short,2023-07-10,XRPUSDT,0.4775,0.965,0.92996812,0.49,0.4925373134,True,True,True,True,True
7,2,short,2023-07-11,SOLUSDT,22.05,33.579,32.02441358,0.49,0.4925373134,True,False,True,False,True
7,2,short,2023-07-11,XRPUSDT,0.4749,0.965,0.92996812,0.49,0.4925373134,True,True,True,True,True
7,2,short,2023-07-12,SOLUSDT,21.928,33.579,32.02441358,0.49,0.4925373134,True,False,True,False,True
7,2,short,2023-07-12,XRPUSDT,0.4707,0.965,0.92996812,0.49,0.4925373134,True,True,True,True,True
7,2,short,2023-09-02,UNFIUSDT,7.489,11.272,11.2650798,0.49,0.4634146341,True,True,True,True,True
7,2,short,2023-09-12,BLZUSDT,0.14319,0.21385,0.21354,0.49,0.4634146341,True,True,True,True,True
7,2,short,2023-09-13,BLZUSDT,0.14294,0.2152,0.21506271,0.49,0.4634146341,True,True,True,True,True
7,2,short,2023-10-08,TRBUSDT,49.158,81,78.10281692,0.49,0.4707317073,True,True,True,True,True
7,2,short,2023-10-09,TRBUSDT,48.692,81,78.10281692,0.49,0.4707317073,True,True,True,True,True
7,2,short,2023-10-10,TRBUSDT,47.648,81,78.10281692,0.49,0.4707317073,True,True,True,True,True
7,2,short,2023-10-11,TRBUSDT,48.15,81,78.10281692,0.49,0.4707317073,True,True,True,True,True
7,2,short,2023-10-12,TRBUSDT,46.024,81,78.10281692,0.49,0.4707317073,True,True,True,True,True
7,2,short,2023-10-13,BLZUSDT,0.11565,0.18349,0.1832444,0.49,0.4634146341,True,True,True,True,True
7,2,short,2023-10-13,TRBUSDT,47.237,81,78.10281692,0.49,0.4707317073,True,True,True,True,True
7,2,short,2023-10-14,BLZUSDT,0.12279,0.20106,0.2001482,0.49,0.4634146341,True,True,True,True,True
7,2,short,2023-10-14,TRBUSDT,51.707,81,78.10281692,0.49,0.4707317073,True,True,True,True,True
7,2,short,2023-10-15,BLZUSDT,0.11967,0.20106,0.2001482,0.49,0.4634146341,True,True,True,True,True
7,2,short,2023-10-16,1000PEPEUSDT,0.0006733,0.001025,0.00102267,0.49,0.4903129657,True,True,True,True,True
7,2,short,2023-10-16,BLZUSDT,0.12821,0.25427,0.25290838,0.49,0.4634146341,True,True,True,True,True
7,2,short,2023-10-16,TRBUSDT,59.552,98,97.10150617,0.49,0.4707317073,True,True,True,True,True
7,2,short,2023-10-17,1000PEPEUSDT,0.0006351,0.001058,0.00105665,0.49,0.4903129657,True,True,True,True,True
7,2,short,2023-10-17,BLZUSDT,0.13574,0.2894,0.2884305,0.49,0.4634146341,True,True,True,True,True
7,2,short,2023-10-17,LINKUSDT,7.318,11.156,11.141187,0.49,0.4900990099,True,True,True,True,True
7,2,short,2023-10-17,TRBUSDT,56.759,98,97.10150617,0.49,0.4707317073,True,True,True,True,True
7,2,short,2023-10-17,UNFIUSDT,6.107,9.45,9.444,0.49,0.4634146341,True,True,True,True,True
7,2,short,2023-10-18,1000PEPEUSDT,0.0006307,0.0012446,0.00124099,0.49,0.4903129657,True,True,True,True,True
7,2,short,2023-10-18,BLZUSDT,0.14932,0.2894,0.2884305,0.49,0.4634146341,True,True,True,True,True
7,2,short,2023-10-18,CYBERUSDT,4.18,6.566,6.51812149,0.49,0.4707317073,True,True,True,True,True
7,2,short,2023-10-18,LINKUSDT,7.354,11.794,11.76225134,0.49,0.4900990099,True,True,True,True,True
7,2,short,2023-10-18,TRBUSDT,58.538,119.6,118.9561813,0.49,0.4707317073,True,True,True,True,True
7,2,short,2023-10-18,UNFIUSDT,5.918,9.45,9.444,0.49,0.4634146341,True,True,True,True,True
7,2,short,2023-10-19,1000PEPEUSDT,0.000627,0.001359,0.00135554,0.49,0.4903129657,True,True,True,True,True
7,2,short,2023-10-19,BLZUSDT,0.15048,0.2894,0.2884305,0.49,0.4634146341,True,True,True,True,True
7,2,short,2023-10-19,CYBERUSDT,4.07,6.862,6.85427407,0.49,0.4707317073,True,True,True,True,True
7,2,short,2023-10-19,LINKUSDT,7.301,11.794,11.76225134,0.49,0.4900990099,True,True,True,True,True
7,2,short,2023-10-19,TRBUSDT,59.949,119.6,118.9561813,0.49,0.4707317073,True,True,True,True,True
7,2,short,2023-10-19,UNFIUSDT,5.795,9.45,9.444,0.49,0.4634146341,True,True,True,True,True
7,2,short,2023-10-20,1000PEPEUSDT,0.0006564,0.001359,0.00135554,0.49,0.4903129657,True,True,True,True,True
7,2,short,2023-10-20,BLZUSDT,0.17794,0.2894,0.2884305,0.49,0.4634146341,True,True,True,True,True
7,2,short,2023-10-20,CYBERUSDT,4.185,6.862,6.85427407,0.49,0.4707317073,True,True,True,True,True
7,2,short,2023-10-20,LINKUSDT,7.567,11.794,11.76225134,0.49,0.4900990099,True,True,True,True,True
7,2,short,2023-10-20,TRBUSDT,71.363,119.6,118.9561813,0.49,0.4707317073,True,True,True,True,True
7,2,short,2023-10-20,UNFIUSDT,5.998,9.45,9.444,0.49,0.4634146341,True,True,True,True,True
7,2,short,2023-10-21,1000PEPEUSDT,0.0006982,0.001359,0.00135554,0.49,0.4903129657,True,True,True,True,True
7,2,short,2023-10-21,BLZUSDT,0.18853,0.2894,0.2884305,0.49,0.4634146341,True,True,True,True,True
7,2,short,2023-10-21,CYBERUSDT,4.285,6.862,6.85427407,0.49,0.4707317073,True,True,True,True,True
7,2,short,2023-10-21,TRBUSDT,70.932,119.6,118.9561813,0.49,0.4707317073,True,True,True,True,True
7,2,short,2023-10-21,UNFIUSDT,6.298,9.45,9.444,0.49,0.4634146341,True,True,True,True,True
7,2,short,2023-10-22,1000PEPEUSDT,0.0007473,0.001359,0.00135554,0.49,0.4903129657,True,True,True,True,True
7,2,short,2023-10-22,BLZUSDT,0.18422,0.2894,0.2884305,0.49,0.4634146341,True,True,True,True,True
7,2,short,2023-10-22,CYBERUSDT,4.267,6.862,6.85427407,0.49,0.4707317073,True,True,True,True,True
7,2,short,2023-10-22,TRBUSDT,70.343,119.6,118.9561813,0.49,0.4707317073,True,True,True,True,True
7,2,short,2023-10-22,UNFIUSDT,6.535,10.491,10.48465436,0.49,0.4634146341,True,True,True,True,True
7,2,short,2023-10-23,CYBERUSDT,4.553,6.862,6.85427407,0.49,0.4707317073,True,True,True,True,True
7,2,short,2023-10-23,UNFIUSDT,6.631,11.234,11.202,0.49,0.4634146341,True,True,True,True,True
7,2,short,2023-10-24,CYBERUSDT,4.773,7.7,7.68852553,0.49,0.4707317073,True,True,True,True,True
7,2,short,2023-11-01,ARKUSDT,1.0136,1.75,1.74669686,0.49,0.4547619048,True,True,True,True,True
7,2,short,2023-11-01,STORJUSDT,0.4479,0.7292,0.72171369,0.49,0.4707317073,True,True,True,True,True
7,2,short,2023-11-02,ARKUSDT,0.9975,1.8025,1.79618614,0.49,0.4547619048,True,True,True,True,True
7,2,short,2023-11-02,BNTUSDT,0.5233,0.8498,0.8490732,0.49,0.4571428571,True,True,True,True,True
7,2,short,2023-11-02,STORJUSDT,0.4588,0.8979,0.8978,0.49,0.4707317073,True,True,True,True,True
7,2,short,2023-11-03,ARKUSDT,1.1377,1.866,1.8645,0.49,0.4547619048,True,True,True,True,True
7,2,short,2023-11-03,BNTUSDT,0.5436,0.965,0.96333641,0.49,0.4571428571,True,True,True,True,True
7,2,short,2023-11-03,STORJUSDT,0.458,0.9575,0.95656172,0.49,0.4707317073,True,True,True,True,True
7,2,short,2023-11-04,BNTUSDT,0.5401,1.18,1.17606244,0.49,0.4571428571,True,True,True,True,True
7,2,short,2023-11-04,SOLUSDT,42.422,64.036,63.84441497,0.49,0.4925373134,True,True,True,True,True
7,2,short,2023-11-04,STORJUSDT,0.4647,0.9575,0.95656172,0.49,0.4707317073,True,True,True,True,True
7,2,short,2023-11-05,AVAXUSDT,12.36,19.775,19.72130085,0.49,0.4925373134,True,True,True,True,True
7,2,short,2023-11-05,BNTUSDT,0.5532,1.49,1.48295509,0.49,0.4571428571,True,True,True,True,True
7,2,short,2023-11-05,RUNEUSDT,3.352,5.399,5.3894972,0.49,0.4779411765,True,True,True,True,True
7,2,short,2023-11-05,SOLUSDT,41.167,64.036,63.84441497,0.49,0.4925373134,True,True,True,True,True
7,2,short,2023-11-05,STORJUSDT,0.4501,0.9575,0.95656172,0.49,0.4707317073,True,True,True,True,True
7,2,short,2023-11-06,AVAXUSDT,13.085,19.778,19.76740424,0.49,0.4925373134,True,True,True,True,True
7,2,short,2023-11-06,BNTUSDT,0.571,1.95,1.95125295,0.49,0.4571428571,True,True,True,True,True
7,2,short,2023-11-06,RUNEUSDT,3.555,5.399,5.3894972,0.49,0.4779411765,True,True,True,True,True
7,2,short,2023-11-06,SOLUSDT,42.181,64.036,63.84441497,0.49,0.4925373134,True,True,True,True,True
7,2,short,2023-11-06,STORJUSDT,0.4606,0.9575,0.95656172,0.49,0.4707317073,True,True,True,True,True
7,2,short,2023-11-07,AVAXUSDT,12.813,19.778,19.76740424,0.49,0.4925373134,True,True,True,True,True
7,2,short,2023-11-07,BNTUSDT,0.5804,1.95,1.95125295,0.49,0.4571428571,True,True,True,True,True
7,2,short,2023-11-07,RUNEUSDT,3.387,5.399,5.3894972,0.49,0.4779411765,True,True,True,True,True
7,2,short,2023-11-07,SOLUSDT,42.976,64.036,63.84441497,0.49,0.4925373134,True,False,False,False,True
7,2,short,2023-11-07,STORJUSDT,0.4565,0.9575,0.95656172,0.49,0.4707317073,True,True,True,True,True
7,2,short,2023-11-08,AVAXUSDT,12.994,20.97,20.96352168,0.49,0.4925373134,True,True,True,True,True
7,2,short,2023-11-08,BNTUSDT,0.7114,1.95,1.95125295,0.49,0.4571428571,True,True,True,True,True
7,2,short,2023-11-08,RUNEUSDT,3.332,6.198,6.18430557,0.49,0.4779411765,True,True,True,True,True
7,2,short,2023-11-08,SOLUSDT,43.142,67.228,67.10820242,0.49,0.4925373134,True,True,True,True,True
7,2,short,2023-11-09,AVAXUSDT,12.972,24.12,24.0533629,0.49,0.4925373134,True,True,True,True,True
7,2,short,2023-11-09,BNTUSDT,0.826,1.95,1.95125295,0.49,0.4571428571,True,True,True,True,True
7,2,short,2023-11-09,RUNEUSDT,3.931,6.68,6.66560441,0.49,0.4779411765,True,True,True,True,True
7,2,short,2023-11-09,SOLUSDT,45.305,68.356,68.19483278,0.49,0.4925373134,True,True,True,True,True
7,2,short,2023-11-09,WLDUSDT,1.7591,2.6204,2.60061881,0.49,0.4851485149,False,False,True,False,True
7,2,short,2023-11-10,AVAXUSDT,14.76,24.68,24.66977665,0.49,0.4925373134,True,True,True,True,True
7,2,short,2023-11-10,BNTUSDT,0.9613,1.95,1.95125295,0.49,0.4571428571,True,True,True,True,True
7,2,short,2023-11-10,RUNEUSDT,4.015,6.68,6.66560441,0.49,0.4779411765,True,True,True,True,True
7,2,short,2023-11-11,BNTUSDT,1.1529,1.95,1.95125295,0.49,0.4571428571,True,True,True,True,True
7,2,short,2023-11-13,AVAXUSDT,16.122,24.68,24.66977665,0.49,0.4925373134,True,True,True,True,True
7,2,short,2023-12-01,TIAUSDT,7.0917,11.53,11.45999001,0.49,0.4827586207,True,True,True,True,True
7,2,short,2023-12-02,ADAUSDT,0.3982,0.6485,0.64670233,0.49,0.4900990099,True,True,True,True,True
7,2,short,2023-12-02,AVAXUSDT,22.252,34.324,34.30749324,0.49,0.4925373134,True,True,True,True,True
7,2,short,2023-12-03,ADAUSDT,0.3952,0.6485,0.64670233,0.49,0.4900990099,True,True,True,True,True
7,2,short,2023-12-03,AVAXUSDT,21.957,38.061,37.96825603,0.49,0.4925373134,True,True,True,True,True
7,2,short,2023-12-04,ADAUSDT,0.4071,0.6485,0.64670233,0.49,0.4900990099,True,True,True,True,True
7,2,short,2023-12-04,AVAXUSDT,22.709,39.465,39.41850066,0.49,0.4925373134,True,True,True,True,True
7,2,short,2023-12-05,ADAUSDT,0.4261,0.6485,0.64670233,0.49,0.4900990099,True,True,True,True,True
7,2,short,2023-12-05,AVAXUSDT,24.557,42.939,42.91355066,0.49,0.4925373134,True,True,True,True,True
7,2,short,2023-12-06,ADAUSDT,0.4433,0.6799,0.67920448,0.49,0.4900990099,True,True,True,True,True
7,2,short,2023-12-06,AVAXUSDT,26.238,42.939,42.91355066,0.49,0.4925373134,True,True,True,True,True
7,2,short,2023-12-06,TRBUSDT,73.746,128.888,128.833,0.49,0.4707317073,True,True,True,True,True
7,2,short,2023-12-07,ADAUSDT,0.4558,0.6815,0.67994666,0.49,0.4900990099,True,True,True,True,True
7,2,short,2023-12-07,AVAXUSDT,26.28,42.939,42.91355066,0.49,0.4925373134,True,True,True,True,True
7,2,short,2023-12-07,TIAUSDT,9.5099,14.7795,14.7597111,0.49,0.4827586207,True,True,True,True,True
7,2,short,2023-12-07,TRBUSDT,75.863,129.951,129.8240844,0.49,0.4707317073,True,True,True,True,True
7,2,short,2023-12-08,TIAUSDT,9.2894,14.7795,14.7597111,0.49,0.4827586207,True,True,True,True,True
7,2,short,2023-12-09,TIAUSDT,9.3244,14.922,14.90197349,0.49,0.4827586207,True,True,True,True,True
7,2,short,2023-12-09,WLDUSDT,2.4892,4.6126,4.56946584,0.49,0.4851485149,True,True,True,True,True
7,2,short,2023-12-10,TIAUSDT,9.8339,14.922,14.90197349,0.49,0.4827586207,True,True,True,True,True
7,2,short,2023-12-10,WLDUSDT,2.6913,4.79,4.7835,0.49,0.4851485149,True,True,True,True,True
7,2,short,2023-12-11,WLDUSDT,2.4484,4.79,4.7835,0.49,0.4851485149,True,True,True,True,True
7,2,short,2023-12-12,WLDUSDT,2.4165,4.79,4.7835,0.49,0.4851485149,True,True,True,True,True
7,2,short,2023-12-13,TRBUSDT,123.895,185.8,181.197,0.49,0.4707317073,True,False,True,False,True
7,2,short,2023-12-13,WLDUSDT,2.5206,4.79,4.7835,0.49,0.4851485149,True,True,True,True,True
7,2,short,2023-12-14,TRBUSDT,124.883,185.8,181.197,0.49,0.4707317073,False,False,True,False,True
7,2,short,2023-12-14,WLDUSDT,2.6136,4.79,4.7835,0.49,0.4851485149,True,True,True,True,True
7,2,short,2023-12-15,TRBUSDT,123.117,185.8,181.197,0.49,0.4707317073,True,False,True,True,True
7,2,short,2023-12-15,WLDUSDT,2.4668,4.79,4.7835,0.49,0.4851485149,True,True,True,True,True
7,2,short,2023-12-16,SOLUSDT,73.737,110.388,110.0633194,0.49,0.4925373134,True,True,True,True,True
7,2,short,2023-12-16,TRBUSDT,109.816,185.8,181.197,0.49,0.4707317073,True,True,True,True,True
7,2,short,2023-12-17,SOLUSDT,70.902,118.7,118.0632302,0.49,0.4925373134,True,True,True,True,True
7,2,short,2023-12-17,TRBUSDT,110.982,189,188.8397708,0.49,0.4707317073,True,True,True,True,True
7,2,short,2023-12-18,SOLUSDT,74.429,126.938,126.3805354,0.49,0.4925373134,True,True,True,True,True
7,2,short,2023-12-18,TRBUSDT,114.807,189.25,188.8397708,0.49,0.4707317073,True,True,True,True,True
7,2,short,2023-12-19,SOLUSDT,73.04,126.938,126.3805354,0.49,0.4925373134,True,True,True,True,True
7,2,short,2023-12-20,SOLUSDT,82.243,126.938,126.3805354,0.49,0.4925373134,True,True,True,True,True
7,2,short,2023-12-20,TRBUSDT,128.863,196.3,193.8411427,0.49,0.4707317073,True,True,True,True,True
7,2,short,2023-12-23,TRBUSDT,172.254,260.8,260.599,0.49,0.4707317073,True,True,True,True,True
7,2,short,2023-12-24,TRBUSDT,181.77,555,571.9942833,0.49,0.4707317073,True,True,True,True,True
7,2,short,2023-12-25,TRBUSDT,182.248,555,571.9942833,0.49,0.4707317073,True,True,True,True,True
7,2,short,2023-12-26,TRBUSDT,186.392,555,571.9942833,0.49,0.4707317073,True,True,True,True,True
7,2,short,2023-12-27,TRBUSDT,187.398,555,571.9942833,0.49,0.4707317073,True,True,True,True,True
7,2,short,2023-12-28,TRBUSDT,216.006,555,571.9942833,0.49,0.4707317073,True,True,True,True,True
7,2,short,2023-12-29,TRBUSDT,242.008,555,571.9942833,0.49,0.4707317073,True,True,True,True,True
7,2,short,2023-12-30,TRBUSDT,259.89,555,571.9942833,0.49,0.4707317073,True,True,True,True,True
7,2,short,2024-01-03,1000BONKUSDT,0.011634,0.017969,0.01795193,0.49,0.4851485149,True,True,True,True,True
7,2,short,2024-01-04,1000BONKUSDT,0.011943,0.017969,0.01795193,0.49,0.4851485149,True,True,True,True,True
7,2,short,2024-01-05,1000BONKUSDT,0.01117,0.017969,0.01795193,0.49,0.4851485149,True,True,True,True,True
7,2,short,2024-01-06,1000BONKUSDT,0.010751,0.017969,0.01795193,0.49,0.4851485149,True,True,True,True,True
7,2,short,2024-01-07,1000BONKUSDT,0.010307,0.017969,0.01795193,0.49,0.4851485149,True,True,True,True,True
7,2,short,2024-01-07,BIGTIMEUSDT,0.3292,0.4895,0.488782,0.49,0.4571428571,False,False,True,True,True
7,2,short,2024-02-08,SEIUSDT,0.6374,0.9947,0.99380088,0.49,0.4815270936,True,True,True,True,True
7,2,short,2024-02-10,SEIUSDT,0.6869,1.0317,1.03063433,0.49,0.4815270936,True,True,True,True,True
7,2,short,2024-02-11,SEIUSDT,0.6782,1.0386,1.03776705,0.49,0.4815270936,True,True,True,True,True
7,2,short,2024-02-22,DOGEUSDT,0.08417,0.13523,0.13505813,0.49,0.4903129657,True,True,True,True,True
7,2,short,2024-02-22,PEOPLEUSDT,0.02881,0.05529,0.05519461,0.49,0.4571428571,True,True,True,True,True
7,2,short,2024-02-23,DOGEUSDT,0.08457,0.1458,0.14556548,0.49,0.4903129657,True,True,True,True,True
7,2,short,2024-02-24,DOGEUSDT,0.08622,0.15147,0.15100633,0.49,0.4903129657,True,True,True,True,True
7,2,short,2024-02-25,DOGEUSDT,0.08618,0.15655,0.15638989,0.49,0.4903129657,True,True,True,True,True
7,2,short,2024-02-26,DOGEUSDT,0.08933,0.18586,0.18527498,0.49,0.4903129657,True,True,True,True,True
7,2,short,2024-02-27,DOGEUSDT,0.09768,0.20711,0.20694164,0.49,0.4903129657,True,True,True,True,True
7,2,short,2024-02-28,DOGEUSDT,0.11596,0.20711,0.20694164,0.49,0.4903129657,True,True,True,True,True
7,2,short,2024-02-29,DOGEUSDT,0.11743,0.20711,0.20694164,0.49,0.4903129657,True,True,True,True,True
7,2,short,2024-03-01,1000PEPEUSDT,0.0039945,0.0095621,0.00953553,0.49,0.4903129657,True,True,True,True,True
7,2,short,2024-03-02,1000PEPEUSDT,0.0043776,0.009955,0.00994474,0.49,0.4903129657,True,True,True,True,True
7,2,short,2024-03-02,CKBUSDT,0.01553,0.02393,0.023912,0.49,0.4707317073,True,True,True,True,True
7,2,short,2024-03-02,WLDUSDT,7.6777,11.915,11.83581714,0.49,0.4851485149,True,True,True,True,True
7,2,short,2024-03-03,1000PEPEUSDT,0.0059277,0.009955,0.00994474,0.49,0.4903129657,True,True,True,True,True
7,2,short,2024-03-03,CKBUSDT,0.015206,0.024467,0.024435,0.49,0.4707317073,True,True,True,True,True
7,2,short,2024-03-03,WLDUSDT,7.9223,11.99,11.96947991,0.49,0.4851485149,True,True,True,True,True
7,2,short,2024-03-04,WLDUSDT,7.3784,11.99,11.96947991,0.49,0.4851485149,True,True,True,True,True
7,2,short,2024-03-05,1000PEPEUSDT,0.0063028,0.009955,0.00994474,0.49,0.4903129657,True,True,True,True,True
7,2,short,2024-03-05,WLDUSDT,6.4308,11.99,11.96947991,0.49,0.4851485149,True,True,True,True,True
7,2,short,2024-03-06,WLDUSDT,7.3266,11.99,11.96947991,0.49,0.4851485149,True,True,True,True,True
7,2,short,2024-03-07,1000PEPEUSDT,0.006815,0.010888,0.01082974,0.49,0.4903129657,True,True,True,True,True
7,2,short,2024-03-07,WLDUSDT,7.1858,11.99,11.96947991,0.49,0.4851485149,True,True,True,True,True
7,2,short,2024-03-08,WLDUSDT,7.5386,11.99,11.96947991,0.49,0.4851485149,True,True,True,True,True
7,2,short,2024-03-22,DOGEUSDT,0.15304,0.2293,0.22883465,0.49,0.4903129657,True,True,True,True,True
7,2,short,2024-04-17,1000FLOKIUSDT,0.13324,0.20592,0.20594015,0.49,0.4779411765,True,True,True,True,True
7,2,short,2024-04-17,1000PEPEUSDT,0.0049111,0.0081888,0.00818168,0.49,0.4903129657,True,True,True,True,True
7,2,short,2024-04-18,1000FLOKIUSDT,0.13825,0.20592,0.20594015,0.49,0.4779411765,False,False,True,True,True
7,2,short,2024-04-18,1000PEPEUSDT,0.00508,0.0081888,0.00818168,0.49,0.4903129657,True,True,True,True,True
7,2,short,2024-04-19,1000FLOKIUSDT,0.13886,0.20592,0.20594015,0.49,0.4779411765,False,False,True,True,True
7,2,short,2024-04-19,1000PEPEUSDT,0.0051359,0.0081888,0.00818168,0.49,0.4903129657,True,True,True,True,True
7,2,short,2024-05-16,1000PEPEUSDT,0.0100336,0.01582,0.01576213,0.49,0.4903129657,True,True,True,True,True
7,2,short,2024-05-16,ETHFIUSDT,3.23,5.176,5.1712012,0.49,0.4779411765,True,True,True,True,True
7,2,short,2024-05-17,1000PEPEUSDT,0.010165,0.01582,0.01576213,0.49,0.4903129657,True,True,True,True,True
7,2,short,2024-05-17,ETHFIUSDT,3.458,5.176,5.1712012,0.49,0.4779411765,True,True,True,True,True
7,2,short,2024-05-18,1000PEPEUSDT,0.0095332,0.015888,0.01585885,0.49,0.4903129657,True,True,True,True,True
7,2,short,2024-05-18,ETHFIUSDT,3.418,5.344,5.342,0.49,0.4779411765,True,True,True,True,True
7,2,short,2024-05-19,1000PEPEUSDT,0.0091465,0.0164371,0.01638257,0.49,0.4903129657,True,True,True,True,True
7,2,short,2024-05-19,ETHFIUSDT,3.26,5.39,5.386,0.49,0.4779411765,True,True,True,True,True
7,2,short,2024-05-20,1000PEPEUSDT,0.0114217,0.0172768,0.0172404,0.49,0.4903129657,True,True,True,True,True
7,2,short,2024-07-04,NOTUSDT,0.011193,0.017644,0.01758148,0.49,0.4571428571,True,True,True,True,True
7,2,short,2024-07-05,NOTUSDT,0.010166,0.017644,0.01758148,0.49,0.4571428571,True,True,True,True,True
7,2,short,2024-07-09,WLDUSDT,1.9226,2.8734,2.8728,0.49,0.4851485149,True,True,True,True,True
7,2,short,2024-07-10,WLDUSDT,1.951,3.2539,3.2452,0.49,0.4851485149,True,True,True,True,True
7,2,short,2024-07-11,PEOPLEUSDT,0.05745,0.08541,0.08539194,0.49,0.4571428571,False,False,True,True,True
7,2,short,2024-07-11,WIFUSDT,1.5426,2.4957,2.4955,0.49,0.4779411765,True,True,True,True,True
7,2,short,2024-07-11,WLDUSDT,1.7901,3.2539,3.2452,0.49,0.4851485149,True,True,True,True,True
7,2,short,2024-07-12,1000PEPEUSDT,0.0086816,0.0132225,0.01304046,0.49,0.4903129657,True,True,True,True,True
7,2,short,2024-07-12,HIGHUSDT,1.438,2.0344,2.03327498,0.49,0.4090909091,False,False,True,True,True
7,2,short,2024-07-12,PEOPLEUSDT,0.05878,0.08764,0.08750327,0.49,0.4571428571,True,False,True,True,True
7,2,short,2024-07-12,WIFUSDT,1.5666,2.5844,2.58421803,0.49,0.4779411765,True,True,True,True,True
7,2,short,2024-07-12,WLDUSDT,1.781,3.2539,3.2452,0.49,0.4851485149,True,True,True,True,True
7,2,short,2024-07-13,1000FLOKIUSDT,0.14193,0.2101,0.20999485,0.49,0.4779411765,False,False,True,True,True
7,2,short,2024-07-13,1000PEPEUSDT,0.008686,0.0132225,0.01304046,0.49,0.4903129657,True,True,True,True,True
7,2,short,2024-07-13,HIGHUSDT,1.4603,2.0874,2.08572626,0.49,0.4090909091,False,False,True,True,True
7,2,short,2024-07-13,PEOPLEUSDT,0.05663,0.0892,0.08912563,0.49,0.4571428571,True,True,True,True,True
7,2,short,2024-07-13,WIFUSDT,1.602,2.6822,2.67386286,0.49,0.4779411765,True,True,True,True,True
7,2,short,2024-07-13,WLDUSDT,1.8232,3.2539,3.2452,0.49,0.4851485149,True,True,True,True,True
7,2,short,2024-07-14,WIFUSDT,1.7306,2.845,2.84259893,0.49,0.4779411765,True,True,True,True,True
7,2,short,2024-07-14,WLDUSDT,1.8571,3.2539,3.2452,0.49,0.4851485149,True,True,True,True,True
7,2,short,2024-07-23,1000RATSUSDT,0.09804,0.15315,0.15279308,0.49,0.4547619048,True,True,True,True,True
7,2,short,2024-07-24,1000RATSUSDT,0.10034,0.15315,0.15279308,0.49,0.4547619048,True,True,True,True,True
7,2,short,2024-08-04,1000SATSUSDT,0.0001902,0.0002804,0.0002804,0.49,0.4707317073,False,False,True,True,True
7,2,short,2024-08-05,1000SATSUSDT,0.0002088,0.0003231,0.00032272,0.49,0.4707317073,True,True,True,True,True
7,2,short,2024-08-05,MEWUSDT,0.004115,0.006285,0.00627837,0.49,0.4707317073,True,True,True,True,True
7,2,short,2024-08-05,WIFUSDT,1.2616,1.9584,1.95440323,0.49,0.4779411765,True,True,True,True,True
7,2,short,2024-08-07,1000SATSUSDT,0.0002262,0.0003446,0.00034367,0.49,0.4707317073,True,True,True,True,True
7,2,short,2024-08-17,1000SATSUSDT,0.0002838,0.0004295,0.00042513,0.49,0.4707317073,True,True,True,True,True
7,2,short,2024-08-17,IOUSDT,1.745,2.562,2.54309672,0.49,0.4571428571,False,False,True,True,True
7,2,short,2024-08-17,PEOPLEUSDT,0.05129,0.07957,0.07951849,0.49,0.4571428571,True,True,True,True,True
7,2,short,2024-08-18,IOUSDT,1.723,2.562,2.54309672,0.49,0.4571428571,False,False,True,True,True
7,2,short,2024-08-18,PEOPLEUSDT,0.05308,0.07957,0.07951849,0.49,0.4571428571,True,True,True,True,True
7,2,short,2024-08-19,1000SATSUSDT,0.0002897,0.0004295,0.00042516,0.49,0.4707317073,False,False,True,False,True
7,2,short,2024-08-19,IOUSDT,1.727,2.562,2.54309672,0.49,0.4571428571,False,False,True,True,True
7,2,short,2024-08-19,PEOPLEUSDT,0.05419,0.07957,0.07951849,0.49,0.4571428571,False,False,True,True,True
7,2,short,2024-08-20,IOUSDT,1.663,2.562,2.54309672,0.49,0.4571428571,True,True,True,True,True
7,2,short,2024-08-21,IOUSDT,1.681,2.562,2.54309672,0.49,0.4571428571,True,True,True,True,True
7,2,short,2024-09-12,TIAUSDT,4.2372,6.4719,6.4676,0.49,0.4827586207,True,True,True,True,True
7,2,short,2024-09-13,SUIUSDT,1.0271,1.5767,1.57441484,0.49,0.4851485149,True,True,True,True,True
7,2,short,2024-09-14,SUIUSDT,1.044,1.5767,1.57441484,0.49,0.4851485149,True,True,True,True,True
7,2,short,2024-09-15,SUIUSDT,1.0781,1.6335,1.63028992,0.49,0.4851485149,True,True,True,True,True
7,2,short,2024-09-16,SUIUSDT,1.0412,1.6462,1.64576018,0.49,0.4851485149,True,True,True,True,True
7,2,short,2024-09-16,TIAUSDT,4.5262,6.7211,6.71428286,0.49,0.4827586207,False,False,True,True,True
7,2,short,2024-09-17,SUIUSDT,1.1685,1.793,1.79194198,0.49,0.4851485149,True,True,True,True,True
7,2,short,2024-09-22,1000PEPEUSDT,0.0080046,0.01197,0.01193621,0.49,0.4903129657,True,True,True,True,True
7,2,short,2024-09-22,WIFUSDT,1.6923,2.5814,2.5791,0.49,0.4779411765,True,True,True,True,True
7,2,short,2024-09-23,WIFUSDT,1.7432,2.6426,2.63934631,0.49,0.4779411765,True,True,True,True,True
7,2,short,2024-10-01,REEFUSDT,0.004992,0.007698,0.007693,0.49,0.4705882353,True,True,True,True,True
7,2,short,2024-10-02,REEFUSDT,0.005119,0.007698,0.007693,0.49,0.4705882353,True,True,True,True,True
7,2,short,2024-10-07,REEFUSDT,0.006358,0.010492,0.010477,0.49,0.4705882353,True,True,True,True,True
7,2,short,2024-10-08,REEFUSDT,0.0063,0.010492,0.010477,0.49,0.4705882353,True,True,True,True,True
7,2,short,2024-10-09,REEFUSDT,0.006678,0.010492,0.010477,0.49,0.4705882353,True,True,True,True,True
7,2,short,2024-10-09,WLDUSDT,1.7343,2.65,2.64726453,0.49,0.4851485149,True,True,True,True,True
7,2,short,2024-10-10,WLDUSDT,1.6994,2.65,2.64726453,0.49,0.4851485149,True,True,True,True,True
7,2,short,2024-10-12,REEFUSDT,0.007063,0.010492,0.010477,0.49,0.4705882353,False,False,True,True,True
7,2,short,2024-10-13,REEFUSDT,0.007025,0.010492,0.010477,0.49,0.4705882353,True,True,True,True,True
7,2,short,2024-10-17,REEFUSDT,0.001908,0.002899,0.002885,0.49,0.4705882353,True,True,True,True,True
7,2,short,2024-11-01,NEIROUSDT,0.0014707,0.00251,0.00250789,0.49,0.4571428571,True,True,True,True,True
7,2,short,2024-11-02,NEIROETHUSDT,0.0855,0.1186,0.11852213,0.49,0.3636363636,False,False,True,True,True
7,2,short,2024-11-02,NEIROUSDT,0.001417,0.0026896,0.00268398,0.49,0.4571428571,True,True,True,True,True
7,2,short,2024-11-02,SUIUSDT,1.9071,2.8525,2.84956293,0.49,0.4851485149,True,True,True,True,True
7,2,short,2024-11-03,1000PEPEUSDT,0.0081725,0.0130052,0.01300017,0.49,0.4903129657,True,True,True,True,True
7,2,short,2024-11-03,DOGEUSDT,0.15129,0.298,0.29789,0.49,0.4903129657,True,True,True,True,True
7,2,short,2024-11-03,NEIROETHUSDT,0.0866,0.1186,0.11852213,0.49,0.3636363636,False,False,True,True,True
7,2,short,2024-11-03,NEIROUSDT,0.0013367,0.002896,0.00289233,0.49,0.4571428571,True,True,True,True,True
7,2,short,2024-11-03,SUIUSDT,1.9447,3.1662,3.15423874,0.49,0.4851485149,True,True,True,True,True
7,2,short,2024-11-04,1000PEPEUSDT,0.007915,0.0134725,0.01345793,0.49,0.4903129657,True,True,True,True,True
7,2,short,2024-11-04,1MBABYDOGEUSDT,0.0020214,0.003085,0.003085,0.49,0.4779411765,True,True,True,True,True
7,2,short,2024-11-04,APTUSDT,8.0588,14.131,14.0941,0.49,0.4827586207,True,True,True,True,True
7,2,short,2024-11-04,BOMEUSDT,0.006991,0.010418,0.01040338,0.49,0.4571428571,True,False,True,True,True
7,2,short,2024-11-04,DOGEUSDT,0.15817,0.352,0.35165879,0.49,0.4903129657,True,True,True,True,True
7,2,short,2024-11-04,NEIROETHUSDT,0.0731,0.1186,0.11852213,0.49,0.3636363636,True,True,True,True,True
7,2,short,2024-11-04,NEIROUSDT,0.0012662,0.002896,0.00289233,0.49,0.4571428571,True,True,True,True,True
7,2,short,2024-11-04,SUIUSDT,1.8482,3.3186,3.31460312,0.49,0.4851485149,True,True,True,True,True
7,2,short,2024-11-04,TURBOUSDT,0.0072506,0.0109382,0.01093111,0.49,0.4779411765,True,True,True,True,True
7,2,short,2024-11-04,WIFUSDT,1.9221,3.222,3.22038674,0.49,0.4779411765,True,True,True,True,True
7,2,short,2024-11-04,WLDUSDT,1.6564,2.5068,2.50497596,0.49,0.4851485149,True,True,True,True,True
7,2,short,2024-11-05,1000PEPEUSDT,0.0085603,0.014921,0.01490409,0.49,0.4903129657,True,True,True,True,True
7,2,short,2024-11-05,1MBABYDOGEUSDT,0.0020858,0.003085,0.003085,0.49,0.4779411765,False,False,True,True,True
7,2,short,2024-11-05,APTUSDT,8.4599,14.131,14.0941,0.49,0.4827586207,True,True,True,True,True
7,2,short,2024-11-05,DOGEUSDT,0.16991,0.43995,0.43858979,0.49,0.4903129657,True,True,True,True,True
7,2,short,2024-11-05,NEIROETHUSDT,0.07552,0.1186,0.11852213,0.49,0.3636363636,True,True,True,True,True
7,2,short,2024-11-05,NEIROUSDT,0.0013502,0.0031221,0.0031189,0.49,0.4571428571,True,True,True,True,True
7,2,short,2024-11-05,SUIUSDT,2.0075,3.3352,3.33236831,0.49,0.4851485149,True,True,True,True,True
7,2,short,2024-11-05,WIFUSDT,2.1019,3.38,3.3746,0.49,0.4779411765,True,True,True,True,True
7,2,short,2024-11-05,WLDUSDT,1.7708,2.8562,2.85364237,0.49,0.4851485149,True,True,True,True,True
7,2,short,2024-11-06,1000PEPEUSDT,0.009901,0.0224698,0.02242399,0.49,0.4903129657,True,True,True,True,True
7,2,short,2024-11-06,DOGEUSDT,0.19646,0.43995,0.43858979,0.49,0.4903129657,True,True,True,True,True
7,2,short,2024-11-06,NEIROUSDT,0.0020908,0.0031221,0.0031189,0.49,0.4571428571,True,True,True,True,True
7,2,short,2024-11-06,SUIUSDT,2.3035,3.4472,3.44329443,0.49,0.4851485149,True,True,True,True,True
7,2,short,2024-11-06,WIFUSDT,2.407,4.8524,4.79382986,0.49,0.4779411765,True,True,True,True,True
7,2,short,2024-11-07,1000PEPEUSDT,0.0110044,0.026,0.02571901,0.49,0.4903129657,True,True,True,True,True
7,2,short,2024-11-07,DOGEUSDT,0.19334,0.43995,0.43858979,0.49,0.4903129657,True,True,True,True,True
7,2,short,2024-11-07,SUIUSDT,2.3193,3.5315,3.5301898,0.49,0.4851485149,True,True,True,True,True
7,2,short,2024-11-07,WIFUSDT,2.39,4.8524,4.79382986,0.49,0.4779411765,True,True,True,True,True
7,2,short,2024-11-07,XRPUSDT,0.5559,0.8478,0.84705416,0.49,0.4925373134,True,True,True,True,True
7,2,short,2024-11-08,1000PEPEUSDT,0.0107748,0.026,0.02571901,0.49,0.4903129657,True,True,True,True,True
7,2,short,2024-11-08,BOMEUSDT,0.008246,0.012561,0.012546,0.49,0.4571428571,True,True,True,True,True
7,2,short,2024-11-08,DOGEUSDT,0.20203,0.43995,0.43858979,0.49,0.4903129657,True,True,True,True,True
7,2,short,2024-11-08,SUIUSDT,2.2874,3.681,3.67995433,0.49,0.4851485149,True,True,True,True,True
7,2,short,2024-11-08,WIFUSDT,2.3187,4.8524,4.79382986,0.49,0.4779411765,True,True,True,True,True
7,2,short,2024-11-08,WLDUSDT,1.9195,2.8562,2.85364237,0.49,0.4851485149,False,False,True,True,True
7,2,short,2024-11-08,XRPUSDT,0.5541,0.9283,0.9271123,0.49,0.4925373134,True,True,True,True,True
7,2,short,2024-11-09,1000PEPEUSDT,0.0112065,0.026,0.02571901,0.49,0.4903129657,True,True,True,True,True
7,2,short,2024-11-09,DOGEUSDT,0.219,0.43995,0.43858979,0.49,0.4903129657,True,True,True,True,True
7,2,short,2024-11-09,WIFUSDT,2.4869,4.8524,4.79382986,0.49,0.4779411765,True,True,True,True,True
7,2,short,2024-11-09,XRPUSDT,0.5596,1.27,1.26482818,0.49,0.4925373134,True,True,True,True,True
7,2,short,2024-11-10,1000PEPEUSDT,0.0123271,0.026,0.02571901,0.49,0.4903129657,True,True,True,True,True
7,2,short,2024-11-10,DOGEUSDT,0.27794,0.43995,0.43858979,0.49,0.4903129657,True,True,True,True,True
7,2,short,2024-11-10,WIFUSDT,2.7458,4.8524,4.79382986,0.49,0.4779411765,True,True,True,True,True
7,2,short,2024-11-10,XRPUSDT,0.5888,1.27,1.26482818,0.49,0.4925373134,True,True,True,True,True
7,2,short,2024-11-11,1000PEPEUSDT,0.0130032,0.026,0.02571901,0.49,0.4903129657,True,True,True,True,True
7,2,short,2024-11-11,WIFUSDT,3.1285,4.8524,4.79382986,0.49,0.4779411765,True,True,True,True,True
7,2,short,2024-11-11,XRPUSDT,0.6216,1.27,1.26482818,0.49,0.4925373134,True,True,True,True,True
7,2,short,2024-11-12,1000PEPEUSDT,0.0141371,0.026,0.02571901,0.49,0.4903129657,True,True,True,True,True
7,2,short,2024-11-12,NEIROETHUSDT,0.08877,0.12273,0.1222,0.49,0.3636363636,False,False,True,True,True
7,2,short,2024-11-12,WIFUSDT,3.2497,4.8524,4.79382986,0.49,0.4779411765,True,False,True,False,True
7,2,short,2024-11-12,XRPUSDT,0.7048,1.27,1.26482818,0.49,0.4925373134,True,True,True,True,True
7,2,short,2024-11-13,NEIROETHUSDT,0.08758,0.12273,0.1222,0.49,0.3636363636,False,False,True,True,True
7,2,short,2024-11-13,XRPUSDT,0.6901,1.27,1.26482818,0.49,0.4925373134,True,True,True,True,True
7,2,short,2024-11-14,NEIROETHUSDT,0.08609,0.12273,0.1222,0.49,0.3636363636,False,False,True,True,True
7,2,short,2024-11-14,XRPUSDT,0.7741,1.27,1.26482818,0.49,0.4925373134,True,True,True,True,True
7,2,short,2024-11-15,XRPUSDT,0.8924,1.5036,1.49974142,0.49,0.4925373134,True,True,True,True,True
7,2,short,2024-11-17,TIAUSDT,5.0285,8.516,8.50196856,0.49,0.4827586207,True,True,True,True,True
7,2,short,2024-11-17,XRPUSDT,1.055,1.635,1.632,0.49,0.4925373134,True,True,True,True,True
7,2,short,2024-11-18,TIAUSDT,5.563,8.5418,8.50196856,0.49,0.4827586207,True,True,True,True,True
7,2,short,2024-11-19,TIAUSDT,5.1629,8.5993,8.59093662,0.49,0.4827586207,True,True,True,True,True
7,2,short,2024-11-20,TIAUSDT,4.9406,8.6502,8.63701928,0.49,0.4827586207,True,True,True,True,True
7,2,short,2024-11-21,TIAUSDT,5.4224,8.9468,8.94164,0.49,0.4827586207,True,True,True,True,True
7,2,short,2024-11-22,TIAUSDT,5.7118,8.9468,8.94164,0.49,0.4827586207,True,True,True,True,True
7,2,short,2024-11-23,WLDUSDT,2.4494,3.7383,3.73388808,0.49,0.4851485149,True,True,True,True,True
7,2,short,2024-11-24,XRPUSDT,1.4334,2.3549,2.35085273,0.49,0.4925373134,True,True,True,True,True
7,2,short,2024-11-25,WLDUSDT,2.4424,3.7383,3.73388808,0.49,0.4851485149,True,True,True,True,True
7,2,short,2024-11-25,XRPUSDT,1.4151,2.8767,2.8722819,0.49,0.4925373134,True,True,True,True,True
7,2,short,2024-11-26,WLDUSDT,2.3504,3.7383,3.73388808,0.49,0.4851485149,True,True,True,True,True
7,2,short,2024-11-26,XRPUSDT,1.3993,2.916,2.91446212,0.49,0.4925373134,True,True,True,True,True
7,2,short,2024-11-27,XRPUSDT,1.4709,2.916,2.91446212,0.49,0.4925373134,True,True,True,True,True
7,2,short,2024-11-28,XRPUSDT,1.5431,2.916,2.91446212,0.49,0.4925373134,True,True,True,True,True
7,2,short,2024-11-29,XRPUSDT,1.8019,2.916,2.91446212,0.49,0.4925373134,True,True,True,True,True
7,2,short,2024-11-30,1MBABYDOGEUSDT,0.0025394,0.004699,0.00466108,0.49,0.4779411765,True,True,True,True,True
7,2,short,2024-11-30,XRPUSDT,1.953,2.916,2.91446212,0.49,0.4925373134,True,True,True,False,True
7,2,short,2024-12-01,MOODENGUSDT,0.35209,0.68145,0.6750535,0.49,0.4707317073,True,True,True,True,True
7,2,short,2024-12-01,SANDUSDT,0.67371,1.06868,1.06744,0.49,0.4779411765,True,True,True,True,True
7,2,short,2024-12-02,SANDUSDT,0.71274,1.06868,1.06744,0.49,0.4779411765,True,True,True,True,True
7,2,short,2024-12-09,GOATUSDT,0.605,0.9275,0.92630996,0.49,0.4547619048,True,True,True,True,True
7,2,short,2024-12-10,GOATUSDT,0.5541,0.9275,0.92630996,0.49,0.4547619048,True,True,True,True,True
7,2,short,2025-01-09,XRPUSDT,2.271,3.4043,3.3992,0.49,0.4925373134,True,True,True,True,True
7,2,short,2025-01-12,SOLUSDT,188.43,295.6,295.42,0.49,0.4925373134,True,True,True,True,True
7,2,short,2025-01-13,SOLUSDT,182.78,295.6,295.42,0.49,0.4925373134,True,True,True,True,True
7,2,short,2025-01-14,SOLUSDT,187.46,295.6,295.42,0.49,0.4925373134,True,True,True,True,True
7,2,short,2025-01-28,NEIROUSDT,0.0004445,0.0006678,0.00066767,0.49,0.4571428571,True,True,True,True,True
7,2,short,2025-02-06,FARTCOINUSDT,0.4236,0.7199,0.716,0.49,0.4779411765,True,True,True,True,True
7,2,short,2025-02-07,FARTCOINUSDT,0.4212,0.7199,0.716,0.49,0.4779411765,True,True,True,True,True
7,2,short,2025-02-09,FARTCOINUSDT,0.4846,0.7199,0.716,0.49,0.4779411765,False,False,True,False,True
7,2,short,2025-02-15,PNUTUSDT,0.1547,0.25,0.24921,0.49,0.4571428571,True,True,True,True,True
7,2,short,2025-02-16,PNUTUSDT,0.15115,0.25,0.24921,0.49,0.4571428571,True,True,True,True,True
7,2,short,2025-02-17,PNUTUSDT,0.15004,0.25,0.24921,0.49,0.4571428571,True,True,True,True,True
7,2,short,2025-02-18,PNUTUSDT,0.14337,0.25,0.24921,0.49,0.4571428571,True,True,True,True,True
7,2,short,2025-02-19,PNUTUSDT,0.13915,0.25,0.24921,0.49,0.4571428571,True,True,True,True,True
7,2,short,2025-02-20,PNUTUSDT,0.1441,0.25,0.24921,0.49,0.4571428571,True,True,True,True,True
7,2,short,2025-02-21,PNUTUSDT,0.14449,0.30947,0.30840096,0.49,0.4571428571,True,True,True,True,True
7,2,short,2025-02-23,ADAUSDT,0.7692,1.1508,1.143,0.49,0.4900990099,True,False,True,False,True
7,2,short,2025-02-23,PNUTUSDT,0.17879,0.30947,0.30840096,0.49,0.4571428571,True,True,True,True,True
7,2,short,2025-02-24,ADAUSDT,0.6811,1.1753,1.17062756,0.49,0.4900990099,True,True,True,True,True
7,2,short,2025-02-24,PNUTUSDT,0.14963,0.30947,0.30840096,0.49,0.4571428571,True,True,True,True,True
7,2,short,2025-02-25,ADAUSDT,0.6829,1.1753,1.17062756,0.49,0.4900990099,True,True,True,True,True
7,2,short,2025-02-25,PNUTUSDT,0.17451,0.30947,0.30840096,0.49,0.4571428571,True,True,True,True,True
7,2,short,2025-02-26,ADAUSDT,0.6469,1.1753,1.17062756,0.49,0.4900990099,True,True,True,True,True
7,2,short,2025-02-26,PNUTUSDT,0.20968,0.30947,0.30840096,0.49,0.4571428571,False,False,True,True,True
7,2,short,2025-02-27,ADAUSDT,0.6448,1.1753,1.17062756,0.49,0.4900990099,True,True,True,True,True
7,2,short,2025-02-27,PNUTUSDT,0.18579,0.30947,0.30840096,0.49,0.4571428571,True,True,True,True,True
7,2,short,2025-02-28,ADAUSDT,0.6326,1.1753,1.17062756,0.49,0.4900990099,True,True,True,True,True
7,2,short,2025-03-01,ADAUSDT,0.6589,1.1753,1.17062756,0.49,0.4900990099,True,True,True,True,True
7,2,short,2025-03-01,FARTCOINUSDT,0.2516,0.3981,0.3962,0.49,0.4779411765,True,True,True,True,True
7,2,short,2025-03-04,BNXUSDT,0.8785,1.29,1.27574841,0.49,0.4285714286,False,False,True,True,True
7,2,short,2025-03-05,BNXUSDT,0.8174,1.29,1.27574841,0.49,0.4285714286,True,True,True,True,True
7,2,short,2025-03-06,BNXUSDT,0.728,1.29,1.27574841,0.49,0.4285714286,True,True,True,True,True
7,2,short,2025-03-09,BNXUSDT,1.0137,1.59,1.5514,0.49,0.4285714286,True,True,True,True,True
7,2,short,2025-03-09,FARTCOINUSDT,0.232,0.3591,0.35855752,0.49,0.4779411765,True,True,True,True,True
7,2,short,2025-03-10,BNXUSDT,0.9792,2,1.97428117,0.49,0.4285714286,True,True,True,True,True
7,2,short,2025-03-10,FARTCOINUSDT,0.2187,0.3591,0.35855752,0.49,0.4779411765,True,True,True,True,True
7,2,short,2025-03-11,BNXUSDT,1.232,2,2.04836834,0.49,0.4285714286,True,True,True,True,True
7,2,short,2025-03-12,BNXUSDT,1.0259,2,2.04836834,0.49,0.4285714286,True,True,True,True,True
7,2,short,2025-03-13,BNXUSDT,0.8364,2,2.04836834,0.49,0.4285714286,True,True,True,True,True
7,2,short,2025-03-13,FARTCOINUSDT,0.2428,0.4199,0.41485763,0.49,0.4779411765,True,True,True,True,True
7,2,short,2025-03-14,BNXUSDT,0.9985,2,2.04836834,0.49,0.4285714286,True,True,True,True,True
7,2,short,2025-03-14,FARTCOINUSDT,0.2841,0.437,0.436,0.49,0.4779411765,True,True,True,True,True
7,2,short,2025-03-15,ARCUSDT,0.04866,0.072,0.07159498,0.49,0.4136363636,False,False,True,True,True
7,2,short,2025-03-15,BNXUSDT,1.1148,2,2.04836834,0.49,0.4285714286,True,True,True,True,True
7,2,short,2025-03-16,BNXUSDT,1.4285,2,2.04836834,0.49,0.4285714286,False,False,False,True,True
7,2,short,2025-03-16,FARTCOINUSDT,0.2956,0.5583,0.552898,0.49,0.4779411765,True,True,True,True,True
7,2,short,2025-03-17,FARTCOINUSDT,0.3223,0.6476,0.63885887,0.49,0.4779411765,True,True,True,True,True
7,2,short,2025-03-18,ARCUSDT,0.04073,0.08364,0.08357373,0.49,0.4136363636,True,True,True,True,True
7,2,short,2025-03-18,FARTCOINUSDT,0.2953,0.6476,0.63885887,0.49,0.4779411765,True,True,True,True,True
7,2,short,2025-03-19,ARCUSDT,0.05051,0.08364,0.08357373,0.49,0.4136363636,True,True,True,True,True
7,2,short,2025-03-19,FARTCOINUSDT,0.3976,0.6476,0.63957977,0.49,0.4779411765,True,True,True,True,True
7,2,short,2025-03-20,ARCUSDT,0.05836,0.08364,0.08357373,0.49,0.4136363636,False,False,True,True,True
7,2,short,2025-03-20,FARTCOINUSDT,0.3601,0.6476,0.63957977,0.49,0.4779411765,True,True,True,True,True
7,2,short,2025-03-21,FARTCOINUSDT,0.4276,0.6476,0.63957977,0.49,0.4779411765,True,True,True,True,True
7,2,short,2025-03-22,ARCUSDT,0.0579,0.08364,0.08357373,0.49,0.4136363636,False,False,True,True,True
7,2,short,2025-03-23,ARCUSDT,0.05291,0.08364,0.08357373,0.49,0.4136363636,True,True,True,True,True
7,2,short,2025-04-02,FARTCOINUSDT,0.4229,0.7864,0.78334957,0.49,0.4779411765,True,True,True,True,True
7,2,short,2025-04-02,RAREUSDT,0.05356,0.07747,0.07830847,0.49,0.4571428571,False,False,False,True,True
7,2,short,2025-04-03,FARTCOINUSDT,0.4174,0.7864,0.78334957,0.49,0.4779411765,True,True,True,True,True
7,2,short,2025-04-04,FARTCOINUSDT,0.5124,0.988,0.98291117,0.49,0.4779411765,True,True,True,True,True
7,2,short,2025-04-05,FARTCOINUSDT,0.4965,0.988,0.98291117,0.49,0.4779411765,True,True,True,True,True
7,2,short,2025-04-06,FARTCOINUSDT,0.4446,0.988,0.98291117,0.49,0.4779411765,True,True,True,True,True
7,2,short,2025-04-07,FARTCOINUSDT,0.5533,0.988,0.98291117,0.49,0.4779411765,True,True,True,True,True
7,2,short,2025-04-08,FARTCOINUSDT,0.5105,0.988,0.98291117,0.49,0.4779411765,True,True,True,True,True
7,2,short,2025-04-08,WIFUSDT,0.3193,0.4818,0.48172324,0.49,0.4779411765,True,True,True,True,True
7,2,short,2025-04-15,FARTCOINUSDT,0.8099,1.2097,1.2068,0.49,0.4779411765,True,True,True,True,True
7,2,short,2025-04-16,PNUTUSDT,0.12362,0.18097,0.18042114,0.49,0.4571428571,False,False,True,True,True
7,2,short,2025-04-16,SUIUSDT,2.0541,3.0797,3.0757,0.49,0.4851485149,True,True,True,True,True
7,2,short,2025-04-16,TRUMPUSDT,7.715,16.092,16.05345245,0.49,0.4802955665,True,True,True,True,True
7,2,short,2025-04-16,WIFUSDT,0.3782,0.584,0.58393262,0.49,0.4779411765,True,True,True,True,True
7,2,short,2025-04-17,SUIUSDT,2.1218,3.393,3.3905,0.49,0.4851485149,True,True,True,True,True
7,2,short,2025-04-17,TRUMPUSDT,7.556,16.092,16.05345245,0.49,0.4802955665,True,True,True,True,True
7,2,short,2025-04-17,WIFUSDT,0.3761,0.584,0.58393262,0.49,0.4779411765,True,True,True,True,True
7,2,short,2025-04-18,FARTCOINUSDT,0.733,1.2097,1.2068,0.49,0.4779411765,True,True,True,True,True
7,2,short,2025-04-18,SUIUSDT,2.1189,3.8114,3.8021,0.49,0.4851485149,True,True,True,True,True
7,2,short,2025-04-18,TRUMPUSDT,7.786,16.092,16.05345245,0.49,0.4802955665,True,True,True,True,True
7,2,short,2025-04-18,WIFUSDT,0.4018,0.6697,0.66851346,0.49,0.4779411765,True,True,True,True,True
7,2,short,2025-04-19,FARTCOINUSDT,0.8144,1.2097,1.2068,0.49,0.4779411765,False,False,True,True,True
7,2,short,2025-04-19,PNUTUSDT,0.13391,0.19712,0.19692469,0.49,0.4571428571,False,False,True,True,True
7,2,short,2025-04-19,SUIUSDT,2.1541,3.8114,3.8021,0.49,0.4851485149,True,True,True,True,True
7,2,short,2025-04-19,TRUMPUSDT,8.411,16.442,16.41076842,0.49,0.4802955665,True,True,True,True,True
7,2,short,2025-04-19,WIFUSDT,0.4174,0.7202,0.71956992,0.49,0.4779411765,True,True,True,True,True
7,2,short,2025-04-20,PNUTUSDT,0.13521,0.19712,0.19692469,0.49,0.4571428571,False,False,True,False,True
7,2,short,2025-04-20,SUIUSDT,2.1124,3.8114,3.8021,0.49,0.4851485149,True,True,True,True,True
7,2,short,2025-04-20,TRUMPUSDT,8.171,16.442,16.41076842,0.49,0.4802955665,True,True,True,True,True
7,2,short,2025-04-20,WIFUSDT,0.4283,0.7202,0.71956992,0.49,0.4779411765,True,True,True,True,True
7,2,short,2025-04-21,PNUTUSDT,0.13379,0.19869,0.1985064,0.49,0.4571428571,False,False,True,True,True
7,2,short,2025-04-21,SUIUSDT,2.1953,3.87,3.87,0.49,0.4851485149,True,True,True,True,True
7,2,short,2025-04-21,TRUMPUSDT,8.314,16.442,16.41076842,0.49,0.4802955665,True,True,True,True,True
7,2,short,2025-04-21,WIFUSDT,0.4226,0.7202,0.71956992,0.49,0.4779411765,True,True,True,True,True
7,2,short,2025-04-22,TRUMPUSDT,9.222,16.442,16.41076842,0.49,0.4802955665,True,True,True,True,True
7,2,short,2025-04-30,KAITOUSDT,0.8386,1.52,1.5144,0.49,0.4779411765,True,True,True,True,True
7,2,short,2025-05-02,1000PEPEUSDT,0.0086911,0.0139697,0.01394514,0.49,0.4903129657,True,True,True,True,True
7,2,short,2025-05-03,1000PEPEUSDT,0.0081707,0.014071,0.0140323,0.49,0.4903129657,True,True,True,True,True
7,2,short,2025-05-04,1000PEPEUSDT,0.0080764,0.0142666,0.0142289,0.49,0.4903129657,True,True,True,True,True
7,2,short,2025-05-04,DOGEUSDT,0.1704,0.25973,0.25942,0.49,0.4903129657,True,True,True,True,True
7,2,short,2025-05-04,ENAUSDT,0.2858,0.4355,0.43509148,0.49,0.4851485149,True,True,True,True,True
7,2,short,2025-05-05,1000PEPEUSDT,0.0079342,0.0153987,0.01539125,0.49,0.4903129657,True,True,True,True,True
7,2,short,2025-05-05,DOGEUSDT,0.1705,0.25973,0.25942,0.49,0.4903129657,True,True,True,True,True
7,2,short,2025-05-05,ENAUSDT,0.2619,0.4395,0.43923421,0.49,0.4851485149,True,True,True,True,True
7,2,short,2025-05-06,1000PEPEUSDT,0.0079884,0.0153987,0.01539125,0.49,0.4903129657,True,True,True,True,True
7,2,short,2025-05-06,DOGEUSDT,0.17211,0.25973,0.25942,0.49,0.4903129657,True,True,True,True,True
7,2,short,2025-05-06,ENAUSDT,0.2696,0.4611,0.46050301,0.49,0.4851485149,True,True,True,True,True
7,2,short,2025-05-06,ETHUSDT,1816.22,2738.62,2736.849085,0.49,0.4940239044,True,True,True,True,True
7,2,short,2025-05-06,GUNUSDT,0.04526,0.07149,0.07145417,0.49,0.4571428571,True,True,True,True,True
7,2,short,2025-05-07,1000PEPEUSDT,0.0082465,0.0153987,0.01539125,0.49,0.4903129657,True,True,True,True,True
7,2,short,2025-05-07,DOGEUSDT,0.17193,0.25973,0.25942,0.49,0.4903129657,True,True,True,True,True
7,2,short,2025-05-07,ENAUSDT,0.2673,0.4628,0.46277854,0.49,0.4851485149,True,True,True,True,True
7,2,short,2025-05-07,ETHUSDT,1810.14,2738.62,2736.849085,0.49,0.4940239044,True,True,True,True,True
7,2,short,2025-05-07,GUNUSDT,0.04768,0.07164,0.07162,0.49,0.4571428571,True,True,True,True,True
7,2,short,2025-05-07,OMUSDT,0.35886,0.51748,0.51597024,0.49,0.4323809524,False,False,True,True,True
7,2,short,2025-06-04,FARTCOINUSDT,0.9449,1.545,1.51463252,0.49,0.4779411765,True,True,True,True,True
7,2,short,2025-06-05,FARTCOINUSDT,1.0287,1.545,1.51463252,0.49,0.4779411765,True,False,True,False,True
7,2,short,2025-06-06,FARTCOINUSDT,0.9665,1.545,1.51463252,0.49,0.4779411765,True,True,True,True,True
7,2,short,2025-06-07,FARTCOINUSDT,1.0049,1.545,1.51463252,0.49,0.4779411765,True,True,True,True,True
7,2,short,2025-06-08,FARTCOINUSDT,1.0377,1.545,1.51463252,0.49,0.4779411765,False,False,True,False,True
7,2,short,2025-07-01,FUNUSDT,0.009987,0.015648,0.01562699,0.49,0.4404761905,True,True,True,True,True
7,2,short,2025-07-02,FUNUSDT,0.009986,0.015648,0.01562699,0.49,0.4404761905,True,True,True,True,True
7,2,short,2025-07-04,ENAUSDT,0.253,0.3852,0.3839,0.49,0.4851485149,True,True,True,True,True
7,2,short,2025-07-05,ENAUSDT,0.2548,0.3852,0.3839,0.49,0.4851485149,True,True,True,True,True
7,2,short,2025-07-06,FUNUSDT,0.013107,0.0189,0.01889755,0.49,0.4404761905,False,False,True,True,True
7,2,short,2025-07-07,ENAUSDT,0.2564,0.3852,0.3839,0.49,0.4851485149,True,True,True,True,True
7,2,short,2025-07-07,FUNUSDT,0.013083,0.023834,0.02373847,0.49,0.4404761905,True,True,True,True,True
7,2,short,2025-07-08,FUNUSDT,0.013429,0.02485,0.0247793,0.49,0.4404761905,True,True,True,True,True
7,2,short,2025-07-09,FUNUSDT,0.013346,0.02485,0.0247793,0.49,0.4404761905,True,True,True,True,True
7,2,short,2025-07-10,FUNUSDT,0.013478,0.02485,0.0247793,0.49,0.4404761905,True,True,True,True,True
7,2,short,2025-07-11,FUNUSDT,0.015246,0.02485,0.0247793,0.49,0.4404761905,True,True,True,True,True
7,2,short,2025-07-12,FUNUSDT,0.016194,0.02485,0.0247793,0.49,0.4404761905,True,True,True,True,True
7,2,short,2025-07-13,ENAUSDT,0.3428,0.5262,0.52546028,0.49,0.4851485149,True,True,True,True,True
7,2,short,2025-07-14,ENAUSDT,0.337,0.5918,0.5915,0.49,0.4851485149,True,True,True,True,True
7,2,short,2025-07-15,ENAUSDT,0.3611,0.5918,0.5915,0.49,0.4851485149,True,True,True,True,True
7,2,short,2025-07-16,ENAUSDT,0.3715,0.5918,0.5915,0.49,0.4851485149,True,True,True,True,True
7,2,short,2025-07-17,ENAUSDT,0.3786,0.5918,0.5915,0.49,0.4851485149,True,True,True,True,True
7,2,short,2025-07-18,ENAUSDT,0.39,0.6248,0.62449973,0.49,0.4851485149,True,True,True,True,True
7,2,short,2025-07-23,ENAUSDT,0.4599,0.7015,0.70093379,0.49,0.4851485149,True,True,True,True,True
7,2,short,2025-07-24,ENAUSDT,0.4715,0.7015,0.70093379,0.49,0.4851485149,False,False,True,True,True
7,2,short,2025-08-02,SPKUSDT,0.08849,0.13404,0.13353154,0.49,0.4707317073,True,True,True,True,True
7,2,short,2025-09-01,MYXUSDT,1.0189,14.489,14.42172403,0.49,0.4090909091,True,True,True,True,True
7,2,short,2025-09-02,MYXUSDT,1.2044,18.58,18.37882112,0.49,0.4090909091,True,True,True,True,True
7,2,short,2025-09-03,MYXUSDT,1.1336,18.58,18.37882112,0.49,0.4090909091,True,True,True,True,True
7,2,short,2025-09-04,MYXUSDT,1.1432,18.65,18.649,0.49,0.4090909091,True,True,True,True,True
7,2,short,2025-09-04,PUMPUSDT,0.004277,0.006497,0.00633861,0.49,0.4851485149,True,False,True,False,True
7,2,short,2025-09-05,MYXUSDT,1.1562,18.65,18.649,0.49,0.4090909091,True,True,True,True,True
7,2,short,2025-09-06,MYXUSDT,1.3076,18.65,18.649,0.49,0.4090909091,True,True,True,True,True
7,2,short,2025-09-06,PUMPUSDT,0.004523,0.007724,0.007708,0.49,0.4851485149,True,True,True,True,True
7,2,short,2025-09-07,MYXUSDT,3.488,18.65,18.649,0.49,0.4090909091,True,True,True,True,True
7,2,short,2025-09-07,PUMPUSDT,0.004853,0.008999,0.00895407,0.49,0.4851485149,True,True,True,True,True
7,2,short,2025-09-08,PUMPUSDT,0.00473,0.008999,0.00895407,0.49,0.4851485149,True,True,True,True,True
7,2,short,2025-09-09,PUMPUSDT,0.004771,0.008999,0.00895407,0.49,0.4851485149,True,True,True,True,True
7,2,short,2025-09-10,PUMPUSDT,0.005636,0.008999,0.00895407,0.49,0.4851485149,True,True,True,True,True
7,2,short,2025-09-11,PUMPUSDT,0.005896,0.008999,0.00895407,0.49,0.4851485149,True,True,True,True,True
7,2,short,2025-09-13,MYXUSDT,12.141,18.084,17.98259602,0.49,0.4090909091,False,False,True,True,True
7,2,short,2025-09-14,MYXUSDT,11.068,18.084,17.98259602,0.49,0.4090909091,True,True,True,True,True
7,2,short,2025-09-15,MYXUSDT,10.542,18.084,17.98259602,0.49,0.4090909091,True,True,True,True,True
7,2,short,2025-09-16,MYXUSDT,11.482,18.084,17.98259602,0.49,0.4090909091,True,True,True,True,True
7,2,short,2025-09-20,MYXUSDT,10.618,15.5,15.289,0.49,0.4090909091,False,False,True,True,True
7,2,short,2025-09-21,MYXUSDT,9.816,16.166,16.10775357,0.49,0.4090909091,True,True,True,True,True
7,2,short,2025-09-22,MYXUSDT,9.407,17.02,16.983,0.49,0.4090909091,True,True,True,True,True
7,2,short,2025-09-23,MYXUSDT,9.369,17.02,16.983,0.49,0.4090909091,True,True,True,True,True
7,2,short,2025-09-24,MYXUSDT,8.932,17.02,16.983,0.49,0.4090909091,True,True,True,True,True
7,2,short,2025-09-25,MYXUSDT,9.151,17.02,16.983,0.49,0.4090909091,True,True,True,True,True
7,2,short,2025-09-26,MYXUSDT,10.354,17.02,16.983,0.49,0.4090909091,True,True,True,True,True
7,2,short,2025-10-05,MYXUSDT,4.57,7.6,7.59723147,0.49,0.4090909091,True,True,True,True,True
7,2,short,2025-10-10,MYXUSDT,2.653,4.347,4.3417946,0.49,0.4090909091,True,True,True,True,True
7,2,short,2025-10-22,PUMPUSDT,0.003457,0.005479,0.00546809,0.49,0.4851485149,True,True,True,True,True
7,2,short,2025-11-01,COAIUSDT,1.446,2.378,2.17167364,0.49,0.4090909091,True,True,True,True,True
7,2,short,2025-11-01,ZECUSDT,411.89,775,754.01,0.49,0.4851485149,True,True,True,True,True
7,2,short,2025-11-02,COAIUSDT,1.3,2.378,2.17167364,0.49,0.4090909091,True,True,True,True,True
7,2,short,2025-11-02,ZECUSDT,417.29,775,754.01,0.49,0.4851485149,True,True,True,True,True
7,2,short,2025-11-03,COAIUSDT,1.011,1.546,1.53690376,0.49,0.4090909091,True,True,True,True,True
7,2,short,2025-11-03,ZECUSDT,432.62,775,754.01,0.49,0.4851485149,True,True,True,True,True
7,2,short,2025-11-04,COAIUSDT,0.934,1.546,1.53690376,0.49,0.4090909091,True,True,True,True,True
7,2,short,2025-11-04,ZECUSDT,440.6,775,754.01,0.49,0.4851485149,True,True,True,True,True
7,2,short,2025-11-05,COAIUSDT,0.96,1.546,1.53690376,0.49,0.4090909091,True,True,True,True,True
7,2,short,2025-11-05,ZECUSDT,476.05,775,754.01,0.49,0.4851485149,True,True,True,True,True
7,2,short,2025-11-11,ZECUSDT,443.62,747.83,741.45,0.49,0.4851485149,True,True,True,True,True
7,2,short,2025-12-26,1000PEPEUSDT,0.0040325,0.006166,0.00615298,0.49,0.4903129657,True,True,True,True,True
7,2,short,2025-12-27,1000PEPEUSDT,0.0041963,0.0063,0.00628327,0.49,0.4903129657,True,True,True,True,True
7,2,short,2025-12-28,1000PEPEUSDT,0.0041753,0.0072612,0.0072377,0.49,0.4903129657,True,True,True,True,True
7,2,short,2025-12-29,1000PEPEUSDT,0.0040677,0.0072612,0.00724048,0.49,0.4903129657,True,True,True,True,True
7,2,short,2025-12-30,1000PEPEUSDT,0.0041372,0.0072612,0.00724048,0.49,0.4903129657,True,True,True,True,True
7,2,short,2025-12-31,1000PEPEUSDT,0.0040325,0.0072612,0.00724048,0.49,0.4903129657,True,True,True,True,True
7,2,short,2026-01-07,PIPPINUSDT,0.27924,0.45296,0.44769103,0.49,0.4547619048,True,True,True,True,True
7,2,short,2026-01-20,PIPPINUSDT,0.28027,0.4588,0.45848112,0.49,0.4547619048,True,True,True,True,True
7,2,short,2026-01-21,HYPEUSDT,21.528,34.849,34.80948273,0.49,0.4851485149,True,True,True,True,True
7,2,short,2026-01-21,PIPPINUSDT,0.37698,0.56888,0.5522605,0.49,0.4547619048,True,False,True,True,True
7,2,short,2026-01-22,HYPEUSDT,21.44,34.849,34.80948273,0.49,0.4851485149,True,True,True,True,True
7,2,short,2026-01-22,PIPPINUSDT,0.38815,0.56888,0.5522605,0.49,0.4547619048,False,False,True,False,True
7,2,short,2026-01-23,HYPEUSDT,22.634,34.849,34.80948273,0.49,0.4851485149,True,True,True,True,True
7,2,short,2026-01-23,PIPPINUSDT,0.38054,0.56888,0.5522605,0.49,0.4547619048,True,False,True,False,True
7,2,short,2026-01-24,HYPEUSDT,23.204,34.849,34.80948273,0.49,0.4851485149,True,True,True,True,True
7,2,short,2026-01-24,PIPPINUSDT,0.38204,0.56888,0.5522605,0.49,0.4547619048,False,False,True,False,True
7,2,short,2026-01-25,HYPEUSDT,22.193,34.849,34.80948273,0.49,0.4851485149,True,True,True,True,True
7,2,short,2026-01-25,PIPPINUSDT,0.31754,0.56888,0.5522605,0.49,0.4547619048,True,True,True,True,True
7,2,short,2026-01-26,PIPPINUSDT,0.29655,0.56888,0.5522605,0.49,0.4547619048,True,True,True,True,True
7,2,short,2026-02-01,PIPPINUSDT,0.18351,0.29837,0.29663761,0.49,0.4547619048,True,True,True,True,True
7,2,short,2026-02-01,RIVERUSDT,15.669,24.795,24.633,0.49,0.4571428571,True,True,True,True,True
7,2,short,2026-02-02,PIPPINUSDT,0.17528,0.29837,0.29663761,0.49,0.4547619048,True,True,True,True,True
7,2,short,2026-02-03,PIPPINUSDT,0.17921,0.414,0.41131012,0.49,0.4547619048,True,True,True,True,True
7,2,short,2026-02-03,RIVERUSDT,12.693,20.106,20.021,0.49,0.4571428571,True,True,True,True,True
7,2,short,2026-02-04,PIPPINUSDT,0.18495,0.53213,0.52434197,0.49,0.4547619048,True,True,True,True,True
7,2,short,2026-02-04,RIVERUSDT,14.016,21.348,21.37654522,0.49,0.4571428571,True,True,True,True,True
7,2,short,2026-02-05,PIPPINUSDT,0.16232,0.5577,0.55742281,0.49,0.4547619048,True,True,True,True,True
7,2,short,2026-02-05,RIVERUSDT,12.751,24.079,23.99159597,0.49,0.4571428571,True,True,True,True,True
7,2,short,2026-02-06,PIPPINUSDT,0.18708,0.65826,0.64157346,0.49,0.4547619048,True,True,True,True,True
7,2,short,2026-02-06,RIVERUSDT,13.435,24.079,23.99159597,0.49,0.4571428571,True,True,True,True,True
7,2,short,2026-02-07,PIPPINUSDT,0.18982,0.7395,0.73799,0.49,0.4547619048,True,True,True,True,True
7,2,short,2026-02-07,RIVERUSDT,12.821,24.079,23.99159597,0.49,0.4571428571,True,True,True,True,True
7,2,short,2026-02-08,PIPPINUSDT,0.28591,0.77516,0.76875093,0.49,0.4547619048,True,True,True,True,True
7,2,short,2026-02-08,RIVERUSDT,12.53,24.079,23.99159597,0.49,0.4571428571,True,True,True,True,True
7,2,short,2026-02-09,PIPPINUSDT,0.27179,0.77516,0.76875093,0.49,0.4547619048,True,True,True,True,True
7,2,short,2026-02-09,RIVERUSDT,13.171,24.079,23.99159597,0.49,0.4571428571,True,True,True,True,True
7,2,short,2026-02-10,PIPPINUSDT,0.3892,0.77516,0.76875093,0.49,0.4547619048,True,True,True,True,True
7,2,short,2026-02-11,PIPPINUSDT,0.48677,0.77516,0.76875093,0.49,0.4547619048,True,True,True,True,True
7,2,short,2026-02-11,RIVERUSDT,15.642,24.079,23.99159597,0.49,0.4571428571,True,True,True,True,True
7,2,short,2026-02-12,PIPPINUSDT,0.5119,0.77516,0.76875093,0.49,0.4547619048,True,True,True,True,True
7,2,short,2026-02-17,PIPPINUSDT,0.50736,0.888,0.86983292,0.49,0.4547619048,True,True,True,True,True
7,2,short,2026-02-18,PIPPINUSDT,0.4986,0.888,0.86983292,0.49,0.4547619048,True,True,True,True,True
7,2,short,2026-02-19,PIPPINUSDT,0.47952,0.9162,0.90598269,0.49,0.4547619048,True,True,True,True,True
7,2,short,2026-02-19,RIVERUSDT,8.265,12.147,12.1149504,0.49,0.4571428571,False,False,True,True,True
7,2,short,2026-02-20,PIPPINUSDT,0.47835,0.9162,0.90598269,0.49,0.4547619048,True,True,True,True,True
7,2,short,2026-02-20,RIVERUSDT,8.035,12.147,12.1149504,0.49,0.4571428571,True,True,True,True,True
7,2,short,2026-02-21,PIPPINUSDT,0.48996,0.9162,0.90598269,0.49,0.4547619048,True,True,True,True,True
7,2,short,2026-02-21,RIVERUSDT,8.014,13.775,13.76502741,0.49,0.4571428571,True,True,True,True,True
7,2,short,2026-02-22,PIPPINUSDT,0.6247,0.9162,0.90598269,0.49,0.4547619048,False,False,True,False,True
7,2,short,2026-02-22,RIVERUSDT,7.998,15.273,15.23041528,0.49,0.4571428571,True,True,True,True,True
7,2,short,2026-02-23,RIVERUSDT,8.798,15.344,15.3742398,0.49,0.4571428571,True,True,True,True,True
7,2,short,2026-02-24,RIVERUSDT,8.61,19.865,19.73,0.49,0.4571428571,True,True,True,True,True
7,2,short,2026-02-25,RIVERUSDT,9.418,21.773,21.73146547,0.49,0.4571428571,True,True,True,True,True
7,2,short,2026-02-26,RIVERUSDT,11.201,21.773,21.73146547,0.49,0.4571428571,True,True,True,True,True
7,2,short,2026-02-27,RIVERUSDT,11.36,21.773,21.73146547,0.49,0.4571428571,True,True,True,True,True
7,2,short,2026-02-28,RIVERUSDT,12.765,21.773,21.73146547,0.49,0.4571428571,True,True,True,True,True
7,2,short,2026-03-01,POWERUSDT,1.72802,2.5777,2.58454611,0.49,0.4204545455,True,True,True,True,True
7,2,short,2026-03-01,RIVERUSDT,14.516,21.773,21.73146547,0.49,0.4571428571,True,True,True,True,True
7,2,short,2026-03-07,RIVERUSDT,15.795,23.309,23.179,0.49,0.4571428571,False,False,True,True,True
7,2,short,2026-03-08,RIVERUSDT,14.339,24.863,24.717,0.49,0.4571428571,True,True,True,True,True
7,2,short,2026-03-09,RIVERUSDT,11.851,26.03,26.01989121,0.49,0.4571428571,True,True,True,True,True
7,2,short,2026-03-10,RIVERUSDT,13.912,26.03,26.01989121,0.49,0.4571428571,True,True,True,True,True
7,2,short,2026-03-11,RIVERUSDT,14.564,28.8,28.464,0.49,0.4571428571,True,True,True,True,True
7,2,short,2026-03-12,RIVERUSDT,18.726,28.8,28.464,0.49,0.4571428571,True,True,True,True,True
7,2,short,2026-03-16,RIVERUSDT,21.412,33.209,32.92177952,0.49,0.4571428571,True,True,True,True,True
7,2,short,2026-03-17,RIVERUSDT,22.626,33.209,32.92177952,0.49,0.4571428571,False,False,True,False,True
7,2,short,2026-03-20,RIVERUSDT,22.16,33.209,32.92177952,0.49,0.4571428571,True,False,True,True,True
7,2,short,2026-03-25,PIPPINUSDT,0.05093,0.0777,0.07737184,0.49,0.4547619048,True,True,True,True,True
7,2,short,2026-03-27,PIPPINUSDT,0.05181,0.0777,0.07737184,0.49,0.4547619048,True,True,True,True,True
7,2,short,2026-03-27,RIVERUSDT,12.631,18.6,18.364,0.49,0.4571428571,False,False,True,False,True
7,2,short,2026-03-29,PIPPINUSDT,0.05296,0.0777,0.07737184,0.49,0.4547619048,False,False,True,True,True
7,2,short,2026-03-31,PIPPINUSDT,0.04844,0.0777,0.07737184,0.49,0.4547619048,True,True,True,True,True
7,2,short,2026-04-01,SIRENUSDT,0.2575,0.77763,0.77277464,0.49,0.4127272727,True,True,True,True,True
7,2,short,2026-04-02,SIRENUSDT,0.19447,0.84372,0.83619,0.49,0.4127272727,True,True,True,True,True
7,2,short,2026-04-02,ZECUSDT,240.64,391.52,385.52,0.49,0.4851485149,True,True,True,True,True
7,2,short,2026-04-03,PIPPINUSDT,0.02852,0.04895,0.04869,0.49,0.4547619048,True,True,True,True,True
7,2,short,2026-04-03,SIRENUSDT,0.13694,0.84372,0.83619,0.49,0.4127272727,True,True,True,True,True
7,2,short,2026-04-03,ZECUSDT,234.26,394,390.7131286,0.49,0.4851485149,True,True,True,True,True
7,2,short,2026-04-04,SIRENUSDT,0.50477,0.97543,0.97478,0.49,0.4127272727,True,True,True,True,True
7,2,short,2026-04-04,ZECUSDT,251.09,394,390.7131286,0.49,0.4851485149,True,True,True,True,True
7,2,short,2026-04-05,SIRENUSDT,0.51596,0.97543,0.97478,0.49,0.4127272727,True,True,True,True,True
7,2,short,2026-04-05,ZECUSDT,244.9,394,390.7131286,0.49,0.4851485149,True,True,True,True,True
7,2,short,2026-04-06,SIRENUSDT,0.59331,0.97543,0.97478,0.49,0.4127272727,True,True,True,True,True
7,2,short,2026-04-06,ZECUSDT,251.33,394,390.7131286,0.49,0.4851485149,True,True,True,True,True
7,2,short,2026-04-07,SIRENUSDT,0.60339,0.97543,0.97478,0.49,0.4127272727,True,True,True,True,True
7,2,short,2026-04-08,SIRENUSDT,0.56042,0.97543,0.97478,0.49,0.4127272727,True,True,True,True,True
7,2,short,2026-04-09,SIRENUSDT,0.63841,1.9848,1.9834,0.49,0.4127272727,True,True,True,True,True
7,2,short,2026-04-10,PIPPINUSDT,0.02996,0.04372,0.04363,0.49,0.4547619048,False,False,True,True,True
7,2,short,2026-04-10,SIRENUSDT,0.68565,2.238,2.23723553,0.49,0.4127272727,True,True,True,True,True
7,2,short,2026-04-11,PIPPINUSDT,0.02943,0.04372,0.04363,0.49,0.4547619048,False,False,True,True,True
7,2,short,2026-04-11,SIRENUSDT,0.70393,2.238,2.23723553,0.49,0.4127272727,True,True,True,True,True
7,2,short,2026-04-12,PIPPINUSDT,0.02682,0.04372,0.04363,0.49,0.4547619048,True,True,True,True,True
7,2,short,2026-04-12,SIRENUSDT,0.79801,2.238,2.23723553,0.49,0.4127272727,True,True,True,True,True
7,2,short,2026-04-13,PIPPINUSDT,0.02652,0.04372,0.04363,0.49,0.4547619048,True,True,True,True,True
7,2,short,2026-04-13,SIRENUSDT,0.77106,2.238,2.23723553,0.49,0.4127272727,True,True,True,True,True
7,2,short,2026-04-14,PIPPINUSDT,0.0258,0.04372,0.04363,0.49,0.4547619048,True,True,True,True,True
7,2,short,2026-04-14,SIRENUSDT,0.71058,2.238,2.23723553,0.49,0.4127272727,True,True,True,True,True
7,2,short,2026-04-15,PIPPINUSDT,0.02575,0.04372,0.04363,0.49,0.4547619048,True,True,True,True,True
7,2,short,2026-04-15,SIRENUSDT,0.7852,2.238,2.23723553,0.49,0.4127272727,True,True,True,True,True
7,2,short,2026-04-28,ZECUSDT,336.02,563,544.5451571,0.49,0.4851485149,True,True,True,True,True
7,2,short,2026-04-29,ZECUSDT,327.38,606.6,605.0552678,0.49,0.4851485149,True,True,True,True,True
7,2,short,2026-04-30,SIRENUSDT,0.6828,1.2144,1.20994078,0.49,0.4127272727,True,True,True,True,True
7,2,short,2026-04-30,ZECUSDT,350.45,606.6,605.0552678,0.49,0.4851485149,True,True,True,True,True
7,2,short,2026-05-01,RAVEUSDT,0.6731,1.0797,1.074,0.49,0.4136363636,True,True,True,True,True
7,2,short,2026-05-01,SIRENUSDT,0.7083,1.2965,1.29388314,0.49,0.4127272727,True,True,True,True,True
7,2,short,2026-05-01,ZECUSDT,384.76,626.67,625.8274321,0.49,0.4851485149,True,True,True,True,True
7,2,short,2026-05-02,RAVEUSDT,0.662,1.0797,1.074,0.49,0.4136363636,True,True,True,True,True
7,2,short,2026-05-02,SIRENUSDT,0.6838,1.3867,1.3825,0.49,0.4127272727,True,True,True,True,True
7,2,short,2026-05-02,ZECUSDT,387.6,642.87,639.9370837,0.49,0.4851485149,True,True,True,True,True
7,2,short,2026-05-03,RAVEUSDT,0.6244,1.0797,1.074,0.49,0.4136363636,True,True,True,True,True
7,2,short,2026-05-03,SIRENUSDT,0.7455,1.3867,1.3825,0.49,0.4127272727,True,True,True,True,True
7,2,short,2026-05-03,SUIUSDT,0.9195,1.414,1.41236277,0.49,0.4851485149,True,True,True,True,True
7,2,short,2026-05-03,ZECUSDT,412.81,642.87,639.9370837,0.49,0.4851485149,True,True,True,True,True
7,2,short,2026-05-04,SIRENUSDT,0.7694,1.3867,1.3825,0.49,0.4127272727,True,True,True,True,True
7,2,short,2026-05-04,SUIUSDT,0.9285,1.414,1.41236277,0.49,0.4851485149,True,True,True,True,True
7,2,short,2026-05-04,ZECUSDT,422.47,642.87,639.9370837,0.49,0.4851485149,True,True,True,True,True
7,2,short,2026-05-05,SIRENUSDT,0.7485,1.3867,1.3825,0.49,0.4127272727,True,True,True,True,True
7,2,short,2026-05-06,RAVEUSDT,0.6468,0.944,0.94188557,0.49,0.4136363636,False,False,True,True,True
7,2,short,2026-05-06,SIRENUSDT,0.818,1.3867,1.3825,0.49,0.4127272727,True,True,True,True,True
7,2,short,2026-05-07,SIRENUSDT,0.9466,1.3867,1.3825,0.49,0.4127272727,False,False,True,True,True
7,2,short,2026-05-16,HYPEUSDT,41.811,62.651,62.55570952,0.49,0.4851485149,True,True,True,True,True
7,2,short,2026-06-01,BSBUSDT,0.27756,0.40996,0.40601008,0.49,0.4090909091,False,False,True,True,True
7,2,short,2026-06-01,LABUSDT,15.6493,24.3998,24.33808,0.49,0.4090909091,True,True,True,True,True
7,2,short,2026-06-01,SKYAIUSDT,0.19957,0.38317,0.37871761,0.49,0.4090909091,True,True,True,True,True
7,2,short,2026-06-02,BSBUSDT,0.24815,0.40996,0.40601008,0.49,0.4090909091,True,True,True,True,True
7,2,short,2026-06-02,SKYAIUSDT,0.15236,0.38317,0.37871761,0.49,0.4090909091,True,True,True,True,True
7,2,short,2026-06-02,WLDUSDT,0.3822,0.6315,0.6307424,0.49,0.4851485149,True,True,True,True,True
7,2,short,2026-06-03,BSBUSDT,0.25949,0.40996,0.40601008,0.49,0.4090909091,True,True,True,True,True
7,2,short,2026-06-03,SKYAIUSDT,0.17235,0.38317,0.37871761,0.49,0.4090909091,True,True,True,True,True
7,2,short,2026-06-04,BSBUSDT,0.23233,0.40996,0.40601008,0.49,0.4090909091,True,True,True,True,True
7,2,short,2026-06-04,SKYAIUSDT,0.17516,0.38317,0.37871761,0.49,0.4090909091,True,True,True,True,True
7,2,short,2026-06-05,BSBUSDT,0.20065,0.40996,0.40601008,0.49,0.4090909091,True,True,True,True,True
7,2,short,2026-06-05,LABUSDT,9.692,15.699,15.55226881,0.49,0.4090909091,True,True,True,True,True
7,2,short,2026-06-05,SKYAIUSDT,0.1858,0.38317,0.37871761,0.49,0.4090909091,True,True,True,True,True
7,2,short,2026-06-06,BSBUSDT,0.22777,0.40996,0.40601008,0.49,0.4090909091,True,True,True,True,True
7,2,short,2026-06-07,SKYAIUSDT,0.22476,0.38583,0.38554018,0.49,0.4090909091,True,True,True,True,True
7,2,short,2026-06-08,SKYAIUSDT,0.22685,0.42238,0.42099773,0.49,0.4090909091,True,True,True,True,True
7,2,short,2026-06-09,BSBUSDT,0.27525,0.59734,0.59556797,0.49,0.4090909091,True,True,True,True,True
7,2,short,2026-06-09,LABUSDT,9.276,14.086,14.053,0.49,0.4090909091,True,True,True,True,True
7,2,short,2026-06-09,SKYAIUSDT,0.17733,0.4562,0.45530638,0.49,0.4090909091,True,True,True,True,True
7,2,short,2026-06-10,BSBUSDT,0.28305,0.68471,0.67164873,0.49,0.4090909091,True,True,True,True,True
7,2,short,2026-06-10,LABUSDT,7.825,14.429,14.39620127,0.49,0.4090909091,True,True,True,True,True
7,2,short,2026-06-10,SKYAIUSDT,0.17242,0.47911,0.47863594,0.49,0.4090909091,True,True,True,True,True
7,2,short,2026-06-10,WLDUSDT,0.4505,0.7229,0.72200276,0.49,0.4851485149,True,True,True,True,True
7,2,short,2026-06-11,BSBUSDT,0.28351,0.68471,0.67164873,0.49,0.4090909091,True,True,True,True,True
7,2,short,2026-06-11,LABUSDT,8.626,18,17.943,0.49,0.4090909091,True,True,True,True,True
7,2,short,2026-06-11,SKYAIUSDT,0.25875,0.47911,0.47863594,0.49,0.4090909091,True,True,True,True,True
7,2,short,2026-06-12,BSBUSDT,0.25006,0.68471,0.67164873,0.49,0.4090909091,True,True,True,True,True
7,2,short,2026-06-12,LABUSDT,9.881,18.787,18.71055974,0.49,0.4090909091,True,True,True,True,True
7,2,short,2026-06-12,SKYAIUSDT,0.31068,0.47911,0.47863594,0.49,0.4090909091,True,True,True,True,True
7,2,short,2026-06-12,WLDUSDT,0.4577,0.7229,0.72200276,0.49,0.4851485149,True,True,True,True,True
7,2,short,2026-06-13,BSBUSDT,0.24927,0.68471,0.67164873,0.49,0.4090909091,True,True,True,True,True
7,2,short,2026-06-13,LABUSDT,9.449,18.787,18.71055974,0.49,0.4090909091,True,True,True,True,True
7,2,short,2026-06-14,BSBUSDT,0.27146,0.68471,0.67164873,0.49,0.4090909091,True,True,True,True,True
7,2,short,2026-06-14,LABUSDT,11.197,18.787,18.71055974,0.49,0.4090909091,True,True,True,True,True
7,2,short,2026-06-15,BSBUSDT,0.36222,0.68471,0.67164873,0.49,0.4090909091,True,True,True,True,True
7,2,short,2026-06-15,LABUSDT,9.565,18.787,18.71055974,0.49,0.4090909091,True,True,True,True,True
7,2,short,2026-06-17,LABUSDT,13.121,19.195,19.31371161,0.49,0.4090909091,False,False,True,True,True
7,2,short,2026-06-18,BSBUSDT,0.39683,0.57891,0.57375823,0.49,0.4090909091,False,False,True,True,True
7,2,short,2026-06-19,LABUSDT,12.758,19.788,19.768,0.49,0.4090909091,True,True,True,True,True
7,2,short,2026-06-20,LABUSDT,13.434,20.245,20.236,0.49,0.4090909091,True,True,True,True,True
7,3,long,2021-02-08,CRVUSDT,3.076,2.029,2.08168629,0.3233333333,0.3301346801,True,False,True,False,True
7,3,long,2021-02-08,DOGEUSDT,0.079054,0.046005,0.04736414,0.3233333333,0.3289716491,True,True,True,True,True
7,3,long,2021-02-09,CRVUSDT,3.188,2.029,2.08168629,0.3233333333,0.3301346801,True,True,True,True,True
7,3,long,2021-02-09,DOGEUSDT,0.070186,0.046005,0.04736414,0.3233333333,0.3289716491,True,True,True,False,True
7,3,long,2021-02-10,CRVUSDT,3.092,2.029,2.08168629,0.3233333333,0.3301346801,True,True,True,False,True
7,3,long,2021-02-10,DOGEUSDT,0.072645,0.046005,0.04736414,0.3233333333,0.3289716491,True,True,True,True,True
7,3,long,2021-02-11,CRVUSDT,3.568,2.029,2.08168629,0.3233333333,0.3301346801,True,True,True,True,True
7,3,long,2021-02-11,DOGEUSDT,0.069763,0.046005,0.04736414,0.3233333333,0.3289716491,True,False,True,False,True
7,3,long,2021-02-12,CRVUSDT,3.399,2.029,2.08168629,0.3233333333,0.3301346801,True,True,True,True,True
7,3,long,2021-02-12,DOGEUSDT,0.069928,0.046005,0.04736414,0.3233333333,0.3289716491,True,False,True,False,True
7,3,long,2021-02-13,CRVUSDT,3.293,2.029,2.08168629,0.3233333333,0.3301346801,True,True,True,True,True
7,3,long,2021-02-16,AAVEUSDT,433.691,280,285.6221103,0.3233333333,0.3265993266,True,True,True,True,True
7,3,long,2021-02-16,BCHUSDT,705.87,405,409.9114515,0.3233333333,0.3316498316,True,True,True,True,True
7,3,long,2021-02-16,CRVUSDT,2.679,1.674,1.70422797,0.3233333333,0.3301346801,True,True,True,True,True
7,3,long,2021-02-16,EOSUSDT,4.647,3.14,3.18336793,0.3233333333,,True,False,False,False,False
7,3,long,2021-02-16,GRTUSDT,2.06908,1.26,1.28630093,0.3233333333,0.3273809524,True,True,True,True,True
7,3,long,2021-02-16,LINKUSDT,32.004,20.671,20.88371255,0.3233333333,0.3316498316,True,True,True,True,True
7,3,long,2021-02-16,XLMUSDT,0.48613,0.30576,0.31139481,0.3233333333,0.3282571912,True,True,True,True,True
7,3,long,2021-02-16,YFIUSDT,43056.3,28072.7,28463.67598,0.3233333333,0.3273809524,True,True,True,True,True
7,3,long,2021-02-17,AAVEUSDT,451.677,280,285.6221103,0.3233333333,0.3265993266,True,True,True,True,True
7,3,long,2021-02-17,BCHUSDT,717.41,405,409.9114515,0.3233333333,0.3316498316,True,True,True,True,True
7,3,long,2021-02-17,CRVUSDT,2.794,1.674,1.70422797,0.3233333333,0.3301346801,True,True,True,True,True
7,3,long,2021-02-17,EOSUSDT,4.847,3.14,3.18336793,0.3233333333,,True,True,False,False,False
7,3,long,2021-02-17,GRTUSDT,2.18193,1.26,1.28630093,0.3233333333,0.3273809524,True,True,True,True,True
7,3,long,2021-02-17,LINKUSDT,32.289,20.671,20.88371255,0.3233333333,0.3316498316,True,True,True,True,True
7,3,long,2021-02-17,LTCUSDT,237.59,156.04,157.5881841,0.3233333333,0.3316498316,True,True,True,True,True
7,3,long,2021-02-17,MKRUSDT,2619.84,1742.24,1763.850157,0.3233333333,0.3286195286,True,True,True,False,True
7,3,long,2021-02-17,XLMUSDT,0.49877,0.30576,0.31139481,0.3233333333,0.3282571912,True,True,True,True,True
7,3,long,2021-02-17,XRPUSDT,0.536,0.3523,0.36411424,0.3233333333,0.3299832496,True,False,True,False,True
7,3,long,2021-02-17,YFIUSDT,43940.1,28072.7,28463.67598,0.3233333333,0.3273809524,True,True,True,True,True
7,3,long,2021-02-18,AAVEUSDT,442.217,280,285.6221103,0.3233333333,0.3265993266,True,True,True,True,True
7,3,long,2021-02-18,BCHUSDT,704.9,405,409.9114515,0.3233333333,0.3316498316,True,True,True,True,True
7,3,long,2021-02-18,CRVUSDT,2.81,1.674,1.70422797,0.3233333333,0.3301346801,True,True,True,True,True
7,3,long,2021-02-18,EOSUSDT,4.825,3.14,3.18336793,0.3233333333,,True,True,False,False,False
7,3,long,2021-02-18,GRTUSDT,2.29482,1.26,1.28630093,0.3233333333,0.3273809524,True,True,True,True,True
7,3,long,2021-02-18,LINKUSDT,32.524,20.671,20.88371255,0.3233333333,0.3316498316,True,True,True,True,True
7,3,long,2021-02-18,MKRUSDT,2629.77,1742.24,1763.850157,0.3233333333,0.3286195286,True,True,True,True,True
7,3,long,2021-02-18,TRXUSDT,0.05497,0.03715,0.03802027,0.3233333333,0.3301346801,True,False,False,False,True
7,3,long,2021-02-18,XLMUSDT,0.49695,0.30576,0.31139481,0.3233333333,0.3282571912,True,True,True,True,True
7,3,long,2021-02-18,XRPUSDT,0.5328,0.3523,0.36411424,0.3233333333,0.3299832496,True,False,True,False,True
7,3,long,2021-02-18,YFIUSDT,44344.7,28072.7,28463.67598,0.3233333333,0.3273809524,True,True,True,True,True
7,3,long,2021-02-19,AAVEUSDT,420.365,280,285.6221103,0.3233333333,0.3265993266,True,False,True,False,True
7,3,long,2021-02-19,BCHUSDT,720.23,405,409.9114515,0.3233333333,0.3316498316,True,True,True,True,True
7,3,long,2021-02-19,BNBUSDT,334.094,183.5,185.9609802,0.3233333333,0.3303152247,True,True,True,True,True
7,3,long,2021-02-19,CRVUSDT,2.634,1.674,1.70422797,0.3233333333,0.3301346801,True,True,True,True,True
7,3,long,2021-02-19,EOSUSDT,5.232,3.14,3.18336793,0.3233333333,,True,True,False,False,False
7,3,long,2021-02-19,GRTUSDT,2.16847,1.26,1.28630093,0.3233333333,0.3273809524,True,True,True,True,True
7,3,long,2021-02-19,LINKUSDT,34.766,20.671,20.88371255,0.3233333333,0.3316498316,True,True,True,True,True
7,3,long,2021-02-19,LTCUSDT,236.78,156.04,157.5881841,0.3233333333,0.3316498316,True,True,True,True,True
7,3,long,2021-02-19,MKRUSDT,2575.66,1742.24,1763.850157,0.3233333333,0.3286195286,True,False,False,False,True
7,3,long,2021-02-19,TRXUSDT,0.06083,0.03715,0.03802027,0.3233333333,0.3301346801,True,True,True,True,True
7,3,long,2021-02-19,XLMUSDT,0.51447,0.30576,0.31139481,0.3233333333,0.3282571912,True,True,True,True,True
7,3,long,2021-02-19,XRPUSDT,0.5667,0.3523,0.36411424,0.3233333333,0.3299832496,True,True,True,True,True
7,3,long,2021-02-19,YFIUSDT,44891.2,28072.7,28463.67598,0.3233333333,0.3273809524,True,True,True,True,True
7,3,long,2021-02-20,AAVEUSDT,441.261,280,285.6221103,0.3233333333,0.3265993266,True,True,True,True,True
7,3,long,2021-02-20,BCHUSDT,679.36,405,409.9114515,0.3233333333,0.3316498316,True,True,True,True,True
7,3,long,2021-02-20,CRVUSDT,2.89,1.674,1.70422797,0.3233333333,0.3301346801,True,True,True,True,True
7,3,long,2021-02-20,DOTUSDT,38.979,26.116,26.57094076,0.3233333333,0.3301346801,True,False,False,False,True
7,3,long,2021-02-20,EOSUSDT,4.848,3.14,3.18336793,0.3233333333,,True,True,False,False,False
7,3,long,2021-02-20,GRTUSDT,2.28232,1.26,1.28630093,0.3233333333,0.3273809524,True,True,True,True,True
7,3,long,2021-02-20,LINKUSDT,33.977,20.671,20.88371255,0.3233333333,0.3316498316,True,True,True,True,True
7,3,long,2021-02-20,MKRUSDT,2605.95,1742.24,1763.850157,0.3233333333,0.3286195286,True,False,True,False,True
7,3,long,2021-02-20,SUSHIUSDT,18.337,11.3666,11.6455879,0.3233333333,0.3273809524,True,True,True,True,True
7,3,long,2021-02-20,TRXUSDT,0.05774,0.03715,0.03802027,0.3233333333,0.3301346801,True,True,True,True,True
7,3,long,2021-02-20,UNIUSDT,28.7711,17.5103,18.13699531,0.3233333333,0.3306397306,True,True,True,True,True
7,3,long,2021-02-20,XLMUSDT,0.48658,0.30576,0.31139481,0.3233333333,0.3282571912,True,True,True,True,True
7,3,long,2021-02-20,YFIUSDT,42300.1,28072.7,28463.67598,0.3233333333,0.3273809524,True,True,True,False,True
7,3,long,2021-02-21,AAVEUSDT,437.748,280,285.6221103,0.3233333333,0.3265993266,True,True,True,True,True
7,3,long,2021-02-21,BCHUSDT,707.65,405,409.9114515,0.3233333333,0.3316498316,True,True,True,True,True
7,3,long,2021-02-21,BNBUSDT,294.864,183.5,185.9609802,0.3233333333,0.3303152247,True,True,True,True,True
7,3,long,2021-02-21,CRVUSDT,2.906,1.618,1.62,0.3233333333,0.3301346801,True,True,True,True,True
7,3,long,2021-02-21,DOTUSDT,39.632,26.116,26.57094076,0.3233333333,0.3301346801,True,True,True,False,True
7,3,long,2021-02-21,EOSUSDT,5.11,3.14,3.18336793,0.3233333333,,True,True,False,False,False
7,3,long,2021-02-21,ETHUSDT,1934.75,1292.8,1293.584127,0.3233333333,0.3306559572,True,True,True,True,True
7,3,long,2021-02-21,GRTUSDT,2.30699,1.26,1.28630093,0.3233333333,0.3273809524,True,True,True,True,True
7,3,long,2021-02-21,LINKUSDT,34.13,20.671,20.88371255,0.3233333333,0.3316498316,True,True,True,True,True
7,3,long,2021-02-21,LTCUSDT,227.49,153.01,153.05,0.3233333333,0.3316498316,True,True,False,False,True
7,3,long,2021-02-21,MKRUSDT,2623.4,1742.24,1763.850157,0.3233333333,0.3286195286,True,True,True,False,True
7,3,long,2021-02-21,SUSHIUSDT,17.3316,11.3666,11.6455879,0.3233333333,0.3273809524,True,True,True,True,True
7,3,long,2021-02-21,TRXUSDT,0.05943,0.03715,0.03802027,0.3233333333,0.3301346801,True,True,True,True,True
7,3,long,2021-02-21,UNIUSDT,28.84,17.5103,18.13699531,0.3233333333,0.3306397306,True,True,True,True,True
7,3,long,2021-02-21,XLMUSDT,0.49664,0.30576,0.31139481,0.3233333333,0.3282571912,True,True,True,True,True
7,3,long,2021-02-21,XRPUSDT,0.5459,0.3523,0.36411424,0.3233333333,0.3299832496,True,True,True,True,True
7,3,long,2021-02-21,YFIUSDT,43129.3,27458.4,27480.3,0.3233333333,0.3273809524,True,True,True,True,True
7,3,long,2021-02-22,BCHUSDT,628.6,405,409.9114515,0.3233333333,0.3316498316,True,True,True,True,True
7,3,long,2021-02-22,EOSUSDT,4.689,3.14,3.18336793,0.3233333333,,True,False,False,False,False
7,3,long,2021-02-22,GRTUSDT,2.01874,1.26,1.28630093,0.3233333333,0.3273809524,True,True,True,True,True
7,3,long,2021-02-22,LINKUSDT,31.486,20.671,20.88371255,0.3233333333,0.3316498316,True,True,True,True,True
7,3,long,2021-02-22,UNIUSDT,27.7285,18,18.13699531,0.3233333333,0.3306397306,True,True,True,True,True
7,3,long,2021-02-22,XLMUSDT,0.46362,0.30576,0.31139481,0.3233333333,0.3282571912,True,True,True,True,True
7,3,long,2021-02-22,XRPUSDT,0.5668,0.3523,0.36411424,0.3233333333,0.3299832496,True,True,True,True,True
7,3,long,2021-03-19,AVAXUSDT,37.3661,24.3,24.35435398,0.3233333333,0.3299832496,True,True,True,True,True
7,3,long,2021-04-11,AVAXUSDT,31.6214,19.6974,21.4863142,0.3233333333,0.3299832496,True,False,True,False,True
7,3,long,2021-04-11,ENJUSDT,3.12553,1.97374,2.11755,0.3233333333,0.3239316239,True,False,True,False,True
7,3,long,2021-04-11,LUNAUSDT,15.1288,10,10.58923044,0.3233333333,,True,False,False,False,False
7,3,long,2021-04-11,STORJUSDT,2.4201,1.4753,1.6177025,0.3233333333,0.3239316239,True,True,True,True,True
7,3,long,2021-04-11,SUSHIUSDT,14.2184,8.2916,9.8314,0.3233333333,0.3273809524,True,False,True,False,True
7,3,long,2021-04-12,AVAXUSDT,33.9088,19.6974,21.4863142,0.3233333333,0.3299832496,True,True,True,True,True
7,3,long,2021-04-12,ENJUSDT,3.00509,1.97374,2.11755,0.3233333333,0.3239316239,True,False,True,False,True
7,3,long,2021-04-12,STORJUSDT,2.4521,1.4753,1.6177025,0.3233333333,0.3239316239,True,True,True,True,True
7,3,long,2021-04-12,SUSHIUSDT,16.0834,8.2916,9.8314,0.3233333333,0.3273809524,True,True,True,True,True
7,3,long,2021-04-13,AVAXUSDT,33.7292,19.6974,21.4863142,0.3233333333,0.3299832496,True,True,True,True,True
7,3,long,2021-04-13,ENJUSDT,3.08076,1.97374,2.11755,0.3233333333,0.3239316239,True,False,True,False,True
7,3,long,2021-04-13,LUNAUSDT,15.6463,10,10.58923044,0.3233333333,,True,False,False,False,False
7,3,long,2021-04-13,STORJUSDT,2.4595,1.4753,1.6177025,0.3233333333,0.3239316239,True,True,True,True,True
7,3,long,2021-04-13,SUSHIUSDT,15.8773,8.2916,9.8314,0.3233333333,0.3273809524,True,True,True,True,True
7,3,long,2021-04-13,THETAUSDT,12.4585,8.3333,8.80547095,0.3233333333,0.3273809524,True,False,True,False,True
7,3,long,2021-04-13,XRPUSDT,1.7993,1.1,1.12928031,0.3233333333,0.3299832496,True,True,True,True,True
7,3,long,2021-04-14,AVAXUSDT,38.489,19.6974,21.4863142,0.3233333333,0.3299832496,True,True,True,True,True
7,3,long,2021-04-14,LUNAUSDT,15.3081,10,10.58923044,0.3233333333,,True,False,False,False,False
7,3,long,2021-04-14,STORJUSDT,2.2885,1.4753,1.6177025,0.3233333333,0.3239316239,True,False,True,False,True
7,3,long,2021-04-14,SUSHIUSDT,17.5271,8.2916,9.8314,0.3233333333,0.3273809524,True,True,True,True,True
7,3,long,2021-04-14,XRPUSDT,1.8385,1.1,1.12928031,0.3233333333,0.3299832496,True,True,True,True,True
7,3,long,2021-04-15,AVAXUSDT,37.0683,19.6974,21.4863142,0.3233333333,0.3299832496,True,True,True,True,True
7,3,long,2021-04-15,ENJUSDT,3.17957,1.97374,2.11755,0.3233333333,0.3239316239,True,True,True,True,True
7,3,long,2021-04-15,LUNAUSDT,16.8893,10,10.58923044,0.3233333333,,True,True,False,False,False
7,3,long,2021-04-15,STORJUSDT,2.3463,1.4753,1.58339053,0.3233333333,0.3239316239,True,True,True,True,True
7,3,long,2021-04-15,SUSHIUSDT,17.5893,8.2916,9.8314,0.3233333333,0.3273809524,True,True,True,True,True
7,3,long,2021-04-15,THETAUSDT,12.5823,8.3333,8.80547095,0.3233333333,0.3273809524,True,False,True,False,True
7,3,long,2021-04-15,TRXUSDT,0.16456,0.109,0.10930034,0.3233333333,0.3301346801,True,True,True,True,True
7,3,long,2021-04-15,UNIUSDT,37.7967,25.1281,26.47284137,0.3233333333,0.3306397306,True,False,True,False,True
7,3,long,2021-04-15,XRPUSDT,1.7599,1.0816,1.09173643,0.3233333333,0.3299832496,True,True,True,True,True
7,3,long,2021-04-16,ADAUSDT,1.41272,0.90494,0.91619423,0.3233333333,0.3316498316,True,True,True,True,True
7,3,long,2021-04-16,AVAXUSDT,35.5202,19.3141,19.58171479,0.3233333333,0.3299832496,True,True,True,True,True
7,3,long,2021-04-16,BCHUSDT,1104.74,682.28,684.09,0.3233333333,0.3316498316,True,True,True,True,True
7,3,long,2021-04-16,CHZUSDT,0.76977,0.31033,0.31499221,0.3233333333,0.3273809524,True,True,True,True,True
7,3,long,2021-04-16,DOTUSDT,41.451,26.452,26.6880239,0.3233333333,0.3301346801,True,True,True,True,True
7,3,long,2021-04-16,ENJUSDT,3.01347,1.71388,1.71808,0.3233333333,0.3239316239,True,True,True,True,True
7,3,long,2021-04-16,EOSUSDT,8.516,4.441,4.46856469,0.3233333333,,True,True,False,False,False
7,3,long,2021-04-16,LTCUSDT,308.74,205,206.5707018,0.3233333333,0.3316498316,True,True,True,False,True
7,3,long,2021-04-16,LUNAUSDT,15.7689,10,10.58923044,0.3233333333,,True,True,False,False,False
7,3,long,2021-04-16,STORJUSDT,2.3465,1.2538,1.2555915,0.3233333333,0.3239316239,True,True,True,True,True
7,3,long,2021-04-16,SUSHIUSDT,16.283,8.2916,9.8314,0.3233333333,0.3273809524,True,True,True,True,True
7,3,long,2021-04-16,THETAUSDT,14.2172,7.3666,7.3338256,0.3233333333,0.3273809524,True,True,True,True,True
7,3,long,2021-04-16,TRXUSDT,0.16099,0.09041,0.09041,0.3233333333,0.3301346801,True,True,True,True,True
7,3,long,2021-04-16,XRPUSDT,1.5515,0.8702,0.88238236,0.3233333333,0.3299832496,True,True,True,True,True
7,3,long,2021-04-17,ADAUSDT,1.3704,0.90494,0.91619423,0.3233333333,0.3316498316,True,True,True,False,True
7,3,long,2021-04-17,AVAXUSDT,33.9586,19.3141,19.58171479,0.3233333333,0.3299832496,True,True,True,True,True
7,3,long,2021-04-17,CHZUSDT,0.61931,0.31033,0.31499221,0.3233333333,0.3273809524,True,True,True,True,True
7,3,long,2021-04-17,DOTUSDT,42.09,26.452,26.6880239,0.3233333333,0.3301346801,True,True,True,True,True
7,3,long,2021-04-17,ENJUSDT,2.96247,1.71388,1.71808,0.3233333333,0.3239316239,True,True,True,True,True
7,3,long,2021-04-17,EOSUSDT,7.795,4.441,4.46856469,0.3233333333,,True,True,False,False,False
7,3,long,2021-04-17,LUNAUSDT,15.1999,10,10.58923044,0.3233333333,,True,False,False,False,False
7,3,long,2021-04-17,STORJUSDT,2.3584,1.2538,1.2555915,0.3233333333,0.3239316239,True,True,True,True,True
7,3,long,2021-04-17,SUSHIUSDT,15.8637,8.2916,9.8314,0.3233333333,0.3273809524,True,True,True,True,True
7,3,long,2021-04-17,THETAUSDT,13.2976,7.3666,7.3338256,0.3233333333,0.3273809524,True,True,True,True,True
7,3,long,2021-04-17,TRXUSDT,0.15557,0.09041,0.09041,0.3233333333,0.3301346801,True,True,True,True,True
7,3,long,2021-04-17,XRPUSDT,1.5409,0.8702,0.88238236,0.3233333333,0.3299832496,True,True,True,True,True
7,3,long,2021-04-18,AVAXUSDT,29.3351,19.3141,19.58171479,0.3233333333,0.3299832496,True,True,True,True,True
7,3,long,2021-04-18,CHZUSDT,0.54999,0.31033,0.31499221,0.3233333333,0.3273809524,True,True,True,True,True
7,3,long,2021-04-18,ENJUSDT,2.69602,1.71388,1.71808,0.3233333333,0.3239316239,True,True,True,True,True
7,3,long,2021-04-18,EOSUSDT,7.292,4.441,4.46856469,0.3233333333,,True,True,False,False,False
7,3,long,2021-04-18,STORJUSDT,2.036,1.2538,1.2555915,0.3233333333,0.3239316239,True,True,True,True,True
7,3,long,2021-04-18,THETAUSDT,11.7706,7.3666,7.3338256,0.3233333333,0.3273809524,True,True,True,True,True
7,3,long,2021-04-18,TRXUSDT,0.14297,0.09041,0.09041,0.3233333333,0.3301346801,True,True,True,True,True
7,3,long,2021-04-18,XRPUSDT,1.4105,0.8702,0.88238236,0.3233333333,0.3299832496,True,True,True,True,True
7,3,long,2021-04-19,CHZUSDT,0.50637,0.31033,0.31499221,0.3233333333,0.3273809524,True,True,True,True,True
7,3,long,2021-04-19,EOSUSDT,6.606,4.441,4.46856469,0.3233333333,,True,True,False,False,False
7,3,long,2021-04-19,XRPUSDT,1.31,0.8702,0.88238236,0.3233333333,0.3299832496,True,True,True,False,True
7,3,long,2021-04-20,CHZUSDT,0.51283,0.31033,0.31499221,0.3233333333,0.3273809524,True,True,True,True,True
7,3,long,2021-04-20,ENJUSDT,2.56924,1.71388,1.71808,0.3233333333,0.3239316239,True,True,True,True,True
7,3,long,2021-04-20,EOSUSDT,6.702,4.441,4.46856469,0.3233333333,,True,True,False,False,False
7,3,long,2021-04-20,STORJUSDT,1.922,1.2538,1.2555915,0.3233333333,0.3239316239,True,True,True,True,True
7,3,long,2021-04-20,THETAUSDT,11.7586,7.3666,7.3338256,0.3233333333,0.3273809524,True,True,True,True,True
7,3,long,2021-04-20,XRPUSDT,1.3863,0.8702,0.88238236,0.3233333333,0.3299832496,True,True,True,True,True
7,3,long,2021-04-21,CHZUSDT,0.52165,0.31033,0.31499221,0.3233333333,0.3273809524,True,True,True,True,True
7,3,long,2021-04-21,THETAUSDT,11.0281,7.3666,7.3338256,0.3233333333,0.3273809524,True,True,True,True,True
7,3,long,2021-04-21,XRPUSDT,1.2912,0.8702,0.88238236,0.3233333333,0.3299832496,True,False,False,False,True
7,3,long,2021-04-22,CHZUSDT,0.46534,0.31033,0.31499221,0.3233333333,0.3273809524,True,False,True,False,True
7,3,long,2021-05-05,DOGEUSDT,0.654868,0.3771,0.38158626,0.3233333333,0.3289716491,True,True,True,True,True
7,3,long,2021-05-06,DOGEUSDT,0.581771,0.348553,0.35276542,0.3233333333,0.3289716491,True,True,True,True,True
7,3,long,2021-05-06,ETCUSDT,133.969,75,76.901,0.3233333333,0.3316498316,True,True,True,True,True
7,3,long,2021-05-06,FILUSDT,153.821,89.005,89.928,0.3233333333,0.3293091885,True,True,True,True,True
7,3,long,2021-05-07,DOGEUSDT,0.691522,0.348553,0.35276542,0.3233333333,0.3289716491,True,True,True,True,True
7,3,long,2021-05-07,ETCUSDT,120,75,76.901,0.3233333333,0.3316498316,True,True,True,True,True
7,3,long,2021-05-07,FILUSDT,150.554,89.005,89.928,0.3233333333,0.3293091885,True,True,True,True,True
7,3,long,2021-05-07,VETUSDT,0.23056,0.15392,0.15627497,0.3233333333,0.3286195286,True,False,True,False,True
7,3,long,2021-05-08,DOGEUSDT,0.637855,0.348553,0.35276542,0.3233333333,0.3289716491,True,True,True,True,True
7,3,long,2021-05-08,ETCUSDT,127.687,75,76.901,0.3233333333,0.3316498316,True,True,True,True,True
7,3,long,2021-05-08,FILUSDT,148.299,89.005,89.928,0.3233333333,0.3293091885,True,True,True,True,True
7,3,long,2021-05-08,THETAUSDT,12.3077,8.2,8.27723809,0.3233333333,0.3273809524,True,True,True,True,True
7,3,long,2021-05-09,DOGEUSDT,0.570961,0.348553,0.35276542,0.3233333333,0.3289716491,True,True,True,True,True
7,3,long,2021-05-09,ETCUSDT,118.216,75,76.901,0.3233333333,0.3316498316,True,True,True,True,True
7,3,long,2021-05-09,FILUSDT,146.778,89.005,89.928,0.3233333333,0.3293091885,True,True,True,True,True
7,3,long,2021-05-09,VETUSDT,0.233955,0.15392,0.15627497,0.3233333333,0.3286195286,True,True,True,True,True
7,3,long,2021-05-10,FILUSDT,135.731,89.005,89.928,0.3233333333,0.3293091885,True,True,True,True,True
7,3,long,2021-05-11,BCHUSDT,1549.01,988.02,990.25,0.3233333333,0.3316498316,True,True,True,True,True
7,3,long,2021-05-11,EOSUSDT,14.527,8.595,8.62309775,0.3233333333,,True,True,False,False,False
7,3,long,2021-05-11,ETCUSDT,111.32,75,76.901,0.3233333333,0.3316498316,True,False,False,False,True
7,3,long,2021-05-11,FILUSDT,143.023,89.005,89.928,0.3233333333,0.3293091885,True,True,True,True,True
7,3,long,2021-05-12,ADAUSDT,1.5664,1,1.01530596,0.3233333333,0.3316498316,True,True,True,True,True
7,3,long,2021-05-12,BCHUSDT,1237.06,341.87,470.4985,0.3233333333,0.3316498316,True,True,True,True,True
7,3,long,2021-05-12,BNBUSDT,594.1,250,271.6639651,0.3233333333,0.3303152247,True,True,True,True,True
7,3,long,2021-05-12,BTCUSDT,49595.76,28688,29563.37,0.3233333333,0.3306559572,True,True,True,True,True
7,3,long,2021-05-12,CHZUSDT,0.401,0.12694,0.14471602,0.3233333333,0.3273809524,True,True,True,True,True
7,3,long,2021-05-12,DOGEUSDT,0.39081,0.1958,0.21159206,0.3233333333,0.3289716491,True,True,True,True,True
7,3,long,2021-05-12,DOTUSDT,35.072,15.376,16.551,0.3233333333,0.3301346801,True,True,True,True,True
7,3,long,2021-05-12,EOSUSDT,10.377,3.992,4.1438217,0.3233333333,,True,True,False,False,False
7,3,long,2021-05-12,ETCUSDT,85.062,34,39.31696208,0.3233333333,0.3316498316,True,True,True,True,True
7,3,long,2021-05-12,ETHUSDT,3828.99,1400.73,1764.258181,0.3233333333,0.3306559572,True,True,True,True,True
7,3,long,2021-05-12,FILUSDT,127.074,44.389,52.578,0.3233333333,0.3293091885,True,True,True,True,True
7,3,long,2021-05-12,LINKUSDT,41.609,19.541,20.57285642,0.3233333333,0.3316498316,True,True,True,True,True
7,3,long,2021-05-12,LTCUSDT,311.54,129.6,145.407043,0.3233333333,0.3316498316,True,True,True,True,True
7,3,long,2021-05-12,SOLUSDT,43.484,25.228,27.44777869,0.3233333333,0.3299832496,True,True,True,True,True
7,3,long,2021-05-12,THETAUSDT,9.159,3.161,3.63183784,0.3233333333,0.3273809524,True,True,True,True,True
7,3,long,2021-05-12,TRXUSDT,0.11891,0.04719,0.06014879,0.3233333333,0.3301346801,True,True,True,True,True
7,3,long,2021-05-12,UNIUSDT,36.976,14.501,15.96760454,0.3233333333,0.3306397306,True,True,True,True,True
7,3,long,2021-05-12,VETUSDT,0.1664,0.05376,0.06284146,0.3233333333,0.3286195286,True,True,True,True,True
7,3,long,2021-05-12,XLMUSDT,0.59519,0.214,0.22,0.3233333333,0.3282571912,True,True,True,True,True
7,3,long,2021-05-12,XRPUSDT,1.2686,0.8311,0.85272627,0.3233333333,0.3299832496,True,True,True,False,True
7,3,long,2021-05-13,ADAUSDT,1.9292,1,1.01530596,0.3233333333,0.3316498316,True,True,True,True,True
7,3,long,2021-05-13,BCHUSDT,1256.93,341.87,470.4985,0.3233333333,0.3316498316,True,True,True,True,True
7,3,long,2021-05-13,BNBUSDT,571.21,250,271.6639651,0.3233333333,0.3303152247,True,True,True,True,True
7,3,long,2021-05-13,BTCUSDT,49707.9,28688,29563.37,0.3233333333,0.3306559572,True,True,True,True,True
7,3,long,2021-05-13,CHZUSDT,0.42825,0.12694,0.14471602,0.3233333333,0.3273809524,True,True,True,True,True
7,3,long,2021-05-13,DOGEUSDT,0.48959,0.1958,0.21159206,0.3233333333,0.3289716491,True,True,True,True,True
7,3,long,2021-05-13,DOTUSDT,40.027,15.376,16.551,0.3233333333,0.3301346801,True,True,True,True,True
7,3,long,2021-05-13,EOSUSDT,10.615,3.992,4.1438217,0.3233333333,,True,True,False,False,False
7,3,long,2021-05-13,ETCUSDT,88.396,34,39.31696208,0.3233333333,0.3316498316,True,True,True,True,True
7,3,long,2021-05-13,ETHUSDT,3719.45,1400.73,1764.258181,0.3233333333,0.3306559572,True,True,True,True,True
7,3,long,2021-05-13,FILUSDT,117.847,44.389,52.578,0.3233333333,0.3293091885,True,True,True,True,True
7,3,long,2021-05-13,LINKUSDT,43.309,19.541,20.57285642,0.3233333333,0.3316498316,True,True,True,True,True
7,3,long,2021-05-13,LTCUSDT,318.04,129.6,145.407043,0.3233333333,0.3316498316,True,True,True,True,True
7,3,long,2021-05-13,SOLUSDT,41.052,25.228,27.44777869,0.3233333333,0.3299832496,True,True,True,True,True
7,3,long,2021-05-13,THETAUSDT,9.776,3.161,3.63183784,0.3233333333,0.3273809524,True,True,True,True,True
7,3,long,2021-05-13,TRXUSDT,0.12156,0.04719,0.06014879,0.3233333333,0.3301346801,True,True,True,True,True
7,3,long,2021-05-13,UNIUSDT,37.372,14.501,15.96760454,0.3233333333,0.3306397306,True,True,True,True,True
7,3,long,2021-05-13,VETUSDT,0.18243,0.05376,0.06284146,0.3233333333,0.3286195286,True,True,True,True,True
7,3,long,2021-05-13,XLMUSDT,0.65434,0.214,0.22,0.3233333333,0.3282571912,True,True,True,True,True
7,3,long,2021-05-13,XRPUSDT,1.3657,0.8311,0.85272627,0.3233333333,0.3299832496,True,True,True,True,True
7,3,long,2021-05-14,ADAUSDT,2.0101,1,1.01530596,0.3233333333,0.3316498316,True,True,True,True,True
7,3,long,2021-05-14,BCHUSDT,1296.68,341.87,470.4985,0.3233333333,0.3316498316,True,True,True,True,True
7,3,long,2021-05-14,BNBUSDT,603.47,250,271.6639651,0.3233333333,0.3303152247,True,True,True,True,True
7,3,long,2021-05-14,BTCUSDT,49873.27,28688,29563.37,0.3233333333,0.3306559572,True,True,True,True,True
7,3,long,2021-05-14,CHZUSDT,0.43607,0.12694,0.14471602,0.3233333333,0.3273809524,True,True,True,True,True
7,3,long,2021-05-14,DOGEUSDT,0.55993,0.1958,0.21159206,0.3233333333,0.3289716491,True,True,True,True,True
7,3,long,2021-05-14,DOTUSDT,48.063,15.376,16.551,0.3233333333,0.3301346801,True,True,True,True,True
7,3,long,2021-05-14,EOSUSDT,11.161,3.992,4.1438217,0.3233333333,,True,True,False,False,False
7,3,long,2021-05-14,ETCUSDT,103.345,34,39.31696208,0.3233333333,0.3316498316,True,True,True,True,True
7,3,long,2021-05-14,ETHUSDT,4079.99,1400.73,1764.258181,0.3233333333,0.3306559572,True,True,True,True,True
7,3,long,2021-05-14,FILUSDT,120.711,44.389,52.578,0.3233333333,0.3293091885,True,True,True,True,True
7,3,long,2021-05-14,LINKUSDT,46.619,19.541,20.57285642,0.3233333333,0.3316498316,True,True,True,True,True
7,3,long,2021-05-14,LTCUSDT,326.53,129.6,145.407043,0.3233333333,0.3316498316,True,True,True,True,True
7,3,long,2021-05-14,SOLUSDT,42.741,25.228,27.44777869,0.3233333333,0.3299832496,True,True,True,True,True
7,3,long,2021-05-14,THETAUSDT,10.006,3.161,3.63183784,0.3233333333,0.3273809524,True,True,True,True,True
7,3,long,2021-05-14,TRXUSDT,0.12476,0.04719,0.06014879,0.3233333333,0.3301346801,True,True,True,True,True
7,3,long,2021-05-14,UNIUSDT,40.454,14.501,15.96760454,0.3233333333,0.3306397306,True,True,True,True,True
7,3,long,2021-05-14,VETUSDT,0.1866,0.05376,0.06284146,0.3233333333,0.3286195286,True,True,True,True,True
7,3,long,2021-05-14,XLMUSDT,0.66877,0.214,0.22,0.3233333333,0.3282571912,True,True,True,True,True
7,3,long,2021-05-14,XRPUSDT,1.4003,0.8311,0.85272627,0.3233333333,0.3299832496,True,True,True,True,True
7,3,long,2021-05-15,ADAUSDT,2.1756,1,1.01530596,0.3233333333,0.3316498316,True,True,True,True,True
7,3,long,2021-05-15,BCHUSDT,1171.42,341.87,470.4985,0.3233333333,0.3316498316,True,True,True,True,True
7,3,long,2021-05-15,BNBUSDT,563.85,250,271.6639651,0.3233333333,0.3303152247,True,True,True,True,True
7,3,long,2021-05-15,BTCUSDT,46793.41,28688,29563.37,0.3233333333,0.3306559572,True,True,True,True,True
7,3,long,2021-05-15,CHZUSDT,0.43303,0.12694,0.14471602,0.3233333333,0.3273809524,True,True,True,True,True
7,3,long,2021-05-15,DOGEUSDT,0.50849,0.1958,0.21159206,0.3233333333,0.3289716491,True,True,True,True,True
7,3,long,2021-05-15,DOTUSDT,43.66,15.376,16.551,0.3233333333,0.3301346801,True,True,True,True,True
7,3,long,2021-05-15,EOSUSDT,10.236,3.992,4.1438217,0.3233333333,,True,True,False,False,False
7,3,long,2021-05-15,ETCUSDT,95.149,34,39.31696208,0.3233333333,0.3316498316,True,True,True,True,True
7,3,long,2021-05-15,ETHUSDT,3648.98,1400.73,1764.258181,0.3233333333,0.3306559572,True,True,True,True,True
7,3,long,2021-05-15,FILUSDT,110.539,44.389,52.578,0.3233333333,0.3293091885,True,True,True,True,True
7,3,long,2021-05-15,LINKUSDT,41.53,19.541,20.57285642,0.3233333333,0.3316498316,True,True,True,True,True
7,3,long,2021-05-15,LTCUSDT,300.42,129.6,145.407043,0.3233333333,0.3316498316,True,True,True,True,True
7,3,long,2021-05-15,SOLUSDT,43.53,25.228,27.44777869,0.3233333333,0.3299832496,True,True,True,True,True
7,3,long,2021-05-15,THETAUSDT,9.352,3.161,3.63183784,0.3233333333,0.3273809524,True,True,True,True,True
7,3,long,2021-05-15,TRXUSDT,0.1207,0.04719,0.06014879,0.3233333333,0.3301346801,True,True,True,True,True
7,3,long,2021-05-15,UNIUSDT,36.644,14.501,15.96760454,0.3233333333,0.3306397306,True,True,True,True,True
7,3,long,2021-05-15,VETUSDT,0.17275,0.05376,0.06284146,0.3233333333,0.3286195286,True,True,True,True,True
7,3,long,2021-05-15,XLMUSDT,0.68166,0.214,0.22,0.3233333333,0.3282571912,True,True,True,True,True
7,3,long,2021-05-15,XRPUSDT,1.4927,0.8152,0.8163,0.3233333333,0.3299832496,True,True,True,True,True
7,3,long,2021-05-16,ADAUSDT,2.301,1,1.01530596,0.3233333333,0.3316498316,True,True,True,True,True
7,3,long,2021-05-16,BCHUSDT,1166.99,341.87,467.9182408,0.3233333333,0.3316498316,True,True,True,True,True
7,3,long,2021-05-16,BNBUSDT,564.41,211.14,211.9734264,0.3233333333,0.3303152247,True,True,True,True,True
7,3,long,2021-05-16,BTCUSDT,46429.28,28688,29563.37,0.3233333333,0.3306559572,True,True,True,True,True
7,3,long,2021-05-16,CHZUSDT,0.43653,0.12694,0.14471602,0.3233333333,0.3273809524,True,True,True,True,True
7,3,long,2021-05-16,DOGEUSDT,0.51351,0.1958,0.21159206,0.3233333333,0.3289716491,True,True,True,True,True
7,3,long,2021-05-16,DOTUSDT,42.461,13.611,13.646,0.3233333333,0.3301346801,True,True,True,True,True
7,3,long,2021-05-16,EOSUSDT,10.113,3.566,3.577,0.3233333333,,True,True,False,False,False
7,3,long,2021-05-16,ETCUSDT,93.749,34,39.31696208,0.3233333333,0.3316498316,True,True,True,True,True
7,3,long,2021-05-16,ETHUSDT,3581.39,1400.73,1730.225175,0.3233333333,0.3306559572,True,True,True,True,True
7,3,long,2021-05-16,FILUSDT,107.844,44.389,52.578,0.3233333333,0.3293091885,True,True,True,True,True
7,3,long,2021-05-16,LINKUSDT,40.696,14.98,15.01376267,0.3233333333,0.3316498316,True,True,True,True,True
7,3,long,2021-05-16,LTCUSDT,295.87,118,118.15,0.3233333333,0.3316498316,True,True,True,True,True
7,3,long,2021-05-16,SOLUSDT,46.866,19.127,19.168,0.3233333333,0.3299832496,True,True,True,True,True
7,3,long,2021-05-16,THETAUSDT,9.435,3.161,3.63183784,0.3233333333,0.3273809524,True,True,True,True,True
7,3,long,2021-05-16,TRXUSDT,0.11965,0.04719,0.05545296,0.3233333333,0.3301346801,True,True,True,True,True
7,3,long,2021-05-16,UNIUSDT,36.629,12.921,12.96080441,0.3233333333,0.3306397306,True,True,True,True,True
7,3,long,2021-05-16,VETUSDT,0.17643,0.05376,0.06284146,0.3233333333,0.3286195286,True,True,True,True,True
7,3,long,2021-05-16,XLMUSDT,0.71076,0.214,0.22,0.3233333333,0.3282571912,True,True,True,True,True
7,3,long,2021-05-16,XRPUSDT,1.4503,0.65,0.6504,0.3233333333,0.3299832496,True,True,True,True,True
7,3,long,2021-05-17,ADAUSDT,2.0316,1,1.01530596,0.3233333333,0.3316498316,True,True,True,True,True
7,3,long,2021-05-17,BCHUSDT,1069.52,341.87,467.9182408,0.3233333333,0.3316498316,True,True,True,True,True
7,3,long,2021-05-17,BNBUSDT,512.44,211.14,211.9734264,0.3233333333,0.3303152247,True,True,True,True,True
7,3,long,2021-05-17,BTCUSDT,43566.18,28688,29563.37,0.3233333333,0.3306559572,True,False,True,False,True
7,3,long,2021-05-17,CHZUSDT,0.40652,0.12694,0.14471602,0.3233333333,0.3273809524,True,True,True,True,True
7,3,long,2021-05-17,DOGEUSDT,0.48789,0.1958,0.21159206,0.3233333333,0.3289716491,True,True,True,True,True
7,3,long,2021-05-17,DOTUSDT,38.732,13.611,13.646,0.3233333333,0.3301346801,True,True,True,True,True
7,3,long,2021-05-17,EOSUSDT,9.145,3.566,3.577,0.3233333333,,True,True,False,False,False
7,3,long,2021-05-17,ETCUSDT,89.705,34,39.31696208,0.3233333333,0.3316498316,True,True,True,True,True
7,3,long,2021-05-17,ETHUSDT,3283.58,1400.73,1730.225175,0.3233333333,0.3306559572,True,True,True,True,True
7,3,long,2021-05-17,FILUSDT,99.512,44.389,52.578,0.3233333333,0.3293091885,True,True,True,True,True
7,3,long,2021-05-17,LINKUSDT,37.203,14.98,15.01376267,0.3233333333,0.3316498316,True,True,True,True,True
7,3,long,2021-05-17,LTCUSDT,281.63,118,118.15,0.3233333333,0.3316498316,True,True,True,True,True
7,3,long,2021-05-17,SOLUSDT,46.74,19.127,19.168,0.3233333333,0.3299832496,True,True,True,True,True
7,3,long,2021-05-17,THETAUSDT,9.695,3.161,3.63183784,0.3233333333,0.3273809524,True,True,True,True,True
7,3,long,2021-05-17,TRXUSDT,0.11276,0.04719,0.05545296,0.3233333333,0.3301346801,True,True,True,True,True
7,3,long,2021-05-17,UNIUSDT,33.289,12.921,12.96080441,0.3233333333,0.3306397306,True,True,True,True,True
7,3,long,2021-05-17,VETUSDT,0.15786,0.05376,0.06284146,0.3233333333,0.3286195286,True,True,True,True,True
7,3,long,2021-05-17,XLMUSDT,0.64318,0.214,0.22,0.3233333333,0.3282571912,True,True,True,True,True
7,3,long,2021-05-17,XRPUSDT,1.4968,0.65,0.6504,0.3233333333,0.3299832496,True,True,True,True,True
7,3,long,2021-05-18,ADAUSDT,2.0046,1,1.01530596,0.3233333333,0.3316498316,True,True,True,True,True
7,3,long,2021-05-18,BCHUSDT,1089.23,341.87,467.9182408,0.3233333333,0.3316498316,True,True,True,True,True
7,3,long,2021-05-18,BNBUSDT,508.31,211.14,211.9734264,0.3233333333,0.3303152247,True,True,True,True,True
7,3,long,2021-05-18,BTCUSDT,42882.53,28688,29563.37,0.3233333333,0.3306559572,True,False,True,False,True
7,3,long,2021-05-18,CHZUSDT,0.41901,0.12694,0.14471602,0.3233333333,0.3273809524,True,True,True,True,True
7,3,long,2021-05-18,DOGEUSDT,0.47601,0.1958,0.21159206,0.3233333333,0.3289716491,True,True,True,True,True
7,3,long,2021-05-18,DOTUSDT,40.616,13.611,13.646,0.3233333333,0.3301346801,True,True,True,True,True
7,3,long,2021-05-18,EOSUSDT,9.33,3.566,3.577,0.3233333333,,True,True,False,False,False
7,3,long,2021-05-18,ETCUSDT,88.5,34,39.31696208,0.3233333333,0.3316498316,True,True,True,True,True
7,3,long,2021-05-18,ETHUSDT,3376.35,1400.73,1730.225175,0.3233333333,0.3306559572,True,True,True,True,True
7,3,long,2021-05-18,FILUSDT,100.218,44.389,52.578,0.3233333333,0.3293091885,True,True,True,True,True
7,3,long,2021-05-18,LINKUSDT,42.6,14.98,15.01376267,0.3233333333,0.3316498316,True,True,True,True,True
7,3,long,2021-05-18,LTCUSDT,294.27,118,118.15,0.3233333333,0.3316498316,True,True,True,True,True
7,3,long,2021-05-18,SOLUSDT,55.95,19.127,19.168,0.3233333333,0.3299832496,True,True,True,True,True
7,3,long,2021-05-18,THETAUSDT,9.781,3.161,3.63183784,0.3233333333,0.3273809524,True,True,True,True,True
7,3,long,2021-05-18,TRXUSDT,0.11639,0.04719,0.05545296,0.3233333333,0.3301346801,True,True,True,True,True
7,3,long,2021-05-18,UNIUSDT,35.024,12.921,12.96080441,0.3233333333,0.3306397306,True,True,True,True,True
7,3,long,2021-05-18,VETUSDT,0.16209,0.05376,0.06284146,0.3233333333,0.3286195286,True,True,True,True,True
7,3,long,2021-05-18,XLMUSDT,0.64584,0.214,0.22,0.3233333333,0.3282571912,True,True,True,True,True
7,3,long,2021-05-18,XRPUSDT,1.5898,0.65,0.6504,0.3233333333,0.3299832496,True,True,True,True,True
7,3,long,2021-05-19,BCHUSDT,693.53,467.17,467.9182408,0.3233333333,0.3316498316,True,True,False,False,True
7,3,long,2021-05-19,BNBUSDT,334.47,211.14,211.9734264,0.3233333333,0.3303152247,True,True,True,True,True
7,3,long,2021-05-19,CHZUSDT,0.26184,0.1642,0.16430141,0.3233333333,0.3273809524,True,True,True,True,True
7,3,long,2021-05-19,DOTUSDT,25.061,13.611,13.646,0.3233333333,0.3301346801,True,True,True,True,True
7,3,long,2021-05-19,EOSUSDT,5.684,3.566,3.577,0.3233333333,,True,True,False,False,False
7,3,long,2021-05-19,ETCUSDT,59.36,39.689,39.81196472,0.3233333333,0.3316498316,True,True,False,False,True
7,3,long,2021-05-19,LINKUSDT,26.249,14.98,15.01376267,0.3233333333,0.3316498316,True,True,True,True,True
7,3,long,2021-05-19,LTCUSDT,185.96,118,118.15,0.3233333333,0.3316498316,True,True,True,True,True
7,3,long,2021-05-19,SOLUSDT,34.952,19.127,19.168,0.3233333333,0.3299832496,True,True,True,True,True
7,3,long,2021-05-19,UNIUSDT,23.19,12.921,12.96080441,0.3233333333,0.3306397306,True,True,True,True,True
7,3,long,2021-05-19,VETUSDT,0.10539,0.06566,0.0657056,0.3233333333,0.3286195286,True,True,True,True,True
7,3,long,2021-05-19,XLMUSDT,0.44199,0.27323,0.27352,0.3233333333,0.3282571912,True,True,True,True,True
7,3,long,2021-05-19,XRPUSDT,1.0578,0.65,0.6504,0.3233333333,0.3299832496,True,True,True,True,True
7,3,long,2021-05-20,ADAUSDT,1.7998,1.05,1.05058928,0.3233333333,0.3316498316,True,True,True,True,True
7,3,long,2021-05-20,BCHUSDT,817.3,467.17,467.9182408,0.3233333333,0.3316498316,True,True,True,True,True
7,3,long,2021-05-20,BNBUSDT,391.38,211.14,211.9734264,0.3233333333,0.3303152247,True,True,True,True,True
7,3,long,2021-05-20,CHZUSDT,0.30857,0.1642,0.16430141,0.3233333333,0.3273809524,True,True,True,True,True
7,3,long,2021-05-20,DOGEUSDT,0.39736,0.24691,0.24742,0.3233333333,0.3289716491,True,True,True,True,True
7,3,long,2021-05-20,DOTUSDT,28.942,13.611,13.646,0.3233333333,0.3301346801,True,True,True,True,True
7,3,long,2021-05-20,EOSUSDT,6.643,3.566,3.577,0.3233333333,,True,True,False,False,False
7,3,long,2021-05-20,ETCUSDT,73.675,39.689,39.81196472,0.3233333333,0.3316498316,True,True,True,True,True
7,3,long,2021-05-20,ETHUSDT,2768.42,1728.85,1730.225175,0.3233333333,0.3306559572,True,True,True,True,True
7,3,long,2021-05-20,FILUSDT,88.681,55,55.159,0.3233333333,0.3293091885,True,True,True,True,True
7,3,long,2021-05-20,LINKUSDT,30.631,14.98,15.01376267,0.3233333333,0.3316498316,True,True,True,True,True
7,3,long,2021-05-20,LTCUSDT,210.78,118,118.15,0.3233333333,0.3316498316,True,True,True,True,True
7,3,long,2021-05-20,SOLUSDT,44.431,19.127,19.168,0.3233333333,0.3299832496,True,True,True,True,True
7,3,long,2021-05-20,THETAUSDT,7.285,4.557,4.561,0.3233333333,0.3273809524,True,True,True,True,True
7,3,long,2021-05-20,TRXUSDT,0.08917,0.0554,0.05545296,0.3233333333,0.3301346801,True,True,True,True,True
7,3,long,2021-05-20,UNIUSDT,26.342,12.921,12.96080441,0.3233333333,0.3306397306,True,True,True,True,True
7,3,long,2021-05-20,VETUSDT,0.13071,0.06566,0.0657056,0.3233333333,0.3286195286,True,True,True,True,True
7,3,long,2021-05-20,XLMUSDT,0.49448,0.27323,0.27352,0.3233333333,0.3282571912,True,True,True,True,True
7,3,long,2021-05-20,XRPUSDT,1.1809,0.65,0.6504,0.3233333333,0.3299832496,True,True,True,True,True
7,3,long,2021-05-21,BNBUSDT,325.75,211.14,211.9734264,0.3233333333,0.3303152247,True,True,True,True,True
7,3,long,2021-05-21,CHZUSDT,0.27886,0.1642,0.16430141,0.3233333333,0.3273809524,True,True,True,True,True
7,3,long,2021-05-21,DOTUSDT,24.4,13.611,13.646,0.3233333333,0.3301346801,True,True,True,True,True
7,3,long,2021-05-21,EOSUSDT,5.554,3.566,3.577,0.3233333333,,True,True,False,False,False
7,3,long,2021-05-21,ETCUSDT,64.125,39.689,39.81196472,0.3233333333,0.3316498316,True,True,True,True,True
7,3,long,2021-05-21,LINKUSDT,25.552,14.98,15.01376267,0.3233333333,0.3316498316,True,True,True,True,True
7,3,long,2021-05-21,LTCUSDT,179.83,118,118.15,0.3233333333,0.3316498316,True,True,True,True,True
7,3,long,2021-05-21,SOLUSDT,38.921,19.127,19.168,0.3233333333,0.3299832496,True,True,True,True,True
7,3,long,2021-05-21,UNIUSDT,21.926,12.921,12.96080441,0.3233333333,0.3306397306,True,True,True,True,True
7,3,long,2021-05-21,VETUSDT,0.1082,0.06566,0.0657056,0.3233333333,0.3286195286,True,True,True,True,True
7,3,long,2021-05-21,XLMUSDT,0.41863,0.27323,0.27352,0.3233333333,0.3282571912,True,True,True,True,True
7,3,long,2021-05-21,XRPUSDT,1.0069,0.65,0.6504,0.3233333333,0.3299832496,True,True,True,True,True
7,3,long,2021-05-22,CHZUSDT,0.25279,0.1642,0.16430141,0.3233333333,0.3273809524,True,True,True,True,True
7,3,long,2021-05-22,DOTUSDT,22.052,13.611,13.646,0.3233333333,0.3301346801,True,True,True,True,True
7,3,long,2021-05-22,LINKUSDT,23.3,14.98,15.01376267,0.3233333333,0.3316498316,True,True,True,True,True
7,3,long,2021-05-22,SOLUSDT,31.225,19.127,19.168,0.3233333333,0.3299832496,True,True,True,True,True
7,3,long,2021-05-22,THETAUSDT,6.887,4.557,4.561,0.3233333333,0.3273809524,True,True,True,True,True
7,3,long,2021-05-22,UNIUSDT,20.36,12.921,12.96080441,0.3233333333,0.3306397306,True,True,True,True,True
7,3,long,2021-05-22,VETUSDT,0.09941,0.06566,0.0657056,0.3233333333,0.3286195286,True,True,True,True,True
7,3,long,2021-06-03,LINKUSDT,32.208,21.329,21.37501491,0.3233333333,0.3316498316,True,True,True,True,True
7,3,long,2021-06-05,SUSHIUSDT,11.552,7.626,7.63,0.3233333333,0.3273809524,True,True,True,True,True
7,3,long,2021-06-06,SUSHIUSDT,11.539,7.626,7.63,0.3233333333,0.3273809524,True,True,True,True,True
7,3,long,2021-06-14,AAVEUSDT,318.27,205.99,206.109928,0.3233333333,0.3265993266,True,True,True,True,True
7,3,long,2021-06-14,DOGEUSDT,0.32769,0.165,0.16515682,0.3233333333,0.3289716491,True,True,True,True,True
7,3,long,2021-06-14,DOTUSDT,25.84,15.34,15.351,0.3233333333,0.3301346801,True,True,True,True,True
7,3,long,2021-06-14,EOSUSDT,5.295,3.502,3.506,0.3233333333,,True,True,False,False,False
7,3,long,2021-06-14,ETCUSDT,59.249,38.504,38.5518459,0.3233333333,0.3316498316,True,True,True,True,True
7,3,long,2021-06-14,SOLUSDT,39.672,25.9,25.9098646,0.3233333333,0.3299832496,True,True,True,True,True
7,3,long,2021-06-14,UNIUSDT,24.179,15.738,15.74107329,0.3233333333,0.3306397306,True,True,True,True,True
7,3,long,2021-06-14,VETUSDT,0.11318,0.07298,0.07304409,0.3233333333,0.3286195286,True,True,True,True,True
7,3,long,2021-06-15,AAVEUSDT,311.75,169.29,170.0785443,0.3233333333,0.3265993266,True,True,True,True,True
7,3,long,2021-06-15,ADAUSDT,1.5548,1,1.00027135,0.3233333333,0.3316498316,True,True,True,True,True
7,3,long,2021-06-15,BCHUSDT,627.24,387.25,387.5572545,0.3233333333,0.3316498316,True,True,True,True,True
7,3,long,2021-06-15,BNBUSDT,366.3,225,225.5210197,0.3233333333,0.3303152247,True,True,True,True,True
7,3,long,2021-06-15,DOGEUSDT,0.32021,0.16275,0.16320265,0.3233333333,0.3289716491,True,True,True,True,True
7,3,long,2021-06-15,DOTUSDT,23.934,12.97,12.99205699,0.3233333333,0.3301346801,True,True,True,True,True
7,3,long,2021-06-15,EOSUSDT,5.182,3.037,3.04031048,0.3233333333,,True,True,False,False,False
7,3,long,2021-06-15,ETCUSDT,58.147,32.16,32.2112464,0.3233333333,0.3316498316,True,True,True,True,True
7,3,long,2021-06-15,ETHUSDT,2544.17,1698.64,1700.46,0.3233333333,0.3306559572,True,True,True,True,True
7,3,long,2021-06-15,LINKUSDT,24.49,14.964,14.99795496,0.3233333333,0.3316498316,True,True,True,True,True
7,3,long,2021-06-15,LTCUSDT,175.13,104.83,104.978178,0.3233333333,0.3316498316,True,True,True,True,True
7,3,long,2021-06-15,MATICUSDT,1.6287,0.9282,0.92898664,0.3233333333,,True,True,False,False,False
7,3,long,2021-06-15,SOLUSDT,39.54,20.098,20.16037098,0.3233333333,0.3299832496,True,True,True,True,True
7,3,long,2021-06-15,SUSHIUSDT,9.108,5.961,5.96797713,0.3233333333,0.3273809524,True,True,True,True,True
7,3,long,2021-06-15,TRXUSDT,0.0717,0.04634,0.04637174,0.3233333333,0.3301346801,True,True,True,True,True
7,3,long,2021-06-15,UNIUSDT,23.427,13.835,13.91776988,0.3233333333,0.3306397306,True,True,True,True,True
7,3,long,2021-06-15,VETUSDT,0.1113,0.05957,0.05965,0.3233333333,0.3286195286,True,True,True,True,True
7,3,long,2021-06-15,XLMUSDT,0.33372,0.19873,0.19884289,0.3233333333,0.3282571912,True,True,True,True,True
7,3,long,2021-06-15,XRPUSDT,0.8665,0.5085,0.50947881,0.3233333333,0.3299832496,True,True,True,True,True
7,3,long,2021-06-16,AAVEUSDT,290.55,169.29,170.0785443,0.3233333333,0.3265993266,True,True,True,True,True
7,3,long,2021-06-16,ADAUSDT,1.4845,1,1.00027135,0.3233333333,0.3316498316,True,True,False,False,True
7,3,long,2021-06-16,BCHUSDT,593.36,387.25,387.5572545,0.3233333333,0.3316498316,True,True,True,True,True
7,3,long,2021-06-16,BNBUSDT,347.24,225,225.5210197,0.3233333333,0.3303152247,True,True,True,True,True
7,3,long,2021-06-16,DOGEUSDT,0.3079,0.16275,0.16320265,0.3233333333,0.3289716491,True,True,True,True,True
7,3,long,2021-06-16,DOTUSDT,23.026,12.97,12.99205699,0.3233333333,0.3301346801,True,True,True,True,True
7,3,long,2021-06-16,EOSUSDT,4.865,3.037,3.04031048,0.3233333333,,True,True,False,False,False
7,3,long,2021-06-16,ETCUSDT,55.335,32.16,32.2112464,0.3233333333,0.3316498316,True,True,True,True,True
7,3,long,2021-06-16,LINKUSDT,23.035,14.964,14.99795496,0.3233333333,0.3316498316,True,True,True,True,True
7,3,long,2021-06-16,LTCUSDT,166.5,104.83,104.978178,0.3233333333,0.3316498316,True,True,True,True,True
7,3,long,2021-06-16,MATICUSDT,1.4762,0.9282,0.92898664,0.3233333333,,True,True,False,False,False
7,3,long,2021-06-16,SOLUSDT,39.677,20.098,20.16037098,0.3233333333,0.3299832496,True,True,True,True,True
7,3,long,2021-06-16,TRXUSDT,0.06893,0.04634,0.04637174,0.3233333333,0.3301346801,True,True,False,False,True
7,3,long,2021-06-16,UNIUSDT,21.833,13.835,13.91776988,0.3233333333,0.3306397306,True,True,True,True,True
7,3,long,2021-06-16,VETUSDT,0.10755,0.05957,0.05965,0.3233333333,0.3286195286,True,True,True,True,True
7,3,long,2021-06-16,XLMUSDT,0.3177,0.19873,0.19884289,0.3233333333,0.3282571912,True,True,True,True,True
7,3,long,2021-06-16,XRPUSDT,0.8321,0.5085,0.50947881,0.3233333333,0.3299832496,True,True,True,True,True
7,3,long,2021-06-17,AAVEUSDT,293.4,169.29,170.0785443,0.3233333333,0.3265993266,True,True,True,True,True
7,3,long,2021-06-17,ADAUSDT,1.481,1,1.00027135,0.3233333333,0.3316498316,True,True,False,False,True
7,3,long,2021-06-17,BCHUSDT,598.56,387.25,387.5572545,0.3233333333,0.3316498316,True,True,True,True,True
7,3,long,2021-06-17,BNBUSDT,352.45,225,225.5210197,0.3233333333,0.3303152247,True,True,True,True,True
7,3,long,2021-06-17,DOGEUSDT,0.30629,0.16275,0.16320265,0.3233333333,0.3289716491,True,True,True,True,True
7,3,long,2021-06-17,DOTUSDT,22.527,12.97,12.99205699,0.3233333333,0.3301346801,True,True,True,True,True
7,3,long,2021-06-17,EOSUSDT,4.871,3.037,3.04031048,0.3233333333,,True,True,False,False,False
7,3,long,2021-06-17,ETCUSDT,55.514,32.16,32.2112464,0.3233333333,0.3316498316,True,True,True,True,True
7,3,long,2021-06-17,LINKUSDT,23.4,14.964,14.99795496,0.3233333333,0.3316498316,True,True,True,True,True
7,3,long,2021-06-17,LTCUSDT,167.07,104.83,104.978178,0.3233333333,0.3316498316,True,True,True,True,True
7,3,long,2021-06-17,MATICUSDT,1.503,0.9282,0.92898664,0.3233333333,,True,True,False,False,False
7,3,long,2021-06-17,SOLUSDT,39.269,20.098,20.16037098,0.3233333333,0.3299832496,True,True,True,True,True
7,3,long,2021-06-17,TRXUSDT,0.07392,0.04634,0.04637174,0.3233333333,0.3301346801,True,True,True,True,True
7,3,long,2021-06-17,UNIUSDT,22.187,13.835,13.91776988,0.3233333333,0.3306397306,True,True,True,True,True
7,3,long,2021-06-17,VETUSDT,0.10725,0.05957,0.05965,0.3233333333,0.3286195286,True,True,True,True,True
7,3,long,2021-06-17,XLMUSDT,0.31763,0.19873,0.19884289,0.3233333333,0.3282571912,True,True,True,True,True
7,3,long,2021-06-17,XRPUSDT,0.8415,0.5085,0.50947881,0.3233333333,0.3299832496,True,True,True,True,True
7,3,long,2021-06-18,AAVEUSDT,264.91,169.29,170.0785443,0.3233333333,0.3265993266,True,True,True,True,True
7,3,long,2021-06-18,BNBUSDT,336.79,225,225.5210197,0.3233333333,0.3303152247,True,True,True,True,True
7,3,long,2021-06-18,DOGEUSDT,0.29319,0.16275,0.16320265,0.3233333333,0.3289716491,True,True,True,True,True
7,3,long,2021-06-18,DOTUSDT,21.418,12.97,12.99205699,0.3233333333,0.3301346801,True,True,True,True,True
7,3,long,2021-06-18,EOSUSDT,4.563,3.037,3.04031048,0.3233333333,,True,True,False,False,False
7,3,long,2021-06-18,ETCUSDT,52.533,32.16,32.2112464,0.3233333333,0.3316498316,True,True,True,True,True
7,3,long,2021-06-18,LTCUSDT,156.21,104.83,104.978178,0.3233333333,0.3316498316,True,True,False,False,True
7,3,long,2021-06-18,MATICUSDT,1.3784,0.9282,0.92898664,0.3233333333,,True,True,False,False,False
7,3,long,2021-06-18,SOLUSDT,36.8,20.098,20.16037098,0.3233333333,0.3299832496,True,True,True,True,True
7,3,long,2021-06-18,TRXUSDT,0.06956,0.04634,0.04637174,0.3233333333,0.3301346801,True,True,True,True,True
7,3,long,2021-06-18,VETUSDT,0.09956,0.05957,0.05965,0.3233333333,0.3286195286,True,True,True,True,True
7,3,long,2021-06-18,XLMUSDT,0.29706,0.19873,0.19884289,0.3233333333,0.3282571912,True,True,True,True,True
7,3,long,2021-06-18,XRPUSDT,0.7971,0.5085,0.50947881,0.3233333333,0.3299832496,True,True,True,True,True
7,3,long,2021-06-19,AAVEUSDT,254.22,169.29,170.0785443,0.3233333333,0.3265993266,True,True,True,True,True
7,3,long,2021-06-19,BNBUSDT,333.77,225,225.5210197,0.3233333333,0.3303152247,True,True,False,False,True
7,3,long,2021-06-19,DOGEUSDT,0.28561,0.16275,0.16320265,0.3233333333,0.3289716491,True,True,True,True,True
7,3,long,2021-06-19,DOTUSDT,20.213,12.97,12.99205699,0.3233333333,0.3301346801,True,True,True,True,True
7,3,long,2021-06-19,ETCUSDT,50.844,32.16,32.2112464,0.3233333333,0.3316498316,True,True,True,True,True
7,3,long,2021-06-19,SOLUSDT,35.151,20.098,20.16037098,0.3233333333,0.3299832496,True,True,True,True,True
7,3,long,2021-06-19,VETUSDT,0.09632,0.05957,0.05965,0.3233333333,0.3286195286,True,True,True,True,True
7,3,long,2021-06-19,XRPUSDT,0.7577,0.5085,0.50947881,0.3233333333,0.3299832496,True,True,False,False,True
7,3,long,2021-06-20,AAVEUSDT,272.77,169.29,170.0785443,0.3233333333,0.3265993266,True,True,True,True,True
7,3,long,2021-06-20,BNBUSDT,338.98,225,225.5210197,0.3233333333,0.3303152247,True,True,True,True,True
7,3,long,2021-06-20,DOGEUSDT,0.28021,0.16275,0.16320265,0.3233333333,0.3289716491,True,True,True,True,True
7,3,long,2021-06-20,DOTUSDT,20.605,12.97,12.99205699,0.3233333333,0.3301346801,True,True,True,True,True
7,3,long,2021-06-20,EOSUSDT,4.505,3.037,3.04031048,0.3233333333,,True,True,False,False,False
7,3,long,2021-06-20,ETCUSDT,50.941,32.16,32.2112464,0.3233333333,0.3316498316,True,True,True,True,True
7,3,long,2021-06-20,MATICUSDT,1.3984,0.9282,0.92898664,0.3233333333,,True,True,False,False,False
7,3,long,2021-06-20,SOLUSDT,35.228,20.098,20.16037098,0.3233333333,0.3299832496,True,True,True,True,True
7,3,long,2021-06-20,UNIUSDT,20.709,13.835,13.91776988,0.3233333333,0.3306397306,True,True,True,False,True
7,3,long,2021-06-20,VETUSDT,0.09837,0.05957,0.05965,0.3233333333,0.3286195286,True,True,True,True,True
7,3,long,2021-06-20,XLMUSDT,0.29746,0.19873,0.19884289,0.3233333333,0.3282571912,True,True,True,True,True
7,3,long,2021-06-20,XRPUSDT,0.7742,0.5085,0.50947881,0.3233333333,0.3299832496,True,True,True,True,True
7,3,long,2021-07-13,MATICUSDT,0.9452,0.62,0.6207,0.3233333333,,True,True,False,False,False
7,3,long,2021-07-13,THETAUSDT,5.281,3.489,3.49466149,0.3233333333,0.3273809524,True,True,True,True,True
7,3,long,2021-07-14,MATICUSDT,0.929,0.62,0.6207,0.3233333333,,True,True,False,False,False
7,3,long,2021-07-14,THETAUSDT,5.165,3.489,3.49466149,0.3233333333,0.3273809524,True,True,False,False,True
7,3,long,2021-08-31,ADAUSDT,2.7697,1.8333,2.04557217,0.3233333333,0.3316498316,True,False,True,False,True
7,3,long,2021-08-31,ALICEUSDT,18.076,9.24,10.26580776,0.3233333333,0.3298245614,True,True,True,True,True
7,3,long,2021-08-31,DOTUSDT,31.359,20.835,22.941,0.3233333333,0.3301346801,True,False,True,False,True
7,3,long,2021-08-31,SANDUSDT,0.95392,0.55076,0.60070398,0.3233333333,0.3273809524,True,True,True,True,True
7,3,long,2021-09-01,ADAUSDT,2.8737,1.8333,2.04557217,0.3233333333,0.3316498316,True,False,True,False,True
7,3,long,2021-09-01,ALICEUSDT,18.302,9.24,10.26580776,0.3233333333,0.3298245614,True,True,True,True,True
7,3,long,2021-09-01,DOTUSDT,33.237,20.835,22.941,0.3233333333,0.3301346801,True,False,True,False,True
7,3,long,2021-09-01,ETCUSDT,68.798,44,47.98398637,0.3233333333,0.3316498316,True,False,True,False,True
7,3,long,2021-09-01,LUNAUSDT,31.789,20.443,22.62860608,0.3233333333,,True,False,False,False,False
7,3,long,2021-09-01,SANDUSDT,1.00819,0.55076,0.60070398,0.3233333333,0.3273809524,True,True,True,True,True
7,3,long,2021-09-02,ADAUSDT,2.9632,1.8333,2.04557217,0.3233333333,0.3316498316,True,False,True,False,True
7,3,long,2021-09-02,ALICEUSDT,18.115,9.24,10.26580776,0.3233333333,0.3298245614,True,True,True,True,True
7,3,long,2021-09-02,AVAXUSDT,47.604,28.872,31.51401684,0.3233333333,0.3299832496,True,True,True,True,True
7,3,long,2021-09-02,DOTUSDT,31.817,20.835,22.941,0.3233333333,0.3301346801,True,False,True,False,True
7,3,long,2021-09-02,ETCUSDT,67.672,44,47.98398637,0.3233333333,0.3316498316,True,False,True,False,True
7,3,long,2021-09-02,LUNAUSDT,32.865,20.443,22.62860608,0.3233333333,,True,False,False,False,False
7,3,long,2021-09-02,SANDUSDT,1.00599,0.55076,0.60070398,0.3233333333,0.3273809524,True,True,True,True,True
7,3,long,2021-09-03,ADAUSDT,2.967,1.8333,2.04557217,0.3233333333,0.3316498316,True,False,True,False,True
7,3,long,2021-09-03,ALICEUSDT,18.059,9.24,10.26580776,0.3233333333,0.3298245614,True,True,True,True,True
7,3,long,2021-09-03,AVAXUSDT,45.96,28.872,31.51401684,0.3233333333,0.3299832496,True,False,True,False,True
7,3,long,2021-09-03,DOTUSDT,33.601,20.835,22.941,0.3233333333,0.3301346801,True,False,True,False,True
7,3,long,2021-09-03,ETCUSDT,70.094,44,47.98398637,0.3233333333,0.3316498316,True,False,True,False,True
7,3,long,2021-09-03,LUNAUSDT,31.769,20.443,22.62860608,0.3233333333,,True,False,False,False,False
7,3,long,2021-09-03,SANDUSDT,1.00289,0.55076,0.60070398,0.3233333333,0.3273809524,True,True,True,True,True
7,3,long,2021-09-04,ADAUSDT,2.8355,1.8333,2.04557217,0.3233333333,0.3316498316,True,False,True,False,True
7,3,long,2021-09-04,ALICEUSDT,18.523,9.24,10.26580776,0.3233333333,0.3298245614,True,True,True,True,True
7,3,long,2021-09-04,AVAXUSDT,47.259,28.872,31.51401684,0.3233333333,0.3299832496,True,True,True,True,True
7,3,long,2021-09-04,AXSUSDT,82.62,51.56,55.65125927,0.3233333333,0.3273809524,True,True,True,False,True
7,3,long,2021-09-04,BNBUSDT,498.42,332.95,371.4326678,0.3233333333,0.3303152247,True,False,True,False,True
7,3,long,2021-09-04,DOGEUSDT,0.29979,0.20225,0.21289,0.3233333333,0.3289716491,True,False,False,False,True
7,3,long,2021-09-04,DOTUSDT,32.438,20.835,22.941,0.3233333333,0.3301346801,True,False,True,False,True
7,3,long,2021-09-04,ETCUSDT,68.89,44,47.98398637,0.3233333333,0.3316498316,True,False,True,False,True
7,3,long,2021-09-04,LUNAUSDT,31.43,20.443,22.62860608,0.3233333333,,True,False,False,False,False
7,3,long,2021-09-04,MATICUSDT,1.7402,1.0607,1.11648771,0.3233333333,,True,True,False,False,False
7,3,long,2021-09-04,SANDUSDT,0.99552,0.55076,0.60070398,0.3233333333,0.3273809524,True,True,True,True,True
7,3,long,2021-09-05,ADAUSDT,2.9148,1.8333,2.04557217,0.3233333333,0.3316498316,True,False,True,False,True
7,3,long,2021-09-05,ALICEUSDT,18.831,9.24,10.26580776,0.3233333333,0.3298245614,True,True,True,True,True
7,3,long,2021-09-05,AVAXUSDT,48.195,28.872,31.51401684,0.3233333333,0.3299832496,True,True,True,True,True
7,3,long,2021-09-05,AXSUSDT,82.32,51.56,55.65125927,0.3233333333,0.3273809524,True,True,True,False,True
7,3,long,2021-09-05,BNBUSDT,505.71,332.95,371.4326678,0.3233333333,0.3303152247,True,False,True,False,True
7,3,long,2021-09-05,DOGEUSDT,0.31476,0.20225,0.21289,0.3233333333,0.3289716491,True,True,True,False,True
7,3,long,2021-09-05,DOTUSDT,34.463,20.835,22.941,0.3233333333,0.3301346801,True,True,True,True,True
7,3,long,2021-09-05,EOSUSDT,6.301,3.93,4.352,0.3233333333,,True,False,False,False,False
7,3,long,2021-09-05,ETCUSDT,73.611,44,47.98398637,0.3233333333,0.3316498316,True,True,True,True,True
7,3,long,2021-09-05,FILUSDT,113.787,64.534,71.50142079,0.3233333333,0.3293091885,True,True,True,True,True
7,3,long,2021-09-05,LINKUSDT,33.63,22.046,24.27753837,0.3233333333,0.3316498316,True,False,True,False,True
7,3,long,2021-09-05,LTCUSDT,232.51,155.6,163.204798,0.3233333333,0.3316498316,True,False,False,False,True
7,3,long,2021-09-05,LUNAUSDT,34.489,20.443,22.62860608,0.3233333333,,True,True,False,False,False
7,3,long,2021-09-05,MATICUSDT,1.6834,1.0607,1.11648771,0.3233333333,,True,True,False,False,False
7,3,long,2021-09-05,SANDUSDT,0.97819,0.55076,0.60070398,0.3233333333,0.3273809524,True,True,True,True,True
7,3,long,2021-09-06,ADAUSDT,2.8355,1.8333,2.04557217,0.3233333333,0.3316498316,True,False,True,False,True
7,3,long,2021-09-06,ALICEUSDT,17.994,9.24,10.26580776,0.3233333333,0.3298245614,True,True,True,True,True
7,3,long,2021-09-06,AVAXUSDT,47.137,28.872,31.51401684,0.3233333333,0.3299832496,True,True,True,True,True
7,3,long,2021-09-06,AXSUSDT,79.14,51.56,55.65125927,0.3233333333,0.3273809524,True,False,True,False,True
7,3,long,2021-09-06,BNBUSDT,496.29,332.95,371.4326678,0.3233333333,0.3303152247,True,False,False,False,True
7,3,long,2021-09-06,DOGEUSDT,0.30928,0.20225,0.21289,0.3233333333,0.3289716491,True,False,True,False,True
7,3,long,2021-09-06,DOTUSDT,34.371,20.835,22.941,0.3233333333,0.3301346801,True,True,True,True,True
7,3,long,2021-09-06,EOSUSDT,6.224,3.93,4.352,0.3233333333,,True,False,False,False,False
7,3,long,2021-09-06,ETCUSDT,73.559,44,47.98398637,0.3233333333,0.3316498316,True,True,True,True,True
7,3,long,2021-09-06,FILUSDT,106.337,64.534,71.50142079,0.3233333333,0.3293091885,True,True,True,False,True
7,3,long,2021-09-06,LINKUSDT,34.842,22.046,24.27753837,0.3233333333,0.3316498316,True,False,True,False,True
7,3,long,2021-09-06,LUNAUSDT,32.363,20.443,22.62860608,0.3233333333,,True,False,False,False,False
7,3,long,2021-09-06,MATICUSDT,1.6454,1.0607,1.11648771,0.3233333333,,True,False,False,False,False
7,3,long,2021-09-06,SANDUSDT,0.9611,0.55076,0.60070398,0.3233333333,0.3273809524,True,True,True,True,True
7,3,long,2021-09-06,XRPUSDT,1.3906,0.8969,0.9678,0.3233333333,0.3299832496,True,False,True,False,True
7,3,long,2021-09-14,LINKUSDT,30.813,20.802,20.82812159,0.3233333333,0.3316498316,True,True,False,False,True
7,3,long,2021-09-14,LUNAUSDT,35.707,23.89,23.913,0.3233333333,,True,True,False,False,False
7,3,long,2021-09-15,LUNAUSDT,36.757,23.89,23.913,0.3233333333,,True,True,False,False,False
7,3,long,2021-09-16,ALICEUSDT,14.063,9.1,9.10932359,0.3233333333,0.3298245614,True,True,True,True,True
7,3,long,2021-09-16,LUNAUSDT,37.486,23.89,23.913,0.3233333333,,True,True,False,False,False
7,3,long,2021-09-19,FILUSDT,83.562,49.945,49.991,0.3233333333,0.3293091885,True,True,True,True,True
7,3,long,2021-09-20,FILUSDT,74.428,49.945,49.991,0.3233333333,0.3293091885,True,True,False,False,True
7,3,long,2021-09-22,FILUSDT,74.482,49.945,49.991,0.3233333333,0.3293091885,True,True,True,False,True
7,3,long,2021-09-23,FILUSDT,74.63,49.945,49.991,0.3233333333,0.3293091885,True,True,True,True,True
7,3,long,2021-11-01,1000SHIBUSDT,0.071552,0.043125,0.04311833,0.3233333333,0.3289716491,True,True,True,True,True
7,3,long,2021-11-02,1000SHIBUSDT,0.069211,0.043125,0.04311833,0.3233333333,0.3289716491,True,True,True,True,True
7,3,long,2021-11-12,FTMUSDT,2.63126,1.76322,1.76581308,0.3233333333,0.3286195286,True,True,True,True,True
7,3,long,2021-11-13,FTMUSDT,2.62029,1.76322,1.76581308,0.3233333333,0.3286195286,True,True,False,False,True
7,3,long,2021-11-27,AVAXUSDT,113.52,75,76.56644711,0.3233333333,0.3299832496,True,True,True,False,True
7,3,long,2021-11-27,DOGEUSDT,0.20496,0.1257,0.12953842,0.3233333333,0.3289716491,True,True,True,True,True
7,3,long,2021-11-27,DOTUSDT,35.132,23.671,24.34968416,0.3233333333,0.3301346801,True,False,False,False,True
7,3,long,2021-11-27,FTMUSDT,2.08279,1.14518,1.16670123,0.3233333333,0.3286195286,True,True,True,True,True
7,3,long,2021-11-27,LINKUSDT,24.103,15.033,15.36797556,0.3233333333,0.3316498316,True,True,True,True,True
7,3,long,2021-11-27,LTCUSDT,195.09,128.64,132.446548,0.3233333333,0.3316498316,True,False,True,False,True
7,3,long,2021-11-27,MANAUSDT,4.6952,2.5567,2.61192112,0.3233333333,0.3273809524,True,True,True,True,True
7,3,long,2021-11-27,XRPUSDT,0.9455,0.5764,0.60967565,0.3233333333,0.3299832496,True,True,True,True,True
7,3,long,2021-11-28,DOGEUSDT,0.20727,0.1257,0.12953842,0.3233333333,0.3289716491,True,True,True,True,True
7,3,long,2021-11-28,DOTUSDT,35.733,23.671,24.34968416,0.3233333333,0.3301346801,True,False,True,False,True
7,3,long,2021-11-28,FTMUSDT,2.11298,1.14518,1.16670123,0.3233333333,0.3286195286,True,True,True,True,True
7,3,long,2021-11-28,LINKUSDT,24.769,15.033,15.36797556,0.3233333333,0.3316498316,True,True,True,True,True
7,3,long,2021-11-28,LTCUSDT,199.55,128.64,132.446548,0.3233333333,0.3316498316,True,True,True,True,True
7,3,long,2021-11-28,MANAUSDT,5.1455,2.5567,2.61192112,0.3233333333,0.3273809524,True,True,True,True,True
7,3,long,2021-11-28,XRPUSDT,0.9686,0.5764,0.60967565,0.3233333333,0.3299832496,True,True,True,True,True
7,3,long,2021-11-29,1000SHIBUSDT,0.04522,0.027921,0.02957479,0.3233333333,0.3289716491,True,True,True,True,True
7,3,long,2021-11-29,AVAXUSDT,120.483,75,76.56644711,0.3233333333,0.3299832496,True,True,True,True,True
7,3,long,2021-11-29,DOGEUSDT,0.21504,0.1257,0.12953842,0.3233333333,0.3289716491,True,True,True,True,True
7,3,long,2021-11-29,DOTUSDT,37.084,23.671,24.34968416,0.3233333333,0.3301346801,True,True,True,True,True
7,3,long,2021-11-29,FTMUSDT,2.16386,1.14518,1.16670123,0.3233333333,0.3286195286,True,True,True,True,True
7,3,long,2021-11-29,LINKUSDT,25.004,15.033,15.36797556,0.3233333333,0.3316498316,True,True,True,True,True
7,3,long,2021-11-29,LTCUSDT,205.55,128.64,132.446548,0.3233333333,0.3316498316,True,True,True,True,True
7,3,long,2021-11-29,MANAUSDT,4.8827,2.5567,2.61192112,0.3233333333,0.3273809524,True,True,True,True,True
7,3,long,2021-11-29,XRPUSDT,0.9901,0.5764,0.60967565,0.3233333333,0.3299832496,True,True,True,True,True
7,3,long,2021-11-30,1000SHIBUSDT,0.047459,0.027921,0.02957479,0.3233333333,0.3289716491,True,True,True,True,True
7,3,long,2021-11-30,AVAXUSDT,120.421,75,76.56644711,0.3233333333,0.3299832496,True,True,True,True,True
7,3,long,2021-11-30,DOGEUSDT,0.21467,0.1257,0.12953842,0.3233333333,0.3289716491,True,True,True,True,True
7,3,long,2021-11-30,DOTUSDT,37.931,23.671,24.34968416,0.3233333333,0.3301346801,True,True,True,True,True
7,3,long,2021-11-30,FTMUSDT,2.13846,1.14518,1.16670123,0.3233333333,0.3286195286,True,True,True,True,True
7,3,long,2021-11-30,LINKUSDT,25.342,15.033,15.36797556,0.3233333333,0.3316498316,True,True,True,True,True
7,3,long,2021-11-30,LTCUSDT,207.96,128.64,132.446548,0.3233333333,0.3316498316,True,True,True,True,True
7,3,long,2021-11-30,MANAUSDT,4.6516,2.5567,2.61192112,0.3233333333,0.3273809524,True,True,True,True,True
7,3,long,2021-11-30,XRPUSDT,0.9989,0.5764,0.60967565,0.3233333333,0.3299832496,True,True,True,True,True
7,3,long,2021-12-01,1000SHIBUSDT,0.044178,0.027921,0.02957479,0.3233333333,0.3289716491,True,True,True,True,True
7,3,long,2021-12-01,AVAXUSDT,119.64,75,76.56644711,0.3233333333,0.3299832496,True,True,True,True,True
7,3,long,2021-12-01,CHRUSDT,0.9298,0.4664,0.47818146,0.3233333333,0.3239316239,True,True,True,True,True
7,3,long,2021-12-01,DOGEUSDT,0.20929,0.1257,0.12953842,0.3233333333,0.3289716491,True,True,True,True,True
7,3,long,2021-12-01,DOTUSDT,36.755,23.671,24.34968416,0.3233333333,0.3301346801,True,True,True,True,True
7,3,long,2021-12-01,FTMUSDT,2.14234,1.14518,1.16670123,0.3233333333,0.3286195286,True,True,True,True,True
7,3,long,2021-12-01,GALAUSDT,0.64572,0.36866,0.37484595,0.3233333333,0.3273809524,True,True,True,True,True
7,3,long,2021-12-01,IOTXUSDT,0.15305,0.10199,0.1021,0.3233333333,0.3239316239,True,True,True,True,True
7,3,long,2021-12-01,LINKUSDT,25.347,15.033,15.36797556,0.3233333333,0.3316498316,True,True,True,True,True
7,3,long,2021-12-01,LRCUSDT,2.78045,1.60943,1.63156341,0.3233333333,0.3192982456,True,True,True,True,True
7,3,long,2021-12-01,LTCUSDT,208.78,128.64,132.446548,0.3233333333,0.3316498316,True,True,True,True,True
7,3,long,2021-12-01,MANAUSDT,4.5532,2.5567,2.61192112,0.3233333333,0.3273809524,True,True,True,True,True
7,3,long,2021-12-01,SANDUSDT,6.5752,4.09,4.1357,0.3233333333,0.3273809524,True,True,True,True,True
7,3,long,2021-12-01,XRPUSDT,0.9906,0.5764,0.60967565,0.3233333333,0.3299832496,True,True,True,True,True
7,3,long,2021-12-02,1000SHIBUSDT,0.042218,0.027921,0.02957479,0.3233333333,0.3289716491,True,False,True,False,True
7,3,long,2021-12-02,CHRUSDT,0.903,0.4664,0.47818146,0.3233333333,0.3239316239,True,True,True,True,True
7,3,long,2021-12-02,DOGEUSDT,0.20966,0.1257,0.12953842,0.3233333333,0.3289716491,True,True,True,True,True
7,3,long,2021-12-02,DOTUSDT,35.749,23.671,24.34968416,0.3233333333,0.3301346801,True,False,True,False,True
7,3,long,2021-12-02,FTMUSDT,2.06817,1.14518,1.16670123,0.3233333333,0.3286195286,True,True,True,True,True
7,3,long,2021-12-02,GALAUSDT,0.59494,0.36866,0.37484595,0.3233333333,0.3273809524,True,True,True,True,True
7,3,long,2021-12-02,IOTXUSDT,0.15755,0.10199,0.1021,0.3233333333,0.3239316239,True,True,True,True,True
7,3,long,2021-12-02,LINKUSDT,24.551,15.033,15.36797556,0.3233333333,0.3316498316,True,True,True,True,True
7,3,long,2021-12-02,LRCUSDT,2.63316,1.60943,1.63156341,0.3233333333,0.3192982456,True,True,True,True,True
7,3,long,2021-12-02,LTCUSDT,203.51,128.64,132.446548,0.3233333333,0.3316498316,True,True,True,True,True
7,3,long,2021-12-02,MANAUSDT,4.4136,2.5567,2.61192112,0.3233333333,0.3273809524,True,True,True,True,True
7,3,long,2021-12-02,SANDUSDT,6.69178,4.09,4.1357,0.3233333333,0.3273809524,True,True,True,True,True
7,3,long,2021-12-02,XRPUSDT,0.9722,0.5764,0.60967565,0.3233333333,0.3299832496,True,True,True,True,True
7,3,long,2021-12-03,CHRUSDT,0.8228,0.4664,0.47818146,0.3233333333,0.3239316239,True,True,True,True,True
7,3,long,2021-12-03,DOGEUSDT,0.19985,0.1257,0.12953842,0.3233333333,0.3289716491,True,True,True,True,True
7,3,long,2021-12-03,FTMUSDT,1.98334,1.14518,1.16670123,0.3233333333,0.3286195286,True,True,True,True,True
7,3,long,2021-12-03,LINKUSDT,23.302,15.033,15.36797556,0.3233333333,0.3316498316,True,True,True,True,True
7,3,long,2021-12-03,LRCUSDT,2.38074,1.60943,1.63156341,0.3233333333,0.3192982456,True,False,True,False,True
7,3,long,2021-12-03,MANAUSDT,3.9027,2.5567,2.61192112,0.3233333333,0.3273809524,True,True,True,True,True
7,3,long,2021-12-03,XRPUSDT,0.9213,0.5764,0.60967565,0.3233333333,0.3299832496,True,True,True,True,True
7,3,long,2022-01-01,GALAUSDT,0.46148,0.304,0.30445044,0.3233333333,0.3273809524,True,True,True,True,True
7,3,long,2022-01-02,GALAUSDT,0.45681,0.304,0.30445044,0.3233333333,0.3273809524,True,True,True,True,True
7,3,long,2022-01-03,GALAUSDT,0.44141,0.28896,0.29021826,0.3233333333,0.3273809524,True,True,True,True,True
7,3,long,2022-01-14,GALAUSDT,0.32462,0.2011,0.20256883,0.3233333333,0.3273809524,True,True,True,True,True
7,3,long,2022-01-14,LINKUSDT,25.706,17.1,17.13641779,0.3233333333,0.3316498316,True,True,True,True,True
7,3,long,2022-01-14,NEARUSDT,20.1838,11.925,12.00969127,0.3233333333,0.3265993266,True,True,True,True,True
7,3,long,2022-01-14,SANDUSDT,4.8998,3.1976,3.21118516,0.3233333333,0.3273809524,True,True,True,True,True
7,3,long,2022-01-15,1000SHIBUSDT,0.030818,0.017,0.01720986,0.3233333333,0.3289716491,True,True,True,True,True
7,3,long,2022-01-15,AVAXUSDT,92.994,52.775,53.27651848,0.3233333333,0.3299832496,True,True,True,True,True
7,3,long,2022-01-15,DOGEUSDT,0.18442,0.11952,0.12062824,0.3233333333,0.3289716491,True,True,True,True,True
7,3,long,2022-01-15,DOTUSDT,27.582,16.1,16.27568945,0.3233333333,0.3301346801,True,True,True,True,True
7,3,long,2022-01-15,FTMUSDT,3.0024,1.7574,1.77732391,0.3233333333,0.3286195286,True,True,True,True,True
7,3,long,2022-01-15,GALAUSDT,0.33549,0.15374,0.15554108,0.3233333333,0.3273809524,True,True,True,True,True
7,3,long,2022-01-15,LINKUSDT,25.167,14.23,14.34738509,0.3233333333,0.3316498316,True,True,True,True,True
7,3,long,2022-01-15,LUNAUSDT,87.111,53.65,54.12745155,0.3233333333,,True,True,False,False,False
7,3,long,2022-01-15,MANAUSDT,2.9891,1.705,1.71948074,0.3233333333,0.3273809524,True,True,True,True,True
7,3,long,2022-01-15,MATICUSDT,2.3453,1.3941,1.40207311,0.3233333333,,True,True,False,False,False
7,3,long,2022-01-15,NEARUSDT,19.2696,10.086,10.18259856,0.3233333333,0.3265993266,True,True,True,True,True
7,3,long,2022-01-15,SANDUSDT,4.8404,2.555,2.57586165,0.3233333333,0.3273809524,True,True,True,True,True
7,3,long,2022-01-15,SOLUSDT,147.57,87.47,88.33690803,0.3233333333,0.3299832496,True,True,True,True,True
7,3,long,2022-01-15,SUSHIUSDT,7.01,3.969,4.01687814,0.3233333333,0.3273809524,True,True,True,True,True
7,3,long,2022-01-16,1000SHIBUSDT,0.030491,0.017,0.01720986,0.3233333333,0.3289716491,True,True,True,True,True
7,3,long,2022-01-16,ADAUSDT,1.4105,0.9134,0.92135048,0.3233333333,0.3316498316,True,True,True,True,True
7,3,long,2022-01-16,ATOMUSDT,43.636,27.257,27.45209366,0.3233333333,0.3306397306,True,True,True,True,True
7,3,long,2022-01-16,AVAXUSDT,92.237,52.775,53.27651848,0.3233333333,0.3299832496,True,True,True,True,True
7,3,long,2022-01-16,BNBUSDT,497.95,335.68,337.2058057,0.3233333333,0.3303152247,True,False,False,False,True
7,3,long,2022-01-16,DOTUSDT,27.675,16.1,16.27568945,0.3233333333,0.3301346801,True,True,True,True,True
7,3,long,2022-01-16,FTMUSDT,3.3067,1.7574,1.77732391,0.3233333333,0.3286195286,True,True,True,True,True
7,3,long,2022-01-16,GALAUSDT,0.32888,0.15374,0.15554108,0.3233333333,0.3273809524,True,True,True,True,True
7,3,long,2022-01-16,LINKUSDT,25.498,14.23,14.34738509,0.3233333333,0.3316498316,True,True,True,True,True
7,3,long,2022-01-16,LUNAUSDT,87.044,53.65,54.12745155,0.3233333333,,True,True,False,False,False
7,3,long,2022-01-16,MANAUSDT,3.1167,1.705,1.71948074,0.3233333333,0.3273809524,True,True,True,True,True
7,3,long,2022-01-16,MATICUSDT,2.3309,1.3941,1.40207311,0.3233333333,,True,True,False,False,False
7,3,long,2022-01-16,NEARUSDT,20.1371,10.086,10.18259856,0.3233333333,0.3265993266,True,True,True,True,True
7,3,long,2022-01-16,SANDUSDT,4.9125,2.555,2.57586165,0.3233333333,0.3273809524,True,True,True,True,True
7,3,long,2022-01-16,SOLUSDT,147.92,87.47,88.33690803,0.3233333333,0.3299832496,True,True,True,True,True
7,3,long,2022-01-16,SUSHIUSDT,6.969,3.969,4.01687814,0.3233333333,0.3273809524,True,True,True,True,True
7,3,long,2022-01-17,1000SHIBUSDT,0.028803,0.017,0.01720986,0.3233333333,0.3289716491,True,True,True,True,True
7,3,long,2022-01-17,ADAUSDT,1.5999,0.9134,0.92135048,0.3233333333,0.3316498316,True,True,True,True,True
7,3,long,2022-01-17,AVAXUSDT,86.653,52.775,53.27651848,0.3233333333,0.3299832496,True,True,True,True,True
7,3,long,2022-01-17,DOTUSDT,25.669,15.805,15.83388923,0.3233333333,0.3301346801,True,True,True,True,True
7,3,long,2022-01-17,ETHUSDT,3208.61,2151,2159.883242,0.3233333333,0.3306559572,True,True,False,False,True
7,3,long,2022-01-17,FTMUSDT,2.922,1.7574,1.77732391,0.3233333333,0.3286195286,True,True,True,True,True
7,3,long,2022-01-17,GALAUSDT,0.30429,0.15374,0.15554108,0.3233333333,0.3273809524,True,True,True,True,True
7,3,long,2022-01-17,LINKUSDT,23.771,13.481,13.48862592,0.3233333333,0.3316498316,True,True,True,True,True
7,3,long,2022-01-17,MANAUSDT,2.9012,1.705,1.71948074,0.3233333333,0.3273809524,True,True,True,True,True
7,3,long,2022-01-17,MATICUSDT,2.2173,1.305,1.3063,0.3233333333,,True,True,False,False,False
7,3,long,2022-01-17,NEARUSDT,17.6768,9.504,9.51293073,0.3233333333,0.3265993266,True,True,True,True,True
7,3,long,2022-01-17,SANDUSDT,4.6008,2.555,2.57586165,0.3233333333,0.3273809524,True,True,True,True,True
7,3,long,2022-01-17,SOLUSDT,139.74,80.7,80.88101386,0.3233333333,0.3299832496,True,True,True,True,True
7,3,long,2022-01-17,SUSHIUSDT,6.428,3.787,3.7997289,0.3233333333,0.3273809524,True,True,True,True,True
7,3,long,2022-01-18,1000SHIBUSDT,0.028054,0.017,0.01720986,0.3233333333,0.3289716491,True,True,True,True,True
7,3,long,2022-01-18,ADAUSDT,1.4577,0.9134,0.92135048,0.3233333333,0.3316498316,True,True,True,True,True
7,3,long,2022-01-18,AVAXUSDT,85.985,52.775,53.27651848,0.3233333333,0.3299832496,True,True,True,True,True
7,3,long,2022-01-18,DOTUSDT,25.116,15.805,15.83388923,0.3233333333,0.3301346801,True,True,True,True,True
7,3,long,2022-01-18,FTMUSDT,2.9518,1.7574,1.77732391,0.3233333333,0.3286195286,True,True,True,True,True
7,3,long,2022-01-18,GALAUSDT,0.29991,0.15374,0.15554108,0.3233333333,0.3273809524,True,True,True,True,True
7,3,long,2022-01-18,LINKUSDT,22.951,13.481,13.48862592,0.3233333333,0.3316498316,True,True,True,True,True
7,3,long,2022-01-18,LUNAUSDT,80.65,53.65,54.12745155,0.3233333333,,True,True,False,False,False
7,3,long,2022-01-18,MANAUSDT,2.8546,1.705,1.71948074,0.3233333333,0.3273809524,True,True,True,True,True
7,3,long,2022-01-18,MATICUSDT,2.1199,1.305,1.3063,0.3233333333,,True,True,False,False,False
7,3,long,2022-01-18,NEARUSDT,17.6899,9.504,9.51293073,0.3233333333,0.3265993266,True,True,True,True,True
7,3,long,2022-01-18,SANDUSDT,4.4642,2.555,2.57586165,0.3233333333,0.3273809524,True,True,True,True,True
7,3,long,2022-01-18,SOLUSDT,141.19,80.7,80.88101386,0.3233333333,0.3299832496,True,True,True,True,True
7,3,long,2022-01-18,SUSHIUSDT,6.203,3.787,3.7997289,0.3233333333,0.3273809524,True,True,True,True,True
7,3,long,2022-01-19,1000SHIBUSDT,0.02725,0.017,0.01720986,0.3233333333,0.3289716491,True,True,True,True,True
7,3,long,2022-01-19,AVAXUSDT,82.543,52.775,53.27651848,0.3233333333,0.3299832496,True,True,True,True,True
7,3,long,2022-01-19,DOTUSDT,24.05,15.805,15.83388923,0.3233333333,0.3301346801,True,True,True,True,True
7,3,long,2022-01-19,FTMUSDT,2.7671,1.7574,1.77732391,0.3233333333,0.3286195286,True,True,True,True,True
7,3,long,2022-01-19,GALAUSDT,0.27785,0.15374,0.15554108,0.3233333333,0.3273809524,True,True,True,True,True
7,3,long,2022-01-19,LINKUSDT,21.541,13.481,13.48862592,0.3233333333,0.3316498316,True,True,True,True,True
7,3,long,2022-01-19,LUNAUSDT,81.033,53.65,54.12745155,0.3233333333,,True,True,False,False,False
7,3,long,2022-01-19,MANAUSDT,2.7301,1.705,1.71948074,0.3233333333,0.3273809524,True,True,True,True,True
7,3,long,2022-01-19,MATICUSDT,2.0294,1.305,1.3063,0.3233333333,,True,True,False,False,False
7,3,long,2022-01-19,NEARUSDT,16.2053,9.504,9.51293073,0.3233333333,0.3265993266,True,True,True,True,True
7,3,long,2022-01-19,SANDUSDT,4.2158,2.555,2.57586165,0.3233333333,0.3273809524,True,True,True,True,True
7,3,long,2022-01-19,SOLUSDT,135.21,80.7,80.88101386,0.3233333333,0.3299832496,True,True,True,True,True
7,3,long,2022-01-19,SUSHIUSDT,6.04,3.787,3.7997289,0.3233333333,0.3273809524,True,True,True,True,True
7,3,long,2022-01-20,1000SHIBUSDT,0.026425,0.017,0.01720986,0.3233333333,0.3289716491,True,True,True,True,True
7,3,long,2022-01-20,AVAXUSDT,79.213,52.775,53.27651848,0.3233333333,0.3299832496,True,True,True,False,True
7,3,long,2022-01-20,FTMUSDT,2.6867,1.7574,1.77732391,0.3233333333,0.3286195286,True,True,True,True,True
7,3,long,2022-01-20,GALAUSDT,0.26131,0.15374,0.15554108,0.3233333333,0.3273809524,True,True,True,True,True
7,3,long,2022-01-20,LINKUSDT,20.164,13.481,13.48862592,0.3233333333,0.3316498316,True,True,False,False,True
7,3,long,2022-01-20,LUNAUSDT,77.261,50.2,50.61131673,0.3233333333,,True,True,False,False,False
7,3,long,2022-01-20,MANAUSDT,2.6304,1.705,1.71948074,0.3233333333,0.3273809524,True,True,True,True,True
7,3,long,2022-01-20,MATICUSDT,1.9582,1.305,1.3063,0.3233333333,,True,True,False,False,False
7,3,long,2022-01-20,NEARUSDT,15.24,9.504,9.51293073,0.3233333333,0.3265993266,True,True,True,True,True
7,3,long,2022-01-20,SANDUSDT,3.9356,2.555,2.57586165,0.3233333333,0.3273809524,True,True,True,True,True
7,3,long,2022-01-20,SOLUSDT,127.45,80.7,80.88101386,0.3233333333,0.3299832496,True,True,True,True,True
7,3,long,2022-01-20,SUSHIUSDT,5.805,3.787,3.7997289,0.3233333333,0.3273809524,True,True,True,True,True
7,3,long,2022-01-23,LUNAUSDT,69.689,45.5,45.51320308,0.3233333333,,True,True,False,False,False
7,3,long,2022-01-24,LUNAUSDT,65.973,43.38,43.42823693,0.3233333333,,True,True,False,False,False
7,3,long,2022-02-15,GALAUSDT,0.35606,0.21445,0.2147661,0.3233333333,0.3273809524,True,True,True,True,True
7,3,long,2022-02-15,ONEUSDT,0.19482,0.129,0.12902324,0.3233333333,0.3239316239,True,True,True,True,True
7,3,long,2022-02-15,SANDUSDT,4.414,2.8141,2.81587715,0.3233333333,0.3273809524,True,True,True,True,True
7,3,long,2022-02-16,GALAUSDT,0.33182,0.21445,0.2147661,0.3233333333,0.3273809524,True,True,True,True,True
7,3,long,2022-02-16,SANDUSDT,4.1707,2.8141,2.81587715,0.3233333333,0.3273809524,True,True,False,False,True
7,3,long,2022-02-17,GALAUSDT,0.30163,0.19203,0.19227072,0.3233333333,0.3273809524,True,True,True,True,True
7,3,long,2022-02-17,ONEUSDT,0.17366,0.1094,0.10960906,0.3233333333,0.3239316239,True,True,True,True,True
7,3,long,2022-02-18,GALAUSDT,0.28957,0.19203,0.19227072,0.3233333333,0.3273809524,True,True,True,True,True
7,3,long,2022-02-18,ONEUSDT,0.16734,0.1094,0.10960906,0.3233333333,0.3239316239,True,True,True,True,True
7,3,long,2022-03-02,FTMUSDT,2.0144,1.29,1.29071291,0.3233333333,0.3286195286,True,True,True,True,True
7,3,long,2022-03-03,FTMUSDT,1.87,1.2205,1.22119414,0.3233333333,0.3286195286,True,True,True,True,True
7,3,long,2022-04-03,WAVESUSDT,46.813,23,23.015,0.3233333333,0.3213675214,True,True,True,True,True
7,3,long,2022-04-04,WAVESUSDT,34.69,21.2,21.20982228,0.3233333333,0.3213675214,True,True,True,True,True
7,3,long,2022-04-07,WAVESUSDT,30.282,20.31,20.32502282,0.3233333333,0.3213675214,True,True,True,True,True
7,3,long,2022-04-23,AXSUSDT,45.09,26.2,26.74990013,0.3233333333,0.3273809524,True,True,True,True,True
7,3,long,2022-04-23,FTMUSDT,1.0913,0.65,0.65444043,0.3233333333,0.3286195286,True,True,True,True,True
7,3,long,2022-04-23,GALAUSDT,0.18771,0.11962,0.12204453,0.3233333333,0.3273809524,True,True,True,True,True
7,3,long,2022-04-23,NEARUSDT,15.319,10.05,10.114,0.3233333333,0.3265993266,True,True,True,True,True
7,3,long,2022-04-23,SANDUSDT,2.6934,1.8192,1.84341387,0.3233333333,0.3273809524,True,False,False,False,True
7,3,long,2022-04-23,WAVESUSDT,18.458,12.246,12.35088906,0.3233333333,0.3213675214,True,True,True,True,True
7,3,long,2022-04-23,ZILUSDT,0.11052,0.06881,0.0693792,0.3233333333,0.3273809524,True,True,True,True,True
7,3,long,2022-04-24,AXSUSDT,44.31,26.2,26.74990013,0.3233333333,0.3273809524,True,True,True,True,True
7,3,long,2022-04-24,FTMUSDT,1.0703,0.65,0.65434353,0.3233333333,0.3286195286,True,True,True,True,True
7,3,long,2022-04-24,GALAUSDT,0.18657,0.11962,0.12204453,0.3233333333,0.3273809524,True,True,True,True,True
7,3,long,2022-04-24,NEARUSDT,15.005,10.05,10.114,0.3233333333,0.3265993266,True,True,True,False,True
7,3,long,2022-04-24,SANDUSDT,2.7675,1.8192,1.84341387,0.3233333333,0.3273809524,True,True,True,True,True
7,3,long,2022-04-24,ZILUSDT,0.10636,0.06854,0.0685404,0.3233333333,0.3273809524,True,True,True,True,True
7,3,long,2022-04-25,AXSUSDT,42.87,26.2,26.74990013,0.3233333333,0.3273809524,True,True,True,True,True
7,3,long,2022-04-25,FTMUSDT,1.0727,0.65,0.65434353,0.3233333333,0.3286195286,True,True,True,True,True
7,3,long,2022-04-25,GALAUSDT,0.18222,0.11962,0.12204453,0.3233333333,0.3273809524,True,True,True,True,True
7,3,long,2022-04-25,SANDUSDT,2.7168,1.8192,1.84341387,0.3233333333,0.3273809524,True,False,True,False,True
7,3,long,2022-04-25,ZILUSDT,0.10342,0.06706,0.06717361,0.3233333333,0.3273809524,True,True,True,True,True
7,3,long,2022-04-26,FTMUSDT,0.9693,0.65,0.65434353,0.3233333333,0.3286195286,True,True,True,False,True
7,3,long,2022-04-27,AXSUSDT,38.75,26.2,26.74990013,0.3233333333,0.3273809524,True,False,False,False,True
7,3,long,2022-04-27,FTMUSDT,0.9873,0.65,0.65434353,0.3233333333,0.3286195286,True,True,True,True,True
7,3,long,2022-04-28,FTMUSDT,0.9698,0.65,0.65434353,0.3233333333,0.3286195286,True,True,True,False,True
7,3,long,2022-05-01,KNCUSDT,4.522,2.275,2.27814654,0.3233333333,0.3239316239,True,True,True,True,True
7,3,long,2022-05-02,1000SHIBUSDT,0.020669,0.013645,0.01375697,0.3233333333,0.3289716491,True,True,True,True,True
7,3,long,2022-05-02,APEUSDT,15.041,7.9,7.92171323,0.3233333333,0.3239316239,True,True,True,True,True
7,3,long,2022-05-02,GMTUSDT,3.2438,1.7308,1.74674636,0.3233333333,0.3298245614,True,True,True,True,True
7,3,long,2022-05-02,KNCUSDT,4.1,2.019,2.02824079,0.3233333333,0.3239316239,True,True,True,True,True
7,3,long,2022-05-02,LUNAUSDT,84.218,29.641,29.86472504,0.3233333333,,True,True,False,False,False
7,3,long,2022-05-02,MTLUSDT,2.0659,1.3322,1.33634166,0.3233333333,0.3298245614,True,True,True,True,True
7,3,long,2022-05-03,1000SHIBUSDT,0.020302,0.013503,0.01354198,0.3233333333,0.3289716491,True,True,True,True,True
7,3,long,2022-05-03,APEUSDT,14.152,7.771,7.80329253,0.3233333333,0.3239316239,True,True,True,True,True
7,3,long,2022-05-03,AVAXUSDT,59.58,39.9,40.01837837,0.3233333333,0.3299832496,True,True,True,False,True
7,3,long,2022-05-03,GMTUSDT,3.2472,1.611,1.62271181,0.3233333333,0.3298245614,True,True,True,True,True
7,3,long,2022-05-03,KNCUSDT,3.48,1.889,1.891,0.3233333333,0.3239316239,True,True,True,True,True
7,3,long,2022-05-03,LUNAUSDT,82.466,13.22,13.301,0.3233333333,,True,True,False,False,False
7,3,long,2022-05-03,MTLUSDT,1.9208,1.2932,1.2970083,0.3233333333,0.3298245614,True,True,False,False,True
7,3,long,2022-05-04,1000SHIBUSDT,0.021779,0.01101,0.01102022,0.3233333333,0.3289716491,True,True,True,True,True
7,3,long,2022-05-04,ADAUSDT,0.8983,0.4721,0.4724,0.3233333333,0.3316498316,True,True,True,True,True
7,3,long,2022-05-04,APEUSDT,15.554,5.136,5.167,0.3233333333,0.3239316239,True,True,True,True,True
7,3,long,2022-05-04,AVAXUSDT,67.24,26,26.46,0.3233333333,0.3299832496,True,True,True,True,True
7,3,long,2022-05-04,BNBUSDT,402.29,260.04,260.5135721,0.3233333333,0.3303152247,True,True,True,True,True
7,3,long,2022-05-04,DOGEUSDT,0.13591,0.07038,0.07173539,0.3233333333,0.3289716491,True,True,True,True,True
7,3,long,2022-05-04,DOTUSDT,16.318,7.888,8.09686328,0.3233333333,0.3301346801,True,True,True,True,True
7,3,long,2022-05-04,ETCUSDT,30.623,18.578,18.66272857,0.3233333333,0.3316498316,True,True,True,True,True
7,3,long,2022-05-04,FTMUSDT,0.8614,0.2686,0.27427285,0.3233333333,0.3286195286,True,True,True,True,True
7,3,long,2022-05-04,GMTUSDT,3.3395,1.0881,1.10703796,0.3233333333,0.3298245614,True,True,True,True,True
7,3,long,2022-05-04,KNCUSDT,3.731,1.333,1.333,0.3233333333,0.3239316239,True,True,True,True,True
7,3,long,2022-05-04,LUNAUSDT,86.164,0.4761,0.52890073,0.3233333333,,True,True,False,False,False
7,3,long,2022-05-04,MTLUSDT,2.0728,0.9084,0.91220896,0.3233333333,0.3298245614,True,True,True,True,True
7,3,long,2022-05-04,NEARUSDT,12.97,5.188,5.36369112,0.3233333333,0.3265993266,True,True,True,True,True
7,3,long,2022-05-04,SOLUSDT,92.7,43.06,43.21028348,0.3233333333,0.3299832496,True,True,True,True,True
7,3,long,2022-05-04,WAVESUSDT,15.452,6.465,6.77345097,0.3233333333,0.3213675214,True,True,True,True,True
7,3,long,2022-05-04,XRPUSDT,0.6457,0.3641,0.36470903,0.3233333333,0.3299832496,True,True,True,True,True
7,3,long,2022-05-04,ZILUSDT,0.09397,0.04865,0.04870319,0.3233333333,0.3273809524,True,True,True,True,True
7,3,long,2022-05-05,1000SHIBUSDT,0.020257,0.00904,0.00907921,0.3233333333,0.3289716491,True,True,True,True,True
7,3,long,2022-05-05,ADAUSDT,0.7877,0.4009,0.40212521,0.3233333333,0.3316498316,True,True,True,True,True
7,3,long,2022-05-05,APEUSDT,13.687,5.136,5.167,0.3233333333,0.3239316239,True,True,True,True,True
7,3,long,2022-05-05,AVAXUSDT,58.99,23.35,23.46916288,0.3233333333,0.3299832496,True,True,True,True,True
7,3,long,2022-05-05,BNBUSDT,378.06,216.39,218.2094596,0.3233333333,0.3303152247,True,True,True,True,True
7,3,long,2022-05-05,DOGEUSDT,0.12804,0.0684,0.06880404,0.3233333333,0.3289716491,True,True,True,True,True
7,3,long,2022-05-05,DOTUSDT,14.569,7.243,7.30895049,0.3233333333,0.3301346801,True,True,True,True,True
7,3,long,2022-05-05,ETCUSDT,28.292,15.951,16.03641091,0.3233333333,0.3316498316,True,True,True,True,True
7,3,long,2022-05-05,ETHUSDT,2746.37,1775.43,1788.11993,0.3233333333,0.3306559572,True,True,True,True,True
7,3,long,2022-05-05,FTMUSDT,0.7414,0.2368,0.2380637,0.3233333333,0.3286195286,True,True,True,True,True
7,3,long,2022-05-05,GMTUSDT,2.7375,0.8076,0.81224736,0.3233333333,0.3298245614,True,True,True,True,True
7,3,long,2022-05-05,KNCUSDT,3.028,1.1,1.10908226,0.3233333333,0.3239316239,True,True,True,True,True
7,3,long,2022-05-05,LUNAUSDT,82.283,0.0031,0.00028998,0.3233333333,,True,True,False,False,False
7,3,long,2022-05-05,MTLUSDT,1.9101,0.7366,0.74026454,0.3233333333,0.3298245614,True,True,True,True,True
7,3,long,2022-05-05,NEARUSDT,11.207,5.188,5.25748487,0.3233333333,0.3265993266,True,True,True,True,True
7,3,long,2022-05-05,SOLUSDT,84.48,37.1,37.42628174,0.3233333333,0.3299832496,True,True,True,True,True
7,3,long,2022-05-05,WAVESUSDT,13.69,5.803,5.809,0.3233333333,0.3213675214,True,True,True,True,True
7,3,long,2022-05-05,XRPUSDT,0.5976,0.3355,0.33631849,0.3233333333,0.3299832496,True,True,True,True,True
7,3,long,2022-05-05,ZILUSDT,0.0785,0.03995,0.04012461,0.3233333333,0.3273809524,True,True,True,True,True
7,3,long,2022-05-06,1000SHIBUSDT,0.020008,0.00904,0.00907921,0.3233333333,0.3289716491,True,True,True,True,True
7,3,long,2022-05-06,ADAUSDT,0.7829,0.4009,0.40212521,0.3233333333,0.3316498316,True,True,True,True,True
7,3,long,2022-05-06,APEUSDT,13.258,5.136,5.167,0.3233333333,0.3239316239,True,True,True,True,True
7,3,long,2022-05-06,AVAXUSDT,56.95,23.35,23.46916288,0.3233333333,0.3299832496,True,True,True,True,True
7,3,long,2022-05-06,BNBUSDT,378.89,216.39,218.2094596,0.3233333333,0.3303152247,True,True,True,True,True
7,3,long,2022-05-06,DOGEUSDT,0.1277,0.0684,0.06880404,0.3233333333,0.3289716491,True,True,True,True,True
7,3,long,2022-05-06,DOTUSDT,14.319,7.243,7.30895049,0.3233333333,0.3301346801,True,True,True,True,True
7,3,long,2022-05-06,ETCUSDT,27.936,15.951,16.03641091,0.3233333333,0.3316498316,True,True,True,True,True
7,3,long,2022-05-06,ETHUSDT,2691.59,1775.43,1788.11993,0.3233333333,0.3306559572,True,True,True,True,True
7,3,long,2022-05-06,FTMUSDT,0.7237,0.2368,0.2380637,0.3233333333,0.3286195286,True,True,True,True,True
7,3,long,2022-05-06,GMTUSDT,2.5187,0.8076,0.81224736,0.3233333333,0.3298245614,True,True,True,True,True
7,3,long,2022-05-06,KNCUSDT,3.029,1.1,1.10908226,0.3233333333,0.3239316239,True,True,True,True,True
7,3,long,2022-05-06,LUNAUSDT,77.243,0.0031,4.244e-05,0.3233333333,,True,True,False,False,False
7,3,long,2022-05-06,MTLUSDT,1.8374,0.7366,0.74026454,0.3233333333,0.3298245614,True,True,True,True,True
7,3,long,2022-05-06,NEARUSDT,10.772,5.188,5.25748487,0.3233333333,0.3265993266,True,True,True,True,True
7,3,long,2022-05-06,SOLUSDT,81.63,37.1,37.42628174,0.3233333333,0.3299832496,True,True,True,True,True
7,3,long,2022-05-06,WAVESUSDT,14.095,5.803,5.809,0.3233333333,0.3213675214,True,True,True,True,True
7,3,long,2022-05-06,XRPUSDT,0.6019,0.3355,0.33631849,0.3233333333,0.3299832496,True,True,True,True,True
7,3,long,2022-05-06,ZILUSDT,0.08147,0.03995,0.04012461,0.3233333333,0.3273809524,True,True,True,True,True
7,3,long,2022-05-07,1000SHIBUSDT,0.019261,0.00904,0.00907921,0.3233333333,0.3289716491,True,True,True,True,True
7,3,long,2022-05-07,ADAUSDT,0.7599,0.4009,0.40212521,0.3233333333,0.3316498316,True,True,True,True,True
7,3,long,2022-05-07,APEUSDT,12.35,5.136,5.167,0.3233333333,0.3239316239,True,True,True,True,True
7,3,long,2022-05-07,AVAXUSDT,55.02,23.35,23.46916288,0.3233333333,0.3299832496,True,True,True,True,True
7,3,long,2022-05-07,BNBUSDT,365.3,216.39,218.2094596,0.3233333333,0.3303152247,True,True,True,True,True
7,3,long,2022-05-07,DOGEUSDT,0.1274,0.0684,0.06880404,0.3233333333,0.3289716491,True,True,True,True,True
7,3,long,2022-05-07,DOTUSDT,13.737,7.243,7.30895049,0.3233333333,0.3301346801,True,True,True,True,True
7,3,long,2022-05-07,ETCUSDT,26.825,15.951,16.03641091,0.3233333333,0.3316498316,True,True,True,True,True
7,3,long,2022-05-07,ETHUSDT,2634.82,1775.43,1788.11993,0.3233333333,0.3306559572,True,False,False,False,True
7,3,long,2022-05-07,FTMUSDT,0.6832,0.2368,0.2380637,0.3233333333,0.3286195286,True,True,True,True,True
7,3,long,2022-05-07,GMTUSDT,2.5617,0.8076,0.81224736,0.3233333333,0.3298245614,True,True,True,True,True
7,3,long,2022-05-07,KNCUSDT,2.616,1.1,1.10908226,0.3233333333,0.3239316239,True,True,True,True,True
7,3,long,2022-05-07,MTLUSDT,1.7333,0.7366,0.74026454,0.3233333333,0.3298245614,True,True,True,True,True
7,3,long,2022-05-07,NEARUSDT,10.427,5.188,5.25748487,0.3233333333,0.3265993266,True,True,True,True,True
7,3,long,2022-05-07,SOLUSDT,78.8,37.1,37.42628174,0.3233333333,0.3299832496,True,True,True,True,True
7,3,long,2022-05-07,WAVESUSDT,13.164,5.803,5.809,0.3233333333,0.3213675214,True,True,True,True,True
7,3,long,2022-05-07,XRPUSDT,0.5804,0.3355,0.33631849,0.3233333333,0.3299832496,True,True,True,True,True
7,3,long,2022-05-07,ZILUSDT,0.07615,0.03995,0.04012461,0.3233333333,0.3273809524,True,True,True,True,True
7,3,long,2022-05-08,1000SHIBUSDT,0.018426,0.00904,0.00907921,0.3233333333,0.3289716491,True,True,True,True,True
7,3,long,2022-05-08,ADAUSDT,0.7399,0.4009,0.40212521,0.3233333333,0.3316498316,True,True,True,True,True
7,3,long,2022-05-08,APEUSDT,11.232,5.136,5.167,0.3233333333,0.3239316239,True,True,True,True,True
7,3,long,2022-05-08,AVAXUSDT,51.59,23.35,23.46916288,0.3233333333,0.3299832496,True,True,True,True,True
7,3,long,2022-05-08,BNBUSDT,355.73,216.39,218.2094596,0.3233333333,0.3303152247,True,True,True,True,True
7,3,long,2022-05-08,DOGEUSDT,0.12405,0.0684,0.06880404,0.3233333333,0.3289716491,True,True,True,True,True
7,3,long,2022-05-08,DOTUSDT,13.246,7.243,7.30895049,0.3233333333,0.3301346801,True,True,True,True,True
7,3,long,2022-05-08,ETCUSDT,26.504,15.951,16.03641091,0.3233333333,0.3316498316,True,True,True,True,True
7,3,long,2022-05-08,FTMUSDT,0.6766,0.2368,0.2380637,0.3233333333,0.3286195286,True,True,True,True,True
7,3,long,2022-05-08,GMTUSDT,2.7183,0.8076,0.81224736,0.3233333333,0.3298245614,True,True,True,True,True
7,3,long,2022-05-08,KNCUSDT,2.395,1.1,1.10908226,0.3233333333,0.3239316239,True,True,True,True,True
7,3,long,2022-05-08,MTLUSDT,1.6447,0.7366,0.74026454,0.3233333333,0.3298245614,True,True,True,True,True
7,3,long,2022-05-08,NEARUSDT,11.133,5.188,5.25748487,0.3233333333,0.3265993266,True,True,True,True,True
7,3,long,2022-05-08,SOLUSDT,75.34,37.1,37.42628174,0.3233333333,0.3299832496,True,True,True,True,True
7,3,long,2022-05-08,WAVESUSDT,12.894,5.803,5.809,0.3233333333,0.3213675214,True,True,True,True,True
7,3,long,2022-05-08,XRPUSDT,0.5659,0.3355,0.33631849,0.3233333333,0.3299832496,True,True,True,True,True
7,3,long,2022-05-08,ZILUSDT,0.07714,0.03995,0.04012461,0.3233333333,0.3273809524,True,True,True,True,True
7,3,long,2022-05-09,1000SHIBUSDT,0.01396,0.00904,0.00907921,0.3233333333,0.3289716491,True,True,True,True,True
7,3,long,2022-05-09,ADAUSDT,0.6012,0.4009,0.40212521,0.3233333333,0.3316498316,True,True,True,False,True
7,3,long,2022-05-09,APEUSDT,7.985,5.136,5.167,0.3233333333,0.3239316239,True,True,True,True,True
7,3,long,2022-05-09,AVAXUSDT,41.17,23.35,23.46916288,0.3233333333,0.3299832496,True,True,True,True,True
7,3,long,2022-05-09,DOGEUSDT,0.10168,0.0684,0.06880404,0.3233333333,0.3289716491,True,False,False,False,True
7,3,long,2022-05-09,FTMUSDT,0.5402,0.2368,0.2380637,0.3233333333,0.3286195286,True,True,True,True,True
7,3,long,2022-05-09,GMTUSDT,1.7649,0.8076,0.81224736,0.3233333333,0.3298245614,True,True,True,True,True
7,3,long,2022-05-09,KNCUSDT,2.048,1.1,1.10908226,0.3233333333,0.3239316239,True,True,True,True,True
7,3,long,2022-05-09,MTLUSDT,1.3435,0.7366,0.74026454,0.3233333333,0.3298245614,True,True,True,True,True
7,3,long,2022-05-09,NEARUSDT,9.383,5.188,5.25748487,0.3233333333,0.3265993266,True,True,True,True,True
7,3,long,2022-05-09,SOLUSDT,62.08,37.1,37.42628174,0.3233333333,0.3299832496,True,True,True,True,True
7,3,long,2022-05-09,WAVESUSDT,12.109,5.803,5.809,0.3233333333,0.3213675214,True,True,True,True,True
7,3,long,2022-05-09,ZILUSDT,0.06245,0.03995,0.04012461,0.3233333333,0.3273809524,True,True,True,True,True
7,3,long,2022-05-10,1000SHIBUSDT,0.016159,0.00904,0.00907921,0.3233333333,0.3289716491,True,True,True,True,True
7,3,long,2022-05-10,ADAUSDT,0.6281,0.4009,0.40212521,0.3233333333,0.3316498316,True,True,True,True,True
7,3,long,2022-05-10,APEUSDT,9.023,5.136,5.167,0.3233333333,0.3239316239,True,True,True,True,True
7,3,long,2022-05-10,AVAXUSDT,44.53,23.35,23.46916288,0.3233333333,0.3299832496,True,True,True,True,True
7,3,long,2022-05-10,DOGEUSDT,0.10798,0.0684,0.06880404,0.3233333333,0.3289716491,True,True,True,True,True
7,3,long,2022-05-10,DOTUSDT,11.34,7.243,7.30895049,0.3233333333,0.3301346801,True,True,True,True,True
7,3,long,2022-05-10,ETCUSDT,23.868,15.951,16.03641091,0.3233333333,0.3316498316,True,True,True,False,True
7,3,long,2022-05-10,FTMUSDT,0.5331,0.2368,0.2380637,0.3233333333,0.3286195286,True,True,True,True,True
7,3,long,2022-05-10,GMTUSDT,1.7994,0.8076,0.81224736,0.3233333333,0.3298245614,True,True,True,True,True
7,3,long,2022-05-10,KNCUSDT,1.987,1.1,1.10908226,0.3233333333,0.3239316239,True,True,True,True,True
7,3,long,2022-05-10,MTLUSDT,1.3805,0.7366,0.74026454,0.3233333333,0.3298245614,True,True,True,True,True
7,3,long,2022-05-10,NEARUSDT,9.562,5.188,5.25748487,0.3233333333,0.3265993266,True,True,True,True,True
7,3,long,2022-05-10,SOLUSDT,66.83,37.1,37.42628174,0.3233333333,0.3299832496,True,True,True,True,True
7,3,long,2022-05-10,WAVESUSDT,11.875,5.803,5.809,0.3233333333,0.3213675214,True,True,True,True,True
7,3,long,2022-05-10,XRPUSDT,0.5128,0.3355,0.33631849,0.3233333333,0.3299832496,True,True,True,True,True
7,3,long,2022-05-10,ZILUSDT,0.06877,0.03995,0.04012461,0.3233333333,0.3273809524,True,True,True,True,True
7,3,long,2022-05-11,GMTUSDT,1.3137,0.8076,0.81224736,0.3233333333,0.3298245614,True,True,True,True,True
7,3,long,2022-05-19,GMTUSDT,1.4997,0.823,0.82716819,0.3233333333,0.3298245614,True,True,True,True,True
7,3,long,2022-05-20,GMTUSDT,1.341,0.7941,0.80191235,0.3233333333,0.3298245614,True,True,True,True,True
7,3,long,2022-05-20,KNCUSDT,2.594,1.748,1.74934901,0.3233333333,0.3239316239,True,True,True,True,True
7,3,long,2022-05-21,GMTUSDT,1.3552,0.7941,0.80191235,0.3233333333,0.3298245614,True,True,True,True,True
7,3,long,2022-05-22,AVAXUSDT,31.69,21.33,21.35174004,0.3233333333,0.3299832496,True,True,False,False,True
7,3,long,2022-05-22,GMTUSDT,1.4175,0.7941,0.80191235,0.3233333333,0.3298245614,True,True,True,True,True
7,3,long,2022-05-23,GMTUSDT,1.3702,0.7941,0.80191235,0.3233333333,0.3298245614,True,True,True,True,True
7,3,long,2022-05-24,GMTUSDT,1.3991,0.7941,0.80191235,0.3233333333,0.3298245614,True,True,True,True,True
7,3,long,2022-05-25,GMTUSDT,1.3752,0.7941,0.80191235,0.3233333333,0.3298245614,True,True,True,True,True
7,3,long,2022-06-05,APEUSDT,6.095,3.871,3.87566617,0.3233333333,0.3239316239,True,True,True,True,True
7,3,long,2022-06-05,FTMUSDT,0.3517,0.2223,0.2225,0.3233333333,0.3286195286,True,True,True,True,True
7,3,long,2022-06-05,WAVESUSDT,8.093,5.355,5.361,0.3233333333,0.3213675214,True,True,True,True,True
7,3,long,2022-06-06,APEUSDT,6.386,3.206,3.21149974,0.3233333333,0.3239316239,True,True,True,True,True
7,3,long,2022-06-06,AVAXUSDT,25.97,14.56,14.6,0.3233333333,0.3299832496,True,True,True,True,True
7,3,long,2022-06-06,AXSUSDT,20.67,12.17,12.18779925,0.3233333333,0.3273809524,True,True,True,True,True
7,3,long,2022-06-06,DOGEUSDT,0.08245,0.05224,0.05230599,0.3233333333,0.3289716491,True,True,True,True,True
7,3,long,2022-06-06,DOTUSDT,9.495,6.332,6.36392468,0.3233333333,0.3301346801,True,True,True,False,True
7,3,long,2022-06-06,ETHUSDT,1859.11,1162,1168.364046,0.3233333333,0.3306559572,True,True,True,True,True
7,3,long,2022-06-06,FTMUSDT,0.3646,0.1935,0.19426689,0.3233333333,0.3286195286,True,True,True,True,True
7,3,long,2022-06-06,GALAUSDT,0.08796,0.0505,0.05055541,0.3233333333,0.3273809524,True,True,True,True,True
7,3,long,2022-06-06,GMTUSDT,1.0054,0.5329,0.53466852,0.3233333333,0.3298245614,True,True,True,True,True
7,3,long,2022-06-06,KNCUSDT,1.968,1.166,1.1672366,0.3233333333,0.3239316239,True,True,True,True,True
7,3,long,2022-06-06,NEARUSDT,5.48,3.078,3.08609336,0.3233333333,0.3265993266,True,True,True,True,True
7,3,long,2022-06-06,SANDUSDT,1.3464,0.7872,0.78844178,0.3233333333,0.3273809524,True,True,True,True,True
7,3,long,2022-06-06,SOLUSDT,42.35,26,26.05545156,0.3233333333,0.3299832496,True,True,True,True,True
7,3,long,2022-06-06,WAVESUSDT,8.311,4.488,4.49597418,0.3233333333,0.3213675214,True,True,True,True,True
7,3,long,2022-06-06,ZILUSDT,0.05165,0.03088,0.03090909,0.3233333333,0.3273809524,True,True,True,True,True
7,3,long,2022-06-07,APEUSDT,6.028,3.206,3.21149974,0.3233333333,0.3239316239,True,True,True,True,True
7,3,long,2022-06-07,AVAXUSDT,24.58,14.56,14.6,0.3233333333,0.3299832496,True,True,True,True,True
7,3,long,2022-06-07,AXSUSDT,19.67,12.17,12.18779925,0.3233333333,0.3273809524,True,True,True,True,True
7,3,long,2022-06-07,BTCUSDT,31118.1,20823,20830.23168,0.3233333333,0.3306559572,True,True,True,False,True
7,3,long,2022-06-07,DOGEUSDT,0.08031,0.04962,0.04978708,0.3233333333,0.3289716491,True,True,True,True,True
7,3,long,2022-06-07,ETHUSDT,1812.61,1073,1076.210505,0.3233333333,0.3306559572,True,True,True,True,True
7,3,long,2022-06-07,FTMUSDT,0.3507,0.1935,0.19426689,0.3233333333,0.3286195286,True,True,True,True,True
7,3,long,2022-06-07,GALAUSDT,0.07855,0.0505,0.05055541,0.3233333333,0.3273809524,True,True,True,True,True
7,3,long,2022-06-07,GMTUSDT,0.9571,0.5329,0.53466852,0.3233333333,0.3298245614,True,True,True,True,True
7,3,long,2022-06-07,KNCUSDT,1.89,1.108,1.10954308,0.3233333333,0.3239316239,True,True,True,True,True
7,3,long,2022-06-07,NEARUSDT,5.191,3.078,3.08609336,0.3233333333,0.3265993266,True,True,True,True,True
7,3,long,2022-06-07,SANDUSDT,1.3111,0.7757,0.77636911,0.3233333333,0.3273809524,True,True,True,True,True
7,3,long,2022-06-07,SOLUSDT,39.28,25.81,25.85,0.3233333333,0.3299832496,True,True,True,True,True
7,3,long,2022-06-07,TRXUSDT,0.08179,0.05147,0.05161956,0.3233333333,0.3301346801,True,True,True,True,True
7,3,long,2022-06-07,WAVESUSDT,7.746,4.473,4.47769262,0.3233333333,0.3213675214,True,True,True,True,True
7,3,long,2022-06-07,ZILUSDT,0.0496,0.03038,0.03039,0.3233333333,0.3273809524,True,True,True,True,True
7,3,long,2022-06-08,APEUSDT,5.701,3.062,3.06547849,0.3233333333,0.3239316239,True,True,True,True,True
7,3,long,2022-06-08,AVAXUSDT,24.49,14.52,14.53421485,0.3233333333,0.3299832496,True,True,True,True,True
7,3,long,2022-06-08,AXSUSDT,19.46,12.17,12.18779925,0.3233333333,0.3273809524,True,True,True,True,True
7,3,long,2022-06-08,BTCUSDT,30192.5,20100.2,20111.38404,0.3233333333,0.3306559572,True,True,True,True,True
7,3,long,2022-06-08,DOGEUSDT,0.07923,0.04962,0.04978708,0.3233333333,0.3289716491,True,True,True,True,True
7,3,long,2022-06-08,ETHUSDT,1791.02,1012.42,1014.533673,0.3233333333,0.3306559572,True,True,True,True,True
7,3,long,2022-06-08,FTMUSDT,0.3374,0.1935,0.19426689,0.3233333333,0.3286195286,True,True,True,True,True
7,3,long,2022-06-08,GALAUSDT,0.07505,0.0505,0.05055541,0.3233333333,0.3273809524,True,True,False,False,True
7,3,long,2022-06-08,GMTUSDT,0.9672,0.5329,0.53466852,0.3233333333,0.3298245614,True,True,True,True,True
7,3,long,2022-06-08,KNCUSDT,1.867,1.108,1.10954308,0.3233333333,0.3239316239,True,True,True,True,True
7,3,long,2022-06-08,NEARUSDT,5.062,3.032,3.03430605,0.3233333333,0.3265993266,True,True,True,True,True
7,3,long,2022-06-08,SANDUSDT,1.2885,0.7757,0.77636911,0.3233333333,0.3273809524,True,True,True,True,True
7,3,long,2022-06-08,SOLUSDT,38.8,25.81,25.85,0.3233333333,0.3299832496,True,True,True,True,True
7,3,long,2022-06-08,TRXUSDT,0.08057,0.04567,0.04619189,0.3233333333,0.3301346801,True,True,True,True,True
7,3,long,2022-06-08,WAVESUSDT,7.642,4.121,4.12398565,0.3233333333,0.3213675214,True,True,True,True,True
7,3,long,2022-06-08,ZILUSDT,0.04901,0.03008,0.03009108,0.3233333333,0.3273809524,True,True,True,True,True
7,3,long,2022-06-09,APEUSDT,5.721,3.062,3.06547849,0.3233333333,0.3239316239,True,True,True,True,True
7,3,long,2022-06-09,AVAXUSDT,24.41,14.52,14.53421485,0.3233333333,0.3299832496,True,True,True,True,True
7,3,long,2022-06-09,AXSUSDT,19.4,12.17,12.18779925,0.3233333333,0.3273809524,True,True,True,True,True
7,3,long,2022-06-09,BTCUSDT,30093.3,20100.2,20111.38404,0.3233333333,0.3306559572,True,True,True,True,True
7,3,long,2022-06-09,DOGEUSDT,0.07931,0.04962,0.04978708,0.3233333333,0.3289716491,True,True,True,True,True
7,3,long,2022-06-09,ETHUSDT,1788.03,1012.42,1014.533673,0.3233333333,0.3306559572,True,True,True,True,True
7,3,long,2022-06-09,FTMUSDT,0.336,0.1935,0.19426689,0.3233333333,0.3286195286,True,True,True,True,True
7,3,long,2022-06-09,GALAUSDT,0.07605,0.0505,0.05055541,0.3233333333,0.3273809524,True,True,True,True,True
7,3,long,2022-06-09,GMTUSDT,0.9913,0.5329,0.53466852,0.3233333333,0.3298245614,True,True,True,True,True
7,3,long,2022-06-09,KNCUSDT,1.889,1.108,1.10954308,0.3233333333,0.3239316239,True,True,True,True,True
7,3,long,2022-06-09,NEARUSDT,5.08,3.032,3.03430605,0.3233333333,0.3265993266,True,True,True,True,True
7,3,long,2022-06-09,SANDUSDT,1.2882,0.7757,0.77636911,0.3233333333,0.3273809524,True,True,True,True,True
7,3,long,2022-06-09,SOLUSDT,39.95,25.81,25.85,0.3233333333,0.3299832496,True,True,True,True,True
7,3,long,2022-06-09,TRXUSDT,0.08097,0.04567,0.04619189,0.3233333333,0.3301346801,True,True,True,True,True
7,3,long,2022-06-09,WAVESUSDT,7.8,4.121,4.12398565,0.3233333333,0.3213675214,True,True,True,True,True
7,3,long,2022-06-09,ZILUSDT,0.04889,0.03008,0.03009108,0.3233333333,0.3273809524,True,True,True,True,True
7,3,long,2022-06-10,APEUSDT,5.172,3.062,3.06547849,0.3233333333,0.3239316239,True,True,True,True,True
7,3,long,2022-06-10,AVAXUSDT,22.06,14.52,14.53421485,0.3233333333,0.3299832496,True,True,True,True,True
7,3,long,2022-06-10,AXSUSDT,18.01,12.17,12.18779925,0.3233333333,0.3273809524,True,False,False,False,True
7,3,long,2022-06-10,DOGEUSDT,0.07533,0.04962,0.04978708,0.3233333333,0.3289716491,True,True,True,True,True
7,3,long,2022-06-10,ETHUSDT,1661.95,1012.42,1014.533673,0.3233333333,0.3306559572,True,True,True,True,True
7,3,long,2022-06-10,FTMUSDT,0.3075,0.1935,0.19426689,0.3233333333,0.3286195286,True,True,True,True,True
7,3,long,2022-06-10,GMTUSDT,0.9072,0.5329,0.53466852,0.3233333333,0.3298245614,True,True,True,True,True
7,3,long,2022-06-10,KNCUSDT,1.77,1.108,1.10954308,0.3233333333,0.3239316239,True,True,True,True,True
7,3,long,2022-06-10,NEARUSDT,4.49,3.032,3.03430605,0.3233333333,0.3265993266,True,True,False,False,True
7,3,long,2022-06-10,SANDUSDT,1.1967,0.7757,0.77636911,0.3233333333,0.3273809524,True,True,True,True,True
7,3,long,2022-06-10,TRXUSDT,0.07884,0.04567,0.04619189,0.3233333333,0.3301346801,True,True,True,True,True
7,3,long,2022-06-10,WAVESUSDT,6.961,4.121,4.12398565,0.3233333333,0.3213675214,True,True,True,True,True
7,3,long,2022-06-10,ZILUSDT,0.04555,0.03008,0.03009108,0.3233333333,0.3273809524,True,True,True,True,True
7,3,long,2022-06-11,APEUSDT,4.742,3.062,3.06547849,0.3233333333,0.3239316239,True,True,True,True,True
7,3,long,2022-06-11,BTCUSDT,28416.7,17593.2,17621.63316,0.3233333333,0.3306559572,True,True,True,True,True
7,3,long,2022-06-11,ETHUSDT,1532.19,878.04,880.5878274,0.3233333333,0.3306559572,True,True,True,True,True
7,3,long,2022-06-11,GMTUSDT,0.7989,0.5329,0.53466852,0.3233333333,0.3298245614,True,True,True,True,True
7,3,long,2022-06-11,KNCUSDT,1.648,1.108,1.10954308,0.3233333333,0.3239316239,True,True,True,True,True
7,3,long,2022-06-11,TRXUSDT,0.07615,0.04567,0.04619189,0.3233333333,0.3301346801,True,True,True,True,True
7,3,long,2022-06-11,WAVESUSDT,6.378,4.121,4.12398565,0.3233333333,0.3213675214,True,True,True,True,True
7,3,long,2022-06-12,BTCUSDT,26564.7,17593.2,17621.63316,0.3233333333,0.3306559572,True,True,True,True,True
7,3,long,2022-06-12,ETHUSDT,1434.35,878.04,880.5878274,0.3233333333,0.3306559572,True,True,True,True,True
7,3,long,2022-06-12,TRXUSDT,0.07605,0.04567,0.04619189,0.3233333333,0.3301346801,True,True,True,True,True
7,3,long,2022-08-12,DYDXUSDT,2.338,1.552,1.56200524,0.3233333333,0.3273809524,True,True,True,True,True
7,3,long,2022-08-12,OPUSDT,1.649,1.086,1.09983805,0.3233333333,0.3306397306,True,True,True,True,True
7,3,long,2022-08-13,CRVUSDT,1.433,0.967,0.9680794,0.3233333333,0.3301346801,True,True,False,False,True
7,3,long,2022-08-13,DYDXUSDT,2.329,1.541,1.543,0.3233333333,0.3273809524,True,True,True,True,True
7,3,long,2022-08-15,UNFIUSDT,12.652,7.924,7.93,0.3233333333,0.3162393162,True,True,True,True,True
7,3,long,2022-08-16,UNFIUSDT,13.187,7.924,7.93,0.3233333333,0.3162393162,True,True,True,True,True
7,3,long,2022-09-11,OPUSDT,1.4006,0.8892,0.90240369,0.3233333333,0.3306397306,True,True,True,True,True
7,3,long,2022-11-01,1000LUNCUSDT,0.2193,0.132,0.13368501,0.3233333333,0.3273809524,True,True,True,True,True
7,3,long,2022-11-01,DOGEUSDT,0.142,0.07636,0.07753103,0.3233333333,0.3289716491,True,True,True,True,True
7,3,long,2022-11-01,KLAYUSDT,0.2456,0.152,0.1606,0.3233333333,0.3213675214,True,True,True,True,True
7,3,long,2022-11-01,RSRUSDT,0.00626,0.00391,0.00398851,0.3233333333,0.3273809524,True,True,True,True,True
7,3,long,2022-11-01,SOLUSDT,32.18,18.4,18.86287713,0.3233333333,0.3299832496,True,True,True,True,True
7,3,long,2022-11-02,1000LUNCUSDT,0.2129,0.132,0.13368501,0.3233333333,0.3273809524,True,True,True,True,True
7,3,long,2022-11-02,CHZUSDT,0.24006,0.14333,0.14502397,0.3233333333,0.3273809524,True,True,True,True,True
7,3,long,2022-11-02,DOGEUSDT,0.1276,0.07024,0.07054642,0.3233333333,0.3289716491,True,True,True,True,True
7,3,long,2022-11-02,KLAYUSDT,0.2371,0.1482,0.1482,0.3233333333,0.3213675214,True,True,True,True,True
7,3,long,2022-11-02,REEFUSDT,0.005103,0.003243,0.003243,0.3233333333,0.3197278912,True,True,True,True,True
7,3,long,2022-11-02,RSRUSDT,0.006148,0.003712,0.00371819,0.3233333333,0.3273809524,True,True,True,True,True
7,3,long,2022-11-02,SOLUSDT,30.79,9.423,9.91806753,0.3233333333,0.3299832496,True,True,True,True,True
7,3,long,2022-11-02,SUSHIUSDT,1.62,0.986,0.99061372,0.3233333333,0.3273809524,True,True,True,True,True
7,3,long,2022-11-03,1000LUNCUSDT,0.2187,0.132,0.13368501,0.3233333333,0.3273809524,True,True,True,True,True
7,3,long,2022-11-03,CHZUSDT,0.23912,0.14333,0.14502397,0.3233333333,0.3273809524,True,True,True,True,True
7,3,long,2022-11-03,DOGEUSDT,0.1225,0.07024,0.07054642,0.3233333333,0.3289716491,True,True,True,True,True
7,3,long,2022-11-03,GMTUSDT,0.4974,0.3308,0.3311,0.3233333333,0.3298245614,True,True,True,True,True
7,3,long,2022-11-03,KLAYUSDT,0.2337,0.148,0.1482,0.3233333333,0.3213675214,True,True,True,True,True
7,3,long,2022-11-03,REEFUSDT,0.005136,0.003038,0.00304036,0.3233333333,0.3197278912,True,True,True,True,True
7,3,long,2022-11-03,RSRUSDT,0.006821,0.003712,0.00371819,0.3233333333,0.3273809524,True,True,True,True,True
7,3,long,2022-11-03,SOLUSDT,30.83,9.423,9.91806753,0.3233333333,0.3299832496,True,True,True,True,True
7,3,long,2022-11-03,SUSHIUSDT,1.741,0.986,0.99061372,0.3233333333,0.3273809524,True,True,True,True,True
7,3,long,2022-11-04,1000LUNCUSDT,0.2588,0.132,0.13368501,0.3233333333,0.3273809524,True,True,True,True,True
7,3,long,2022-11-04,1000SHIBUSDT,0.012511,0.008263,0.00828146,0.3233333333,0.3289716491,True,True,True,True,True
7,3,long,2022-11-04,ATOMUSDT,15.022,9.359,9.37429075,0.3233333333,0.3306397306,True,True,True,True,True
7,3,long,2022-11-04,CHZUSDT,0.2565,0.14333,0.14502397,0.3233333333,0.3273809524,True,True,True,True,True
7,3,long,2022-11-04,DOGEUSDT,0.12603,0.07024,0.07054642,0.3233333333,0.3289716491,True,True,True,True,True
7,3,long,2022-11-04,EOSUSDT,1.195,0.783,0.78674014,0.3233333333,,True,True,False,False,False
7,3,long,2022-11-04,ETHUSDT,1644.09,1071.14,1073.416226,0.3233333333,0.3306559572,True,True,True,True,True
7,3,long,2022-11-04,GMTUSDT,0.5366,0.3308,0.3311,0.3233333333,0.3298245614,True,True,True,True,True
7,3,long,2022-11-04,KLAYUSDT,0.239,0.148,0.1482,0.3233333333,0.3213675214,True,True,True,True,True
7,3,long,2022-11-04,LINKUSDT,8.712,5.753,5.77825944,0.3233333333,0.3316498316,True,True,True,True,True
7,3,long,2022-11-04,MATICUSDT,1.1686,0.761,0.76280179,0.3233333333,,True,True,False,False,False
7,3,long,2022-11-04,REEFUSDT,0.005341,0.003038,0.00304036,0.3233333333,0.3197278912,True,True,True,True,True
7,3,long,2022-11-04,RSRUSDT,0.00746,0.003712,0.00371819,0.3233333333,0.3273809524,True,True,True,True,True
7,3,long,2022-11-04,SOLUSDT,33.72,9.423,9.91806753,0.3233333333,0.3299832496,True,True,True,True,True
7,3,long,2022-11-04,SUSHIUSDT,1.979,0.986,0.99061372,0.3233333333,0.3273809524,True,True,True,True,True
7,3,long,2022-11-04,XRPUSDT,0.506,0.311,0.31617717,0.3233333333,0.3299832496,True,True,True,True,True
7,3,long,2022-11-05,1000LUNCUSDT,0.2458,0.132,0.13368501,0.3233333333,0.3273809524,True,True,True,True,True
7,3,long,2022-11-05,1000SHIBUSDT,0.01245,0.008263,0.00828146,0.3233333333,0.3289716491,True,True,True,True,True
7,3,long,2022-11-05,ATOMUSDT,15.375,9.359,9.37429075,0.3233333333,0.3306397306,True,True,True,True,True
7,3,long,2022-11-05,CHZUSDT,0.26865,0.14333,0.14502397,0.3233333333,0.3273809524,True,True,True,True,True
7,3,long,2022-11-05,DOGEUSDT,0.12438,0.07024,0.07054642,0.3233333333,0.3289716491,True,True,True,True,True
7,3,long,2022-11-05,EOSUSDT,1.167,0.783,0.78674014,0.3233333333,,True,True,False,False,False
7,3,long,2022-11-05,ETCUSDT,26.502,17.7,17.72734354,0.3233333333,0.3316498316,True,True,True,False,True
7,3,long,2022-11-05,ETHUSDT,1626.11,1071.14,1073.416226,0.3233333333,0.3306559572,True,True,True,True,True
7,3,long,2022-11-05,GMTUSDT,0.5687,0.3308,0.3311,0.3233333333,0.3298245614,True,True,True,True,True
7,3,long,2022-11-05,KLAYUSDT,0.2318,0.148,0.1482,0.3233333333,0.3213675214,True,True,True,True,True
7,3,long,2022-11-05,LINKUSDT,8.661,5.753,5.77825944,0.3233333333,0.3316498316,True,True,True,True,True
7,3,long,2022-11-05,MATICUSDT,1.1845,0.761,0.76280179,0.3233333333,,True,True,False,False,False
7,3,long,2022-11-05,REEFUSDT,0.005252,0.003038,0.00304036,0.3233333333,0.3197278912,True,True,True,True,True
7,3,long,2022-11-05,RSRUSDT,0.007139,0.003712,0.00371819,0.3233333333,0.3273809524,True,True,True,True,True
7,3,long,2022-11-05,SOLUSDT,36.89,9.423,9.91806753,0.3233333333,0.3299832496,True,True,True,True,True
7,3,long,2022-11-05,SUSHIUSDT,1.819,0.986,0.99061372,0.3233333333,0.3273809524,True,True,True,True,True
7,3,long,2022-11-05,XRPUSDT,0.4929,0.311,0.31617717,0.3233333333,0.3299832496,True,True,True,True,True
7,3,long,2022-11-06,1000LUNCUSDT,0.2315,0.132,0.13368501,0.3233333333,0.3273809524,True,True,True,True,True
7,3,long,2022-11-06,ATOMUSDT,14.433,9.359,9.37429075,0.3233333333,0.3306397306,True,True,True,True,True
7,3,long,2022-11-06,CHZUSDT,0.27293,0.14333,0.14502397,0.3233333333,0.3273809524,True,True,True,True,True
7,3,long,2022-11-06,DOGEUSDT,0.11466,0.07024,0.07054642,0.3233333333,0.3289716491,True,True,True,True,True
7,3,long,2022-11-06,GMTUSDT,0.5481,0.3308,0.3311,0.3233333333,0.3298245614,True,True,True,True,True
7,3,long,2022-11-06,KLAYUSDT,0.2205,0.148,0.1482,0.3233333333,0.3213675214,True,True,True,True,True
7,3,long,2022-11-06,MATICUSDT,1.1343,0.761,0.76280179,0.3233333333,,True,True,False,False,False
7,3,long,2022-11-06,REEFUSDT,0.005022,0.003038,0.00304036,0.3233333333,0.3197278912,True,True,True,True,True
7,3,long,2022-11-06,RSRUSDT,0.006781,0.003712,0.00371819,0.3233333333,0.3273809524,True,True,True,True,True
7,3,long,2022-11-06,SOLUSDT,32.6,9.423,9.91806753,0.3233333333,0.3299832496,True,True,True,True,True
7,3,long,2022-11-06,SUSHIUSDT,1.715,0.986,0.99061372,0.3233333333,0.3273809524,True,True,True,True,True
7,3,long,2022-11-06,XRPUSDT,0.4706,0.311,0.31617717,0.3233333333,0.3299832496,True,True,True,False,True
7,3,long,2022-11-07,1000LUNCUSDT,0.2352,0.132,0.13368501,0.3233333333,0.3273809524,True,True,True,True,True
7,3,long,2022-11-07,ATOMUSDT,14.267,9.359,9.37429075,0.3233333333,0.3306397306,True,True,True,True,True
7,3,long,2022-11-07,CHZUSDT,0.27486,0.14333,0.14502397,0.3233333333,0.3273809524,True,True,True,True,True
7,3,long,2022-11-07,DOGEUSDT,0.11116,0.07024,0.07054642,0.3233333333,0.3289716491,True,True,True,True,True
7,3,long,2022-11-07,GMTUSDT,0.5858,0.3308,0.3311,0.3233333333,0.3298245614,True,True,True,True,True
7,3,long,2022-11-07,KLAYUSDT,0.2208,0.148,0.1482,0.3233333333,0.3213675214,True,True,True,True,True
7,3,long,2022-11-07,LINKUSDT,8.948,5.683,5.69007316,0.3233333333,0.3316498316,True,True,True,True,True
7,3,long,2022-11-07,MATICUSDT,1.2566,0.761,0.76280179,0.3233333333,,True,True,False,False,False
7,3,long,2022-11-07,REEFUSDT,0.006261,0.002971,0.00297718,0.3233333333,0.3197278912,True,True,True,True,True
7,3,long,2022-11-07,RSRUSDT,0.007093,0.003712,0.00371819,0.3233333333,0.3273809524,True,True,True,True,True
7,3,long,2022-11-07,SOLUSDT,29.59,9.423,9.91806753,0.3233333333,0.3299832496,True,True,True,True,True
7,3,long,2022-11-07,SUSHIUSDT,1.727,0.986,0.99061372,0.3233333333,0.3273809524,True,True,True,True,True
7,3,long,2022-11-07,XRPUSDT,0.4644,0.311,0.31617717,0.3233333333,0.3299832496,True,False,True,False,True
7,3,long,2022-11-08,CHZUSDT,0.21321,0.14333,0.14502397,0.3233333333,0.3273809524,True,False,True,False,True
7,3,long,2022-11-08,GMTUSDT,0.5118,0.3308,0.3311,0.3233333333,0.3298245614,True,True,True,True,True
7,3,long,2022-11-08,REEFUSDT,0.004468,0.002971,0.00297718,0.3233333333,0.3197278912,True,True,True,True,True
7,3,long,2022-11-08,SOLUSDT,23.82,9.423,9.91806753,0.3233333333,0.3299832496,True,True,True,True,True
7,3,long,2022-11-18,CHZUSDT,0.26813,0.16757,0.16845549,0.3233333333,0.3273809524,True,True,True,True,True
7,3,long,2022-12-10,FTTUSDT,1.59,1.59,0.99903568,0.3233333333,0.3162393162,False,True,False,True,True
7,3,long,2022-12-11,FTTUSDT,1.59,1.59,0.99903568,0.3233333333,0.3162393162,False,True,False,True,True
7,3,long,2022-12-12,FTTUSDT,1.59,1.59,0.85688372,0.3233333333,0.3162393162,False,True,False,True,True
7,3,long,2022-12-13,FTTUSDT,1.59,1.59,0.85688372,0.3233333333,0.3162393162,False,True,False,True,True
7,3,long,2022-12-13,MASKUSDT,3.141,2.122,2.1285533,0.3233333333,0.3298245614,True,False,False,False,True
7,3,long,2022-12-14,FTTUSDT,1.59,1.59,0.83168692,0.3233333333,0.3162393162,False,True,False,True,True
7,3,long,2022-12-15,FTTUSDT,1.59,1.59,0.64420543,0.3233333333,0.3162393162,False,True,False,True,True
7,3,long,2022-12-16,FTTUSDT,1.59,1.59,0.64420543,0.3233333333,0.3162393162,False,True,False,True,True
7,3,long,2022-12-17,FTTUSDT,1.59,1.59,0.64420543,0.3233333333,0.3162393162,False,True,False,True,True
7,3,long,2022-12-18,FTTUSDT,1.59,1.59,0.64420543,0.3233333333,0.3162393162,False,True,False,True,True
7,3,long,2022-12-19,FTTUSDT,1.59,1.59,0.64420543,0.3233333333,0.3162393162,False,True,False,True,True
7,3,long,2022-12-20,FTTUSDT,1.59,1.59,0.64420543,0.3233333333,0.3162393162,False,True,False,True,True
7,3,long,2022-12-21,FTTUSDT,1.59,1.59,0.64420543,0.3233333333,0.3162393162,False,True,False,True,True
7,3,long,2022-12-22,FTTUSDT,1.59,1.59,0.83533449,0.3233333333,0.3162393162,False,True,False,True,True
7,3,long,2022-12-22,SOLUSDT,11.814,7.777,7.98593907,0.3233333333,0.3299832496,True,True,True,False,True
7,3,long,2022-12-23,FTTUSDT,1.59,1.59,0.82421939,0.3233333333,0.3162393162,False,True,False,True,True
7,3,long,2022-12-23,SOLUSDT,11.772,7.777,7.98593907,0.3233333333,0.3299832496,True,False,True,False,True
7,3,long,2022-12-24,FTTUSDT,1.59,1.59,0.82421939,0.3233333333,0.3162393162,False,True,False,True,True
7,3,long,2023-02-03,FTMUSDT,0.6333,0.4271,0.4271,0.3233333333,0.3286195286,True,True,False,False,True
7,3,long,2023-03-01,DYDXUSDT,3.239,1.907,1.917,0.3233333333,0.3273809524,True,True,True,True,True
7,3,long,2023-03-02,DYDXUSDT,3.038,1.907,1.917,0.3233333333,0.3273809524,True,True,True,True,True
7,3,long,2023-05-29,CFXUSDT,0.3125,0.2112,0.21306611,0.3233333333,0.3273809524,True,False,False,False,True
7,3,long,2023-05-30,CFXUSDT,0.3191,0.2112,0.21306611,0.3233333333,0.3273809524,True,True,True,True,True
7,3,long,2023-05-30,LINAUSDT,0.02265,0.01347,0.01379414,0.3233333333,0.3162393162,True,True,True,True,True
7,3,long,2023-05-31,LINAUSDT,0.02302,0.01231,0.01232,0.3233333333,0.3162393162,True,True,True,True,True
7,3,long,2023-06-01,LINAUSDT,0.02311,0.01183,0.01183927,0.3233333333,0.3162393162,True,True,True,True,True
7,3,long,2023-06-02,LINAUSDT,0.02195,0.01183,0.01183927,0.3233333333,0.3162393162,True,True,True,True,True
7,3,long,2023-06-03,ADAUSDT,0.3761,0.2167,0.22064892,0.3233333333,0.3316498316,True,True,True,True,True
7,3,long,2023-06-03,CFXUSDT,0.2704,0.1655,0.16796696,0.3233333333,0.3273809524,True,True,True,True,True
7,3,long,2023-06-03,EDUUSDT,1.1111,0.68,0.7063924,0.3233333333,0.3239316239,True,True,True,True,True
7,3,long,2023-06-03,LINAUSDT,0.01752,0.00935,0.00957136,0.3233333333,0.3162393162,True,True,True,True,True
7,3,long,2023-06-03,MATICUSDT,0.8992,0.5026,0.51104263,0.3233333333,,True,True,False,False,False
7,3,long,2023-06-03,OPUSDT,1.4836,0.8704,0.89860904,0.3233333333,0.3306397306,True,True,True,True,True
7,3,long,2023-06-03,SOLUSDT,21.183,12.6,12.82951375,0.3233333333,0.3299832496,True,True,True,True,True
7,3,long,2023-06-04,ADAUSDT,0.3773,0.2167,0.22064892,0.3233333333,0.3316498316,True,True,True,True,True
7,3,long,2023-06-04,CFXUSDT,0.2687,0.1655,0.16796696,0.3233333333,0.3273809524,True,True,True,True,True
7,3,long,2023-06-04,EDUUSDT,1.1105,0.68,0.7063924,0.3233333333,0.3239316239,True,True,True,True,True
7,3,long,2023-06-04,LINAUSDT,0.01622,0.00935,0.00957136,0.3233333333,0.3162393162,True,True,True,True,True
7,3,long,2023-06-04,MATICUSDT,0.8919,0.5026,0.51104263,0.3233333333,,True,True,False,False,False
7,3,long,2023-06-04,OPUSDT,1.4781,0.8704,0.89860904,0.3233333333,0.3306397306,True,True,True,True,True
7,3,long,2023-06-04,SOLUSDT,21.814,12.6,12.82951375,0.3233333333,0.3299832496,True,True,True,True,True
7,3,long,2023-06-05,ADAUSDT,0.3511,0.2167,0.22064892,0.3233333333,0.3316498316,True,True,True,True,True
7,3,long,2023-06-05,LINAUSDT,0.01449,0.00935,0.00957136,0.3233333333,0.3162393162,True,True,True,True,True
7,3,long,2023-06-05,MATICUSDT,0.835,0.5026,0.51104263,0.3233333333,,True,True,False,False,False
7,3,long,2023-06-05,OPUSDT,1.3849,0.8704,0.89860904,0.3233333333,0.3306397306,True,True,True,True,True
7,3,long,2023-06-05,SOLUSDT,19.997,12.6,12.82951375,0.3233333333,0.3299832496,True,True,True,True,True
7,3,long,2023-06-06,ADAUSDT,0.3528,0.2167,0.22064892,0.3233333333,0.3316498316,True,True,True,True,True
7,3,long,2023-06-06,EDUUSDT,1.0171,0.68,0.7063924,0.3233333333,0.3239316239,True,False,True,False,True
7,3,long,2023-06-06,LINAUSDT,0.01458,0.00935,0.00957136,0.3233333333,0.3162393162,True,True,True,True,True
7,3,long,2023-06-06,MATICUSDT,0.8221,0.5026,0.51104263,0.3233333333,,True,True,False,False,False
7,3,long,2023-06-06,OPUSDT,1.4959,0.8704,0.89860904,0.3233333333,0.3306397306,True,True,True,True,True
7,3,long,2023-06-06,SOLUSDT,20.379,12.6,12.82951375,0.3233333333,0.3299832496,True,True,True,True,True
7,3,long,2023-06-07,ADAUSDT,0.322,0.2167,0.22064892,0.3233333333,0.3316498316,True,False,False,False,True
7,3,long,2023-06-07,MATICUSDT,0.7649,0.5026,0.51104263,0.3233333333,,True,True,False,False,False
7,3,long,2023-06-07,OPUSDT,1.3721,0.8704,0.89860904,0.3233333333,0.3306397306,True,True,True,True,True
7,3,long,2023-06-07,SOLUSDT,18.627,12.6,12.82951375,0.3233333333,0.3299832496,True,False,False,False,True
7,3,long,2023-06-08,ADAUSDT,0.3227,0.2167,0.22064892,0.3233333333,0.3316498316,True,False,False,False,True
7,3,long,2023-06-08,MATICUSDT,0.7808,0.5026,0.51104263,0.3233333333,,True,True,False,False,False
7,3,long,2023-06-08,OPUSDT,1.3669,0.8704,0.89860904,0.3233333333,0.3306397306,True,True,True,True,True
7,3,long,2023-06-08,SOLUSDT,18.873,12.6,12.82951375,0.3233333333,0.3299832496,True,False,True,False,True
7,3,long,2023-06-09,OPUSDT,1.3316,0.8704,0.89860904,0.3233333333,0.3306397306,True,True,True,False,True
7,3,long,2023-06-15,TOMOUSDT,1.5899,1.0713,1.076,0.3233333333,,True,False,False,False,False
7,3,long,2023-06-23,EDUUSDT,0.8194,0.5388,0.54933772,0.3233333333,0.3239316239,True,True,True,True,True
7,3,long,2023-06-24,TOMOUSDT,1.3709,0.926,0.93153328,0.3233333333,,True,False,False,False,False
7,3,long,2023-06-25,TOMOUSDT,1.4595,0.926,0.93153328,0.3233333333,,True,True,False,False,False
7,3,long,2023-06-26,TOMOUSDT,1.4264,0.926,0.93153328,0.3233333333,,True,True,False,False,False
7,3,long,2023-06-27,TOMOUSDT,1.4654,0.926,0.93153328,0.3233333333,,True,True,False,False,False
7,3,long,2023-06-28,TOMOUSDT,1.4783,0.926,0.93153328,0.3233333333,,True,True,False,False,False
7,3,long,2023-08-10,COMPUSDT,55.36,34.86,35.13409792,0.3233333333,0.3273809524,True,True,True,True,True
7,3,long,2023-08-10,LTCUSDT,83.09,55,55.93328853,0.3233333333,0.3316498316,True,True,True,False,True
7,3,long,2023-08-10,STMXUSDT,0.00637,0.0041,0.00422919,0.3233333333,0.3162393162,True,True,True,True,True
7,3,long,2023-08-10,WAVESUSDT,1.9419,1.282,1.30746238,0.3233333333,0.3213675214,True,True,True,True,True
7,3,long,2023-08-10,XRPUSDT,0.6329,0.4082,0.42483155,0.3233333333,0.3299832496,True,True,True,False,True
7,3,long,2023-08-11,COMPUSDT,55.51,34.86,35.13409792,0.3233333333,0.3273809524,True,True,True,True,True
7,3,long,2023-08-11,LTCUSDT,83.54,55,55.93328853,0.3233333333,0.3316498316,True,True,True,False,True
7,3,long,2023-08-11,STMXUSDT,0.00713,0.0041,0.00422919,0.3233333333,0.3162393162,True,True,True,True,True
7,3,long,2023-08-11,WAVESUSDT,1.9219,1.282,1.30746238,0.3233333333,0.3213675214,True,False,True,False,True
7,3,long,2023-08-11,XRPUSDT,0.6314,0.4082,0.42483155,0.3233333333,0.3299832496,True,True,True,False,True
7,3,long,2023-08-12,COMPUSDT,55.35,34.86,35.13409792,0.3233333333,0.3273809524,True,True,True,True,True
7,3,long,2023-08-12,LTCUSDT,83.44,55,55.93328853,0.3233333333,0.3316498316,True,True,True,False,True
7,3,long,2023-08-12,STMXUSDT,0.00678,0.0041,0.00422919,0.3233333333,0.3162393162,True,True,True,True,True
7,3,long,2023-08-12,WAVESUSDT,1.9524,1.282,1.30746238,0.3233333333,0.3213675214,True,True,True,True,True
7,3,long,2023-08-12,XRPUSDT,0.6274,0.4082,0.42483155,0.3233333333,0.3299832496,True,False,True,False,True
7,3,long,2023-08-13,COMPUSDT,54.27,34.86,35.13409792,0.3233333333,0.3273809524,True,True,True,True,True
7,3,long,2023-08-13,LTCUSDT,81.88,55,55.93328853,0.3233333333,0.3316498316,True,False,False,False,True
7,3,long,2023-08-13,STMXUSDT,0.00676,0.0041,0.00422919,0.3233333333,0.3162393162,True,True,True,True,True
7,3,long,2023-08-13,WAVESUSDT,1.901,1.282,1.30746238,0.3233333333,0.3213675214,True,False,True,False,True
7,3,long,2023-08-13,XRPUSDT,0.6252,0.4082,0.42483155,0.3233333333,0.3299832496,True,False,True,False,True
7,3,long,2023-08-14,1000PEPEUSDT,0.0014048,0.0009325,0.00094856,0.3233333333,0.3289716491,True,True,True,False,True
7,3,long,2023-08-14,COMPUSDT,55.81,34.86,35.13409792,0.3233333333,0.3273809524,True,True,True,True,True
7,3,long,2023-08-14,LTCUSDT,82.06,55,55.93328853,0.3233333333,0.3316498316,True,False,False,False,True
7,3,long,2023-08-14,STMXUSDT,0.00671,0.0041,0.00422919,0.3233333333,0.3162393162,True,True,True,True,True
7,3,long,2023-08-14,WAVESUSDT,1.9031,1.282,1.30746238,0.3233333333,0.3213675214,True,False,True,False,True
7,3,long,2023-08-14,XRPUSDT,0.6339,0.4082,0.42483155,0.3233333333,0.3299832496,True,True,True,False,True
7,3,long,2023-08-15,STMXUSDT,0.00652,0.0041,0.00422919,0.3233333333,0.3162393162,True,True,True,True,True
7,3,long,2023-08-15,XRPUSDT,0.6099,0.4082,0.42483155,0.3233333333,0.3299832496,True,False,True,False,True
7,3,long,2023-11-05,LQTYUSDT,1.8461,1.2273,1.28928902,0.3233333333,0.3239316239,True,False,True,False,True
7,3,long,2023-11-06,TRBUSDT,127.751,77.469,77.602,0.3233333333,0.3239316239,True,True,True,True,True
7,3,long,2023-11-07,TRBUSDT,128.17,77.124,77.602,0.3233333333,0.3239316239,True,True,True,True,True
7,3,long,2023-11-08,TRBUSDT,140.231,77.124,77.602,0.3233333333,0.3239316239,True,True,True,True,True
7,3,long,2023-11-11,BNTUSDT,1.1529,0.721,0.7219,0.3233333333,0.3298245614,True,True,True,True,True
7,3,long,2023-11-12,BNTUSDT,1.4689,0.721,0.7219,0.3233333333,0.3298245614,True,True,True,True,True
7,3,long,2023-11-21,ARKUSDT,1.5362,1.0232,1.03812949,0.3233333333,0.3271929825,True,True,True,False,True
7,3,long,2023-11-22,ARKUSDT,1.5995,1.0232,1.03812949,0.3233333333,0.3271929825,True,True,True,True,True
7,3,long,2023-11-23,ARKUSDT,1.5348,1.0232,1.03078093,0.3233333333,0.3271929825,True,True,True,True,True
7,3,long,2023-11-24,ARKUSDT,1.6194,1.0232,1.03078093,0.3233333333,0.3271929825,True,True,True,True,True
7,3,long,2023-11-25,ARKUSDT,1.5716,1.0232,1.03078093,0.3233333333,0.3271929825,True,True,True,True,True
7,3,long,2023-12-25,TRBUSDT,182.248,121.279,122.037,0.3233333333,0.3239316239,True,True,True,True,True
7,3,long,2023-12-26,TRBUSDT,186.392,121.279,122.037,0.3233333333,0.3239316239,True,True,True,True,True
7,3,long,2023-12-27,TRBUSDT,187.398,109.5,110.3227233,0.3233333333,0.3239316239,True,True,True,True,True
7,3,long,2023-12-28,TRBUSDT,216.006,109.5,110.3227233,0.3233333333,0.3239316239,True,True,True,True,True
7,3,long,2023-12-29,TRBUSDT,242.008,109.5,110.3227233,0.3233333333,0.3239316239,True,True,True,True,True
7,3,long,2023-12-30,TRBUSDT,259.89,109.5,110.3227233,0.3233333333,0.3239316239,True,True,True,True,True
7,3,long,2023-12-31,TRBUSDT,194.74,109.5,110.3227233,0.3233333333,0.3239316239,True,True,True,True,True
7,3,long,2024-01-01,1000BONKUSDT,0.015002,0.00934,0.009351,0.3233333333,0.3265993266,True,True,True,True,True
7,3,long,2024-01-01,1000LUNCUSDT,0.14456,0.09118,0.09976,0.3233333333,0.3273809524,True,False,True,False,True
7,3,long,2024-01-01,BAKEUSDT,0.5463,0.3,0.30935067,0.3233333333,0.298245614,True,True,True,True,True
7,3,long,2024-01-01,BIGTIMEUSDT,0.4793,0.2434,0.27079524,0.3233333333,0.3298245614,True,True,True,True,True
7,3,long,2024-01-01,TIAUSDT,14.0094,9,9.3866,0.3233333333,0.3282571912,True,True,True,True,True
7,3,long,2024-01-01,TRBUSDT,183.001,109.5,110.3227233,0.3233333333,0.3239316239,True,True,True,True,True
7,3,long,2024-01-02,1000LUNCUSDT,0.13843,0.09118,0.09976,0.3233333333,0.3273809524,True,False,True,False,True
7,3,long,2024-01-02,BAKEUSDT,0.4837,0.3,0.30921543,0.3233333333,0.298245614,True,True,True,True,True
7,3,long,2024-01-02,BIGTIMEUSDT,0.4896,0.2434,0.27079524,0.3233333333,0.3298245614,True,True,True,True,True
7,3,long,2024-01-02,TRBUSDT,171.87,109.5,110.3227233,0.3233333333,0.3239316239,True,True,True,True,True
7,3,long,2024-01-16,BAKEUSDT,0.4079,0.2733,0.27350016,0.3233333333,0.298245614,True,True,True,True,True
7,3,long,2024-01-17,TRBUSDT,157.3,99.505,99.76741687,0.3233333333,0.3239316239,True,True,True,True,True
7,3,long,2024-02-27,SEIUSDT,0.8907,0.5959,0.60731214,0.3233333333,0.3269881557,True,False,True,False,True
7,3,long,2024-03-04,DOGEUSDT,0.18218,0.12035,0.12585082,0.3233333333,0.3289716491,True,False,True,False,True
7,3,long,2024-03-12,CKBUSDT,0.023527,0.015649,0.01565752,0.3233333333,0.3239316239,True,True,True,True,True
7,3,long,2024-03-12,ORDIUSDT,83.268,55.094,55.28104223,0.3233333333,0.3273809524,True,True,True,True,True
7,3,long,2024-03-13,1000PEPEUSDT,0.0090421,0.0058262,0.0058289,0.3233333333,0.3289716491,True,True,True,True,True
7,3,long,2024-03-13,OPUSDT,4.4195,2.973,2.97879493,0.3233333333,0.3306397306,True,True,False,False,True
7,3,long,2024-03-14,1000PEPEUSDT,0.0099682,0.0058262,0.0058289,0.3233333333,0.3289716491,True,True,True,True,True
7,3,long,2024-03-14,WLDUSDT,10.7895,7.2025,7.20537579,0.3233333333,0.3265993266,True,True,True,True,True
7,3,long,2024-03-15,1000PEPEUSDT,0.0089318,0.0058262,0.0058289,0.3233333333,0.3289716491,True,True,True,True,True
7,3,long,2024-04-05,ARBUSDT,1.4342,0.9407,1.00016796,0.3233333333,0.3286195286,True,False,True,False,True
7,3,long,2024-04-05,FILUSDT,8.4,5.45,5.512,0.3233333333,0.3293091885,True,True,True,True,True
7,3,long,2024-04-05,WLDUSDT,6.8622,4.579,4.75927701,0.3233333333,0.3265993266,True,False,True,False,True
7,3,long,2024-04-06,1000FLOKIUSDT,0.19544,0.10895,0.11028,0.3233333333,0.3273809524,True,True,True,True,True
7,3,long,2024-04-06,1000PEPEUSDT,0.0067739,0.0037585,0.0039501,0.3233333333,0.3289716491,True,True,True,True,True
7,3,long,2024-04-06,1000SHIBUSDT,0.027452,0.018306,0.018317,0.3233333333,0.3289716491,True,True,True,True,True
7,3,long,2024-04-06,ARBUSDT,1.4883,0.843,0.86124876,0.3233333333,0.3286195286,True,True,True,True,True
7,3,long,2024-04-06,AVAXUSDT,48.209,28.53,29.25473188,0.3233333333,0.3299832496,True,True,True,True,True
7,3,long,2024-04-06,BCHUSDT,694.35,442.13,442.2,0.3233333333,0.3316498316,True,True,True,True,True
7,3,long,2024-04-06,DOGEUSDT,0.18585,0.124,0.12972563,0.3233333333,0.3289716491,True,False,True,False,True
7,3,long,2024-04-06,FILUSDT,8.588,4.912,4.993,0.3233333333,0.3293091885,True,True,True,True,True
7,3,long,2024-04-06,FTMUSDT,0.8477,0.5518,0.56162432,0.3233333333,0.3286195286,True,True,True,True,True
7,3,long,2024-04-06,NEARUSDT,7.026,4.195,4.27550445,0.3233333333,0.3265993266,True,True,True,True,True
7,3,long,2024-04-06,ORDIUSDT,71.485,37.777,39.1840132,0.3233333333,0.3273809524,True,True,True,True,True
7,3,long,2024-04-06,SOLUSDT,178.768,112.917,116.0690307,0.3233333333,0.3299832496,True,True,True,True,True
7,3,long,2024-04-06,WIFUSDT,3.5677,1.8837,1.95766431,0.3233333333,0.3273809524,True,True,True,True,True
7,3,long,2024-04-06,WLDUSDT,6.9838,3.666,3.76537566,0.3233333333,0.3265993266,True,True,True,True,True
7,3,long,2024-04-07,1000FLOKIUSDT,0.20562,0.10895,0.11028,0.3233333333,0.3273809524,True,True,True,True,True
7,3,long,2024-04-07,1000PEPEUSDT,0.0074518,0.0037585,0.0039501,0.3233333333,0.3289716491,True,True,True,True,True
7,3,long,2024-04-07,1000SHIBUSDT,0.028185,0.018306,0.018317,0.3233333333,0.3289716491,True,True,True,True,True
7,3,long,2024-04-07,ADAUSDT,0.5898,0.3953,0.39949199,0.3233333333,0.3316498316,True,False,False,False,True
7,3,long,2024-04-07,ARBUSDT,1.5298,0.843,0.86124876,0.3233333333,0.3286195286,True,True,True,True,True
7,3,long,2024-04-07,AVAXUSDT,49.347,28.53,29.25473188,0.3233333333,0.3299832496,True,True,True,True,True
7,3,long,2024-04-07,BCHUSDT,685.14,442.13,442.2,0.3233333333,0.3316498316,True,True,True,True,True
7,3,long,2024-04-07,DOGEUSDT,0.19902,0.124,0.12972563,0.3233333333,0.3289716491,True,True,True,True,True
7,3,long,2024-04-07,FILUSDT,8.84,4.912,4.993,0.3233333333,0.3293091885,True,True,True,True,True
7,3,long,2024-04-07,FTMUSDT,0.8704,0.5518,0.56162432,0.3233333333,0.3286195286,True,True,True,True,True
7,3,long,2024-04-07,NEARUSDT,6.922,4.195,4.27550445,0.3233333333,0.3265993266,True,True,True,True,True
7,3,long,2024-04-07,ORDIUSDT,75.737,37.777,39.1840132,0.3233333333,0.3273809524,True,True,True,True,True
7,3,long,2024-04-07,SOLUSDT,179.615,112.917,116.0690307,0.3233333333,0.3299832496,True,True,True,True,True
7,3,long,2024-04-07,WIFUSDT,3.762,1.8837,1.95766431,0.3233333333,0.3273809524,True,True,True,True,True
7,3,long,2024-04-07,WLDUSDT,7.214,3.666,3.76537566,0.3233333333,0.3265993266,True,True,True,True,True
7,3,long,2024-04-08,1000FLOKIUSDT,0.21554,0.10895,0.11028,0.3233333333,0.3273809524,True,True,True,True,True
7,3,long,2024-04-08,1000PEPEUSDT,0.0077765,0.0037585,0.0039501,0.3233333333,0.3289716491,True,True,True,True,True
7,3,long,2024-04-08,1000SHIBUSDT,0.028757,0.018306,0.018317,0.3233333333,0.3289716491,True,True,True,True,True
7,3,long,2024-04-08,ADAUSDT,0.6143,0.3953,0.39949199,0.3233333333,0.3316498316,True,True,True,True,True
7,3,long,2024-04-08,ARBUSDT,1.571,0.843,0.86124876,0.3233333333,0.3286195286,True,True,True,True,True
7,3,long,2024-04-08,AVAXUSDT,49.906,28.53,29.25473188,0.3233333333,0.3299832496,True,True,True,True,True
7,3,long,2024-04-08,BCHUSDT,681.65,442.13,442.2,0.3233333333,0.3316498316,True,True,True,True,True
7,3,long,2024-04-08,DOGEUSDT,0.20277,0.124,0.12972563,0.3233333333,0.3289716491,True,True,True,True,True
7,3,long,2024-04-08,FILUSDT,9.316,4.912,4.993,0.3233333333,0.3293091885,True,True,True,True,True
7,3,long,2024-04-08,FTMUSDT,0.9351,0.5518,0.56162432,0.3233333333,0.3286195286,True,True,True,True,True
7,3,long,2024-04-08,NEARUSDT,7.368,4.195,4.27550445,0.3233333333,0.3265993266,True,True,True,True,True
7,3,long,2024-04-08,ORDIUSDT,75.409,37.777,39.1840132,0.3233333333,0.3273809524,True,True,True,True,True
7,3,long,2024-04-08,SOLUSDT,180.822,112.917,116.0690307,0.3233333333,0.3299832496,True,True,True,True,True
7,3,long,2024-04-08,WIFUSDT,4.2062,1.8837,1.95766431,0.3233333333,0.3273809524,True,True,True,True,True
7,3,long,2024-04-08,WLDUSDT,7.3163,3.666,3.76537566,0.3233333333,0.3265993266,True,True,True,True,True
7,3,long,2024-04-08,XRPUSDT,0.6152,0.4099,0.42075036,0.3233333333,0.3299832496,True,False,True,False,True
7,3,long,2024-04-09,1000FLOKIUSDT,0.1987,0.10895,0.11028,0.3233333333,0.3273809524,True,True,True,True,True
7,3,long,2024-04-09,1000PEPEUSDT,0.0070416,0.0037585,0.0039501,0.3233333333,0.3289716491,True,True,True,True,True
7,3,long,2024-04-09,1000SHIBUSDT,0.027496,0.018306,0.018317,0.3233333333,0.3289716491,True,True,True,True,True
7,3,long,2024-04-09,ADAUSDT,0.5915,0.3953,0.39949199,0.3233333333,0.3316498316,True,True,True,False,True
7,3,long,2024-04-09,ARBUSDT,1.4849,0.843,0.86124876,0.3233333333,0.3286195286,True,True,True,True,True
7,3,long,2024-04-09,AVAXUSDT,46.5,28.53,29.25473188,0.3233333333,0.3299832496,True,True,True,True,True
7,3,long,2024-04-09,BCHUSDT,672.02,442.13,442.2,0.3233333333,0.3316498316,True,True,True,True,True
7,3,long,2024-04-09,DOGEUSDT,0.18927,0.124,0.12972563,0.3233333333,0.3289716491,True,False,True,False,True
7,3,long,2024-04-09,FILUSDT,8.665,4.912,4.993,0.3233333333,0.3293091885,True,True,True,True,True
7,3,long,2024-04-09,FTMUSDT,1.0168,0.5518,0.56162432,0.3233333333,0.3286195286,True,True,True,True,True
7,3,long,2024-04-09,NEARUSDT,7.232,4.195,4.27550445,0.3233333333,0.3265993266,True,True,True,True,True
7,3,long,2024-04-09,ORDIUSDT,68.071,37.777,39.1840132,0.3233333333,0.3273809524,True,True,True,True,True
7,3,long,2024-04-09,SOLUSDT,172.558,112.917,116.0690307,0.3233333333,0.3299832496,True,True,True,False,True
7,3,long,2024-04-09,WIFUSDT,3.5889,1.8837,1.95766431,0.3233333333,0.3273809524,True,True,True,True,True
7,3,long,2024-04-09,WLDUSDT,6.6673,3.666,3.76537566,0.3233333333,0.3265993266,True,True,True,True,True
7,3,long,2024-04-09,XRPUSDT,0.6145,0.4099,0.42075036,0.3233333333,0.3299832496,True,False,True,False,True
7,3,long,2024-04-10,1000FLOKIUSDT,0.19767,0.10895,0.11028,0.3233333333,0.3273809524,True,True,True,True,True
7,3,long,2024-04-10,1000PEPEUSDT,0.0071407,0.0037585,0.0039501,0.3233333333,0.3289716491,True,True,True,True,True
7,3,long,2024-04-10,1000SHIBUSDT,0.028072,0.018306,0.018317,0.3233333333,0.3289716491,True,True,True,True,True
7,3,long,2024-04-10,ADAUSDT,0.5865,0.3953,0.39949199,0.3233333333,0.3316498316,True,False,False,False,True
7,3,long,2024-04-10,ARBUSDT,1.4675,0.843,0.86124876,0.3233333333,0.3286195286,True,True,True,True,True
7,3,long,2024-04-10,AVAXUSDT,47.334,28.53,29.25473188,0.3233333333,0.3299832496,True,True,True,True,True
7,3,long,2024-04-10,DOGEUSDT,0.1999,0.124,0.12972563,0.3233333333,0.3289716491,True,True,True,True,True
7,3,long,2024-04-10,FILUSDT,8.499,4.912,4.993,0.3233333333,0.3293091885,True,True,True,True,True
7,3,long,2024-04-10,FTMUSDT,0.9892,0.5518,0.56162432,0.3233333333,0.3286195286,True,True,True,True,True
7,3,long,2024-04-10,NEARUSDT,6.989,4.195,4.27550445,0.3233333333,0.3265993266,True,True,True,True,True
7,3,long,2024-04-10,ORDIUSDT,72.375,37.777,39.1840132,0.3233333333,0.3273809524,True,True,True,True,True
7,3,long,2024-04-10,SOLUSDT,173.438,112.917,116.0690307,0.3233333333,0.3299832496,True,True,True,True,True
7,3,long,2024-04-10,WIFUSDT,3.6238,1.8837,1.95766431,0.3233333333,0.3273809524,True,True,True,True,True
7,3,long,2024-04-10,WLDUSDT,6.5741,3.666,3.76537566,0.3233333333,0.3265993266,True,True,True,True,True
7,3,long,2024-04-10,XRPUSDT,0.6176,0.4099,0.42075036,0.3233333333,0.3299832496,True,False,True,False,True
7,3,long,2024-04-11,1000FLOKIUSDT,0.19186,0.10895,0.11028,0.3233333333,0.3273809524,True,True,True,True,True
7,3,long,2024-04-11,1000PEPEUSDT,0.0073175,0.0037585,0.0039501,0.3233333333,0.3289716491,True,True,True,True,True
7,3,long,2024-04-11,1000SHIBUSDT,0.02753,0.018306,0.018317,0.3233333333,0.3289716491,True,True,True,True,True
7,3,long,2024-04-11,ADAUSDT,0.5864,0.3953,0.39949199,0.3233333333,0.3316498316,True,False,False,False,True
7,3,long,2024-04-11,ARBUSDT,1.4193,0.843,0.86124876,0.3233333333,0.3286195286,True,True,True,True,True
7,3,long,2024-04-11,AVAXUSDT,46.064,28.53,29.25473188,0.3233333333,0.3299832496,True,True,True,True,True
7,3,long,2024-04-11,DOGEUSDT,0.19393,0.124,0.12972563,0.3233333333,0.3289716491,True,True,True,True,True
7,3,long,2024-04-11,FILUSDT,8.057,4.912,4.993,0.3233333333,0.3293091885,True,True,True,True,True
7,3,long,2024-04-11,FTMUSDT,0.9173,0.5518,0.56162432,0.3233333333,0.3286195286,True,True,True,True,True
7,3,long,2024-04-11,NEARUSDT,6.801,4.195,4.27550445,0.3233333333,0.3265993266,True,True,True,True,True
7,3,long,2024-04-11,ORDIUSDT,70.909,37.777,39.1840132,0.3233333333,0.3273809524,True,True,True,True,True
7,3,long,2024-04-11,SOLUSDT,172.497,112.917,116.0690307,0.3233333333,0.3299832496,True,True,True,False,True
7,3,long,2024-04-11,WIFUSDT,3.4591,1.8837,1.95766431,0.3233333333,0.3273809524,True,True,True,True,True
7,3,long,2024-04-11,WLDUSDT,6.3801,3.666,3.76537566,0.3233333333,0.3265993266,True,True,True,True,True
7,3,long,2024-04-11,XRPUSDT,0.6089,0.4099,0.42075036,0.3233333333,0.3299832496,True,False,False,False,True
7,3,long,2024-04-12,1000PEPEUSDT,0.0059117,0.0037585,0.0039501,0.3233333333,0.3289716491,True,True,True,True,True
7,3,long,2024-04-12,ORDIUSDT,61.483,37.777,38.57815934,0.3233333333,0.3273809524,True,True,True,True,True
7,3,long,2024-04-12,WLDUSDT,5.4747,3.666,3.76537566,0.3233333333,0.3265993266,True,False,True,False,True
7,3,long,2024-06-06,1000FLOKIUSDT,0.32079,0.20161,0.20179067,0.3233333333,0.3273809524,True,True,True,True,True
7,3,long,2024-06-07,1000FLOKIUSDT,0.2825,0.19075,0.19083,0.3233333333,0.3273809524,True,True,False,False,True
7,3,long,2024-06-10,1000FLOKIUSDT,0.26491,0.1741,0.17527039,0.3233333333,0.3273809524,True,True,True,True,True
7,3,long,2024-06-11,1000FLOKIUSDT,0.23656,0.157,0.1584615,0.3233333333,0.3273809524,True,True,True,True,True
7,3,long,2024-06-11,ORDIUSDT,52.458,34.01,34.42728256,0.3233333333,0.3273809524,True,True,True,True,True
7,3,long,2024-06-11,WLDUSDT,3.8027,2.4733,2.50777633,0.3233333333,0.3265993266,True,True,True,True,True
7,3,long,2024-06-12,1000BONKUSDT,0.028962,0.019522,0.01992423,0.3233333333,0.3265993266,True,False,False,False,True
7,3,long,2024-06-12,ORDIUSDT,52.255,34.01,34.42728256,0.3233333333,0.3273809524,True,True,True,True,True
7,3,long,2024-06-12,WLDUSDT,3.8683,2.4733,2.50777633,0.3233333333,0.3265993266,True,True,True,True,True
7,3,long,2024-06-14,PEOPLEUSDT,0.11641,0.07674,0.07688152,0.3233333333,0.3298245614,True,True,True,True,True
7,3,long,2024-06-16,WIFUSDT,2.6055,1.5727,1.57538021,0.3233333333,0.3273809524,True,True,True,True,True
7,3,long,2024-06-17,WIFUSDT,2.3084,1.44,1.48179385,0.3233333333,0.3273809524,True,True,True,True,True
7,3,long,2024-06-27,BOMEUSDT,0.010797,0.00729,0.00731264,0.3233333333,0.3298245614,True,False,False,False,True
7,3,long,2024-06-27,PEOPLEUSDT,0.08926,0.05307,0.05328705,0.3233333333,0.3298245614,True,True,True,True,True
7,3,long,2024-06-28,1000PEPEUSDT,0.0115759,0.007616,0.00764707,0.3233333333,0.3289716491,True,True,True,True,True
7,3,long,2024-06-28,BOMEUSDT,0.009704,0.006273,0.00638771,0.3233333333,0.3298245614,True,True,True,True,True
7,3,long,2024-06-28,PEOPLEUSDT,0.08812,0.04555,0.04563569,0.3233333333,0.3298245614,True,True,True,True,True
7,3,long,2024-06-28,WLDUSDT,2.675,1.74,1.75647132,0.3233333333,0.3265993266,True,True,True,True,True
7,3,long,2024-06-29,1000PEPEUSDT,0.0113062,0.007616,0.00764707,0.3233333333,0.3289716491,True,True,False,False,True
7,3,long,2024-06-29,BOMEUSDT,0.009443,0.006273,0.00638771,0.3233333333,0.3298245614,True,True,True,False,True
7,3,long,2024-06-29,ORDIUSDT,39.361,25.8,25.88985398,0.3233333333,0.3273809524,True,True,True,True,True
7,3,long,2024-06-29,PEOPLEUSDT,0.09217,0.04555,0.04563569,0.3233333333,0.3298245614,True,True,True,True,True
7,3,long,2024-06-30,1000PEPEUSDT,0.0119235,0.007616,0.00764707,0.3233333333,0.3289716491,True,True,True,True,True
7,3,long,2024-06-30,BOMEUSDT,0.00989,0.006273,0.00638771,0.3233333333,0.3298245614,True,True,True,True,True
7,3,long,2024-06-30,ORDIUSDT,39.396,25.8,25.88985398,0.3233333333,0.3273809524,True,True,True,True,True
7,3,long,2024-06-30,PEOPLEUSDT,0.09437,0.04555,0.04563569,0.3233333333,0.3298245614,True,True,True,True,True
7,3,long,2024-06-30,WIFUSDT,2.1967,1.4703,1.49302667,0.3233333333,0.3273809524,True,False,True,False,True
7,3,long,2024-07-01,1000PEPEUSDT,0.0114217,0.007616,0.00764707,0.3233333333,0.3289716491,True,True,True,True,True
7,3,long,2024-07-01,1000RATSUSDT,0.12916,0.07761,0.07791273,0.3233333333,0.3271929825,True,True,True,True,True
7,3,long,2024-07-01,BBUSDT,0.4609,0.302,0.30377341,0.3233333333,0.3239316239,True,True,True,True,True
7,3,long,2024-07-01,HIGHUSDT,1.8543,1.1763,1.19539178,0.3233333333,0.3148148148,True,True,True,True,True
7,3,long,2024-07-01,NOTUSDT,0.013823,0.009088,0.00916127,0.3233333333,0.3298245614,True,True,True,True,True
7,3,long,2024-07-01,ORDIUSDT,38.176,25.8,25.88985398,0.3233333333,0.3273809524,True,False,False,False,True
7,3,long,2024-07-01,PEOPLEUSDT,0.09195,0.04555,0.04563569,0.3233333333,0.3298245614,True,True,True,True,True
7,3,long,2024-07-01,WIFUSDT,2.269,1.4703,1.49302667,0.3233333333,0.3273809524,True,True,True,True,True
7,3,long,2024-07-02,1000FLOKIUSDT,0.18314,0.12045,0.1214062,0.3233333333,0.3273809524,True,True,True,True,True
7,3,long,2024-07-02,1000PEPEUSDT,0.0113166,0.007616,0.00764707,0.3233333333,0.3289716491,True,True,False,False,True
7,3,long,2024-07-02,1000RATSUSDT,0.1284,0.07761,0.07791273,0.3233333333,0.3271929825,True,True,True,True,True
7,3,long,2024-07-02,BBUSDT,0.4615,0.302,0.30377341,0.3233333333,0.3239316239,True,True,True,True,True
7,3,long,2024-07-02,HIGHUSDT,1.8442,1.1763,1.19539178,0.3233333333,0.3148148148,True,True,True,True,True
7,3,long,2024-07-02,NOTUSDT,0.013499,0.009088,0.00916127,0.3233333333,0.3298245614,True,False,False,False,True
7,3,long,2024-07-02,ORDIUSDT,38.35,25.8,25.88985398,0.3233333333,0.3273809524,True,True,False,False,True
7,3,long,2024-07-02,PEOPLEUSDT,0.08921,0.04555,0.04563569,0.3233333333,0.3298245614,True,True,True,True,True
7,3,long,2024-07-02,WIFUSDT,2.2054,1.4703,1.49302667,0.3233333333,0.3273809524,True,False,True,False,True
7,3,long,2024-07-03,1000RATSUSDT,0.11601,0.07761,0.07791273,0.3233333333,0.3271929825,True,True,True,True,True
7,3,long,2024-07-03,HIGHUSDT,1.7227,1.1763,1.19539178,0.3233333333,0.3148148148,False,False,True,False,True
7,3,long,2024-07-03,PEOPLEUSDT,0.08173,0.04555,0.04563569,0.3233333333,0.3298245614,True,True,True,True,True
7,3,long,2024-07-26,WIFUSDT,2.6648,1.6441,1.64537101,0.3233333333,0.3273809524,True,True,True,True,True
7,3,long,2024-07-27,WIFUSDT,2.4841,1.5363,1.5365,0.3233333333,0.3273809524,True,True,True,True,True
7,3,long,2024-07-28,1000FLOKIUSDT,0.17274,0.11568,0.11621495,0.3233333333,0.3273809524,True,True,True,False,True
7,3,long,2024-07-28,1000PEPEUSDT,0.0117397,0.00765,0.00767575,0.3233333333,0.3289716491,True,True,True,True,True
7,3,long,2024-07-28,ORDIUSDT,38.883,26.252,26.27791463,0.3233333333,0.3273809524,True,True,False,False,True
7,3,long,2024-07-28,PEOPLEUSDT,0.07877,0.05093,0.05110419,0.3233333333,0.3298245614,True,True,True,True,True
7,3,long,2024-07-28,WIFUSDT,2.4104,1.3446,1.35414583,0.3233333333,0.3273809524,True,True,True,True,True
7,3,long,2024-07-28,WLDUSDT,2.3468,1.5514,1.55664477,0.3233333333,0.3265993266,True,True,True,True,True
7,3,long,2024-07-29,1000FLOKIUSDT,0.17201,0.09518,0.09638537,0.3233333333,0.3273809524,True,True,True,True,True
7,3,long,2024-07-29,1000PEPEUSDT,0.0117893,0.0058452,0.0058555,0.3233333333,0.3289716491,True,True,True,True,True
7,3,long,2024-07-29,1000SHIBUSDT,0.016608,0.010769,0.01080791,0.3233333333,0.3289716491,True,True,True,True,True
7,3,long,2024-07-29,AVAXUSDT,26.978,17.252,17.34190095,0.3233333333,0.3299832496,True,True,True,True,True
7,3,long,2024-07-29,DOGEUSDT,0.12837,0.08041,0.08053684,0.3233333333,0.3289716491,True,True,True,True,True
7,3,long,2024-07-29,ETHUSDT,3316.87,2112,2125.11,0.3233333333,0.3306559572,True,True,True,True,True
7,3,long,2024-07-29,NOTUSDT,0.012941,0.008521,0.00853027,0.3233333333,0.3298245614,True,True,True,True,True
7,3,long,2024-07-29,ORDIUSDT,37.373,20.707,20.713,0.3233333333,0.3273809524,True,True,True,True,True
7,3,long,2024-07-29,PEOPLEUSDT,0.07628,0.04252,0.04255208,0.3233333333,0.3298245614,True,True,True,True,True
7,3,long,2024-07-29,SOLUSDT,182.509,109.162,109.9786227,0.3233333333,0.3299832496,True,True,True,True,True
7,3,long,2024-07-29,WIFUSDT,2.2836,1.0501,1.07623056,0.3233333333,0.3273809524,True,True,True,True,True
7,3,long,2024-07-29,WLDUSDT,2.2793,1.3429,1.34700669,0.3233333333,0.3265993266,True,True,True,True,True
7,3,long,2024-07-30,1000FLOKIUSDT,0.16706,0.09518,0.09638537,0.3233333333,0.3273809524,True,True,True,True,True
7,3,long,2024-07-30,1000PEPEUSDT,0.0113012,0.0058452,0.0058555,0.3233333333,0.3289716491,True,True,True,True,True
7,3,long,2024-07-30,1000SHIBUSDT,0.016395,0.010769,0.01080791,0.3233333333,0.3289716491,True,True,True,True,True
7,3,long,2024-07-30,AVAXUSDT,26.303,17.252,17.34190095,0.3233333333,0.3299832496,True,True,True,True,True
7,3,long,2024-07-30,BNBUSDT,588.34,397.29,400.5431299,0.3233333333,0.3303152247,True,False,False,False,True
7,3,long,2024-07-30,DOGEUSDT,0.12542,0.08041,0.08053684,0.3233333333,0.3289716491,True,True,True,True,True
7,3,long,2024-07-30,ETHUSDT,3278.17,2112,2125.11,0.3233333333,0.3306559572,True,True,True,True,True
7,3,long,2024-07-30,NOTUSDT,0.012658,0.008521,0.00853027,0.3233333333,0.3298245614,True,True,False,False,True
7,3,long,2024-07-30,ORDIUSDT,37.25,20.707,20.713,0.3233333333,0.3273809524,True,True,True,True,True
7,3,long,2024-07-30,PEOPLEUSDT,0.07236,0.04252,0.04255208,0.3233333333,0.3298245614,True,True,True,True,True
7,3,long,2024-07-30,SOLUSDT,179.072,109.162,109.9786227,0.3233333333,0.3299832496,True,True,True,True,True
7,3,long,2024-07-30,WIFUSDT,2.2861,1.0501,1.07623056,0.3233333333,0.3273809524,True,True,True,True,True
7,3,long,2024-07-30,WLDUSDT,2.1906,1.3429,1.34700669,0.3233333333,0.3265993266,True,True,True,True,True
7,3,long,2024-07-31,1000FLOKIUSDT,0.16124,0.09518,0.09638537,0.3233333333,0.3273809524,True,True,True,True,True
7,3,long,2024-07-31,1000PEPEUSDT,0.0110435,0.0058452,0.0058555,0.3233333333,0.3289716491,True,True,True,True,True
7,3,long,2024-07-31,1000SHIBUSDT,0.015917,0.010769,0.01080791,0.3233333333,0.3289716491,True,False,False,False,True
7,3,long,2024-07-31,AVAXUSDT,25.69,17.252,17.34190095,0.3233333333,0.3299832496,True,True,False,False,True
7,3,long,2024-07-31,DOGEUSDT,0.12187,0.08041,0.08053684,0.3233333333,0.3289716491,True,True,True,True,True
7,3,long,2024-07-31,ETHUSDT,3231.48,2112,2125.11,0.3233333333,0.3306559572,True,True,True,True,True
7,3,long,2024-07-31,NOTUSDT,0.012806,0.008521,0.00853027,0.3233333333,0.3298245614,True,True,True,True,True
7,3,long,2024-07-31,ORDIUSDT,35.691,20.707,20.713,0.3233333333,0.3273809524,True,True,True,True,True
7,3,long,2024-07-31,PEOPLEUSDT,0.06887,0.04252,0.04255208,0.3233333333,0.3298245614,True,True,True,True,True
7,3,long,2024-07-31,SOLUSDT,171.632,109.162,109.9786227,0.3233333333,0.3299832496,True,True,True,True,True
7,3,long,2024-07-31,WIFUSDT,2.1759,1.0501,1.07623056,0.3233333333,0.3273809524,True,True,True,True,True
7,3,long,2024-07-31,WLDUSDT,2.1042,1.3429,1.34700669,0.3233333333,0.3265993266,True,True,True,True,True
7,3,long,2024-08-01,1000BONKUSDT,0.024972,0.01553,0.01553482,0.3233333333,0.3265993266,True,True,True,True,True
7,3,long,2024-08-01,1000PEPEUSDT,0.0105152,0.0058452,0.0058555,0.3233333333,0.3289716491,True,True,True,True,True
7,3,long,2024-08-01,1000SATSUSDT,0.0002598,0.0001536,0.00015463,0.3233333333,0.3239316239,True,True,True,True,True
7,3,long,2024-08-01,AVAXUSDT,25.688,17.252,17.34190095,0.3233333333,0.3299832496,True,True,False,False,True
7,3,long,2024-08-01,BOMEUSDT,0.009567,0.0052,0.00520486,0.3233333333,0.3298245614,True,True,True,True,True
7,3,long,2024-08-01,DOGEUSDT,0.11895,0.08041,0.08053684,0.3233333333,0.3289716491,True,False,False,False,True
7,3,long,2024-08-01,ETHUSDT,3201.67,2112,2125.11,0.3233333333,0.3306559572,True,True,True,True,True
7,3,long,2024-08-01,IOUSDT,2.227,1.3,1.30637647,0.3233333333,0.3298245614,True,True,True,True,True
7,3,long,2024-08-01,MEWUSDT,0.006212,0.003396,0.0034,0.3233333333,0.3239316239,True,True,True,True,True
7,3,long,2024-08-01,NOTUSDT,0.012767,0.008521,0.00853027,0.3233333333,0.3298245614,True,True,True,True,True
7,3,long,2024-08-01,ORDIUSDT,33.482,20.707,20.713,0.3233333333,0.3273809524,True,True,True,True,True
7,3,long,2024-08-01,PEOPLEUSDT,0.06541,0.04252,0.04255208,0.3233333333,0.3298245614,True,True,True,True,True
7,3,long,2024-08-01,SOLUSDT,167.294,109.162,109.9786227,0.3233333333,0.3299832496,True,True,True,True,True
7,3,long,2024-08-01,WIFUSDT,1.9611,1.0501,1.07623056,0.3233333333,0.3273809524,True,True,True,True,True
7,3,long,2024-08-01,WLDUSDT,2.0786,1.3429,1.34700669,0.3233333333,0.3265993266,True,True,True,True,True
7,3,long,2024-08-01,ZROUSDT,4.106,2.719,2.7456453,0.3233333333,0.3273809524,True,True,True,True,True
7,3,long,2024-08-02,1000PEPEUSDT,0.0093223,0.0058452,0.0058555,0.3233333333,0.3289716491,True,True,True,True,True
7,3,long,2024-08-02,1000SATSUSDT,0.0002559,0.0001536,0.00015463,0.3233333333,0.3239316239,True,True,True,True,True
7,3,long,2024-08-02,BOMEUSDT,0.008419,0.0052,0.00520486,0.3233333333,0.3298245614,True,True,True,True,True
7,3,long,2024-08-02,IOUSDT,2.01,1.3,1.30637647,0.3233333333,0.3298245614,True,True,True,True,True
7,3,long,2024-08-02,MEWUSDT,0.00559,0.003396,0.0034,0.3233333333,0.3239316239,True,True,True,True,True
7,3,long,2024-08-02,ORDIUSDT,30.983,20.707,20.713,0.3233333333,0.3273809524,True,True,True,True,True
7,3,long,2024-08-02,PEOPLEUSDT,0.06315,0.04252,0.04255208,0.3233333333,0.3298245614,True,True,False,False,True
7,3,long,2024-08-02,WIFUSDT,1.6634,1.0501,1.07623056,0.3233333333,0.3273809524,True,True,True,True,True
7,3,long,2024-08-03,MEWUSDT,0.005155,0.003396,0.0034,0.3233333333,0.3239316239,True,True,True,True,True
7,3,long,2024-08-03,WIFUSDT,1.5958,1.0501,1.07623056,0.3233333333,0.3273809524,True,True,True,False,True
7,3,long,2024-08-23,IOUSDT,2.263,1.471,1.47243291,0.3233333333,0.3298245614,True,True,True,True,True
7,3,long,2024-08-24,IOUSDT,2.314,1.435,1.44045852,0.3233333333,0.3298245614,True,True,True,True,True
7,3,long,2024-08-25,1000SATSUSDT,0.0003976,0.0002662,0.0002668,0.3233333333,0.3239316239,True,True,True,True,True
7,3,long,2024-10-08,REEFUSDT,0.0063,0.003337,0.00343575,0.3233333333,0.3197278912,True,True,True,True,True
7,3,long,2024-10-09,REEFUSDT,0.006678,0.001841,0.00184779,0.3233333333,0.3197278912,True,True,True,True,True
7,3,long,2024-10-10,REEFUSDT,0.007236,0.001728,0.00173737,0.3233333333,0.3197278912,True,True,True,True,True
7,3,long,2024-10-11,REEFUSDT,0.007242,0.001728,0.00173737,0.3233333333,0.3197278912,True,True,True,True,True
7,3,long,2024-10-12,REEFUSDT,0.007063,0.001728,0.00173737,0.3233333333,0.3197278912,True,True,True,True,True
7,3,long,2024-10-13,REEFUSDT,0.007025,0.001728,0.00173737,0.3233333333,0.3197278912,True,True,True,True,True
7,3,long,2024-10-14,REEFUSDT,0.010139,0.001728,0.00173737,0.3233333333,0.3197278912,True,True,True,True,True
7,3,long,2024-10-15,REEFUSDT,0.003795,0.001728,0.00173737,0.3233333333,0.3197278912,True,True,True,True,True
7,3,long,2024-10-18,REEFUSDT,0.002134,0.001347,0.00137355,0.3233333333,0.3197278912,True,True,True,True,True
7,3,long,2024-10-19,REEFUSDT,0.00212,0.001347,0.00137355,0.3233333333,0.3197278912,True,True,True,True,True
7,3,long,2024-10-20,REEFUSDT,0.002157,0.001347,0.00137355,0.3233333333,0.3197278912,True,True,True,True,True
7,3,long,2024-10-21,REEFUSDT,0.001983,0.001347,0.00137355,0.3233333333,0.3197278912,False,False,True,False,True
7,3,long,2024-10-22,REEFUSDT,0.002109,0.001347,0.00137355,0.3233333333,0.3197278912,True,True,True,True,True
7,3,long,2024-11-01,NEIROETHUSDT,0.0965,0.0703,0.07042208,0.3233333333,0.2592592593,False,False,True,True,True
7,3,long,2024-11-06,NEIROETHUSDT,0.10592,0.07726,0.07727117,0.3233333333,0.2592592593,False,False,True,True,True
7,3,long,2024-11-07,NEIROETHUSDT,0.10824,0.07726,0.07727117,0.3233333333,0.2592592593,False,False,True,True,True
7,3,long,2024-11-19,NEIROETHUSDT,0.09388,0.068,0.06817703,0.3233333333,0.2592592593,False,False,True,True,True
7,3,long,2024-12-02,GOATUSDT,0.7231,0.4779,0.48436423,0.3233333333,0.3271929825,True,True,True,True,True
7,3,long,2024-12-02,MOODENGUSDT,0.58781,0.30439,0.31508928,0.3233333333,0.3239316239,True,True,True,True,True
7,3,long,2024-12-02,XLMUSDT,0.53988,0.34817,0.35372802,0.3233333333,0.3282571912,True,True,True,True,True
7,3,long,2024-12-03,GOATUSDT,0.7441,0.4779,0.48436423,0.3233333333,0.3271929825,True,True,True,True,True
7,3,long,2024-12-03,MOODENGUSDT,0.50461,0.30439,0.31508928,0.3233333333,0.3239316239,True,True,True,True,True
7,3,long,2024-12-03,TIAUSDT,8.1013,5.3739,5.6819,0.3233333333,0.3282571912,True,False,True,False,True
7,3,long,2024-12-04,GOATUSDT,0.7409,0.4779,0.48436423,0.3233333333,0.3271929825,True,True,True,True,True
7,3,long,2024-12-04,MOODENGUSDT,0.46323,0.30439,0.31508928,0.3233333333,0.3239316239,True,False,True,False,True
7,3,long,2024-12-04,SANDUSDT,0.93596,0.60888,0.61734295,0.3233333333,0.3273809524,True,True,True,True,True
7,3,long,2024-12-04,TIAUSDT,8.3336,5.3739,5.6819,0.3233333333,0.3282571912,True,False,True,False,True
7,3,long,2024-12-05,GOATUSDT,0.8153,0.4779,0.48436423,0.3233333333,0.3271929825,True,True,True,True,True
7,3,long,2024-12-05,MOODENGUSDT,0.46792,0.30439,0.31508928,0.3233333333,0.3239316239,True,True,True,True,True
7,3,long,2024-12-05,TIAUSDT,8.2502,5.3739,5.6819,0.3233333333,0.3282571912,True,False,True,False,True
7,3,long,2024-12-05,WLDUSDT,3.7217,2.4434,2.49871613,0.3233333333,0.3265993266,True,True,True,True,True
7,3,long,2024-12-06,GOATUSDT,0.7575,0.4779,0.48436423,0.3233333333,0.3271929825,True,True,True,True,True
7,3,long,2024-12-06,MOODENGUSDT,0.47266,0.30439,0.31508928,0.3233333333,0.3239316239,True,True,True,True,True
7,3,long,2024-12-06,SANDUSDT,0.91686,0.60888,0.61734295,0.3233333333,0.3273809524,True,True,True,False,True
7,3,long,2024-12-06,TIAUSDT,8.8458,5.3739,5.6819,0.3233333333,0.3282571912,True,True,True,True,True
7,3,long,2024-12-06,WLDUSDT,3.9208,2.4434,2.49871613,0.3233333333,0.3265993266,True,True,True,True,True
7,3,long,2024-12-07,GOATUSDT,0.7775,0.4779,0.48436423,0.3233333333,0.3271929825,True,True,True,True,True
7,3,long,2024-12-07,MOODENGUSDT,0.49767,0.30439,0.31508928,0.3233333333,0.3239316239,True,True,True,True,True
7,3,long,2024-12-07,SANDUSDT,0.92613,0.60888,0.61734295,0.3233333333,0.3273809524,True,True,True,True,True
7,3,long,2024-12-07,TIAUSDT,8.4707,5.3739,5.6819,0.3233333333,0.3282571912,True,True,True,True,True
7,3,long,2024-12-07,WIFUSDT,3.8838,2.562,2.56883702,0.3233333333,0.3273809524,True,True,True,True,True
7,3,long,2024-12-07,WLDUSDT,3.7733,2.4434,2.49871613,0.3233333333,0.3265993266,True,True,True,True,True
7,3,long,2024-12-08,GOATUSDT,0.7374,0.4779,0.48436423,0.3233333333,0.3271929825,True,True,True,True,True
7,3,long,2024-12-08,MOODENGUSDT,0.4752,0.30439,0.31508928,0.3233333333,0.3239316239,True,True,True,True,True
7,3,long,2024-12-08,SANDUSDT,0.91657,0.60888,0.61734295,0.3233333333,0.3273809524,True,True,True,False,True
7,3,long,2024-12-08,TIAUSDT,8.3847,5.3739,5.6819,0.3233333333,0.3282571912,True,False,True,False,True
7,3,long,2024-12-08,WLDUSDT,3.8127,2.4434,2.49871613,0.3233333333,0.3265993266,True,True,True,True,True
7,3,long,2024-12-11,NEIROUSDT,0.001744,0.0011796,0.0011817,0.3233333333,0.3298245614,True,False,False,False,True
7,3,long,2024-12-12,GOATUSDT,0.7191,0.4484,0.4500154,0.3233333333,0.3271929825,True,True,True,True,True
7,3,long,2024-12-12,MOODENGUSDT,0.39168,0.235,0.23557308,0.3233333333,0.3239316239,True,True,True,True,True
7,3,long,2024-12-12,NEIROUSDT,0.0016699,0.0009565,0.00095755,0.3233333333,0.3298245614,True,True,True,True,True
7,3,long,2024-12-13,1000BONKUSDT,0.038844,0.024845,0.02488509,0.3233333333,0.3265993266,True,True,True,True,True
7,3,long,2024-12-13,1000PEPEUSDT,0.0247535,0.0144062,0.01441748,0.3233333333,0.3289716491,True,True,True,True,True
7,3,long,2024-12-13,1000SHIBUSDT,0.028544,0.018527,0.01853758,0.3233333333,0.3289716491,True,True,True,True,True
7,3,long,2024-12-13,AVAXUSDT,52.781,33.578,33.59317243,0.3233333333,0.3299832496,True,True,True,True,True
7,3,long,2024-12-13,DOGEUSDT,0.40901,0.2623,0.26286233,0.3233333333,0.3289716491,True,True,True,True,True
7,3,long,2024-12-13,GOATUSDT,0.8687,0.3861,0.3883862,0.3233333333,0.3271929825,True,True,True,True,True
7,3,long,2024-12-13,MOODENGUSDT,0.39808,0.22165,0.22193776,0.3233333333,0.3239316239,True,True,True,True,True
7,3,long,2024-12-13,NEIROUSDT,0.0017173,0.000854,0.00085507,0.3233333333,0.3298245614,True,True,True,True,True
7,3,long,2024-12-13,SANDUSDT,0.78536,0.47179,0.47254073,0.3233333333,0.3273809524,True,True,True,True,True
7,3,long,2024-12-13,TIAUSDT,7.1203,4.34,4.3453,0.3233333333,0.3282571912,True,True,True,True,True
7,3,long,2024-12-13,WIFUSDT,2.958,1.7248,1.7263624,0.3233333333,0.3273809524,True,True,True,True,True
7,3,long,2024-12-13,WLDUSDT,3.086,1.9358,1.93887908,0.3233333333,0.3265993266,True,True,True,True,True
7,3,long,2024-12-14,1000PEPEUSDT,0.0233166,0.0144062,0.01441748,0.3233333333,0.3289716491,True,True,True,True,True
7,3,long,2024-12-14,1000SHIBUSDT,0.027469,0.018527,0.01853758,0.3233333333,0.3289716491,True,True,False,False,True
7,3,long,2024-12-14,AVAXUSDT,49.83,33.578,33.59317243,0.3233333333,0.3299832496,True,True,False,False,True
7,3,long,2024-12-14,DOGEUSDT,0.39805,0.2623,0.26286233,0.3233333333,0.3289716491,True,True,True,True,True
7,3,long,2024-12-14,GOATUSDT,0.8106,0.3861,0.3883862,0.3233333333,0.3271929825,True,True,True,True,True
7,3,long,2024-12-14,MOODENGUSDT,0.36251,0.22165,0.22193776,0.3233333333,0.3239316239,True,True,True,True,True
7,3,long,2024-12-14,NEIROUSDT,0.0016216,0.000854,0.00085507,0.3233333333,0.3298245614,True,True,True,True,True
7,3,long,2024-12-14,SANDUSDT,0.73181,0.47179,0.47254073,0.3233333333,0.3273809524,True,True,True,True,True
7,3,long,2024-12-14,TIAUSDT,6.8488,4.34,4.3453,0.3233333333,0.3282571912,True,True,True,True,True
7,3,long,2024-12-14,WIFUSDT,2.8446,1.7248,1.7263624,0.3233333333,0.3273809524,True,True,True,True,True
7,3,long,2024-12-14,WLDUSDT,2.9224,1.9358,1.93887908,0.3233333333,0.3265993266,True,True,True,True,True
7,3,long,2024-12-15,1000BONKUSDT,0.036804,0.024845,0.02488509,0.3233333333,0.3265993266,True,True,False,False,True
7,3,long,2024-12-15,1000PEPEUSDT,0.0241625,0.0144062,0.01441748,0.3233333333,0.3289716491,True,True,True,True,True
7,3,long,2024-12-15,1000SHIBUSDT,0.027879,0.018527,0.01853758,0.3233333333,0.3289716491,True,True,True,True,True
7,3,long,2024-12-15,AVAXUSDT,50.765,33.578,33.59317243,0.3233333333,0.3299832496,True,True,True,True,True
7,3,long,2024-12-15,DOGEUSDT,0.40642,0.2623,0.26286233,0.3233333333,0.3289716491,True,True,True,True,True
7,3,long,2024-12-15,GOATUSDT,0.7815,0.3861,0.3883862,0.3233333333,0.3271929825,True,True,True,True,True
7,3,long,2024-12-15,MOODENGUSDT,0.37714,0.22165,0.22193776,0.3233333333,0.3239316239,True,True,True,True,True
7,3,long,2024-12-15,NEIROUSDT,0.0016537,0.000854,0.00085507,0.3233333333,0.3298245614,True,True,True,True,True
7,3,long,2024-12-15,SANDUSDT,0.75228,0.47179,0.47254073,0.3233333333,0.3273809524,True,True,True,True,True
7,3,long,2024-12-15,TIAUSDT,6.8891,4.34,4.3453,0.3233333333,0.3282571912,True,True,True,True,True
7,3,long,2024-12-15,WIFUSDT,2.8562,1.7248,1.7263624,0.3233333333,0.3273809524,True,True,True,True,True
7,3,long,2024-12-15,WLDUSDT,3.0505,1.9358,1.93887908,0.3233333333,0.3265993266,True,True,True,True,True
7,3,long,2024-12-16,1000BONKUSDT,0.036894,0.024845,0.02488509,0.3233333333,0.3265993266,True,True,False,False,True
7,3,long,2024-12-16,1000PEPEUSDT,0.0234483,0.0144062,0.01441748,0.3233333333,0.3289716491,True,True,True,True,True
7,3,long,2024-12-16,DOGEUSDT,0.40185,0.2623,0.26286233,0.3233333333,0.3289716491,True,True,True,True,True
7,3,long,2024-12-16,GOATUSDT,0.6797,0.3861,0.3883862,0.3233333333,0.3271929825,True,True,True,True,True
7,3,long,2024-12-16,MOODENGUSDT,0.35203,0.22165,0.22193776,0.3233333333,0.3239316239,True,True,True,True,True
7,3,long,2024-12-16,NEIROUSDT,0.0015604,0.000854,0.00085507,0.3233333333,0.3298245614,True,True,True,True,True
7,3,long,2024-12-16,SANDUSDT,0.71713,0.47179,0.47254073,0.3233333333,0.3273809524,True,True,True,True,True
7,3,long,2024-12-16,TIAUSDT,6.5833,4.34,4.3453,0.3233333333,0.3282571912,True,True,True,True,True
7,3,long,2024-12-16,WIFUSDT,2.7456,1.7248,1.7263624,0.3233333333,0.3273809524,True,True,True,True,True
7,3,long,2024-12-16,WLDUSDT,2.8645,1.9358,1.93887908,0.3233333333,0.3265993266,True,False,False,False,True
7,3,long,2024-12-17,1000PEPEUSDT,0.0224325,0.0144062,0.01441748,0.3233333333,0.3289716491,True,True,True,True,True
7,3,long,2024-12-17,DOGEUSDT,0.39393,0.2623,0.26286233,0.3233333333,0.3289716491,True,True,True,True,True
7,3,long,2024-12-17,GOATUSDT,0.6402,0.3861,0.3883862,0.3233333333,0.3271929825,True,True,True,True,True
7,3,long,2024-12-17,MOODENGUSDT,0.34097,0.22165,0.22193776,0.3233333333,0.3239316239,True,True,True,True,True
7,3,long,2024-12-17,NEIROUSDT,0.00143,0.000854,0.00085507,0.3233333333,0.3298245614,True,True,True,True,True
7,3,long,2024-12-17,WIFUSDT,2.7114,1.7248,1.7263624,0.3233333333,0.3273809524,True,True,True,True,True
7,3,long,2024-12-18,GOATUSDT,0.5767,0.3861,0.3883862,0.3233333333,0.3271929825,True,True,True,False,True
7,3,long,2025-01-03,NEIROUSDT,0.0011476,0.0007444,0.00074803,0.3233333333,0.3298245614,True,True,True,True,True
7,3,long,2025-01-03,UXLINKUSDT,1.7324,1.2507,1.2516,0.3233333333,0.2592592593,False,False,True,True,True
7,3,long,2025-01-04,UXLINKUSDT,1.6653,1.2202,1.2232,0.3233333333,0.2592592593,False,False,True,True,True
7,3,long,2025-01-06,ENAUSDT,1.1716,0.7225,0.7248,0.3233333333,0.3265993266,True,True,True,True,True
7,3,long,2025-01-06,NEIROUSDT,0.0010695,0.0006535,0.00065376,0.3233333333,0.3298245614,True,True,True,True,True
7,3,long,2025-01-06,PNUTUSDT,0.72294,0.4665,0.46664245,0.3233333333,0.3298245614,True,True,True,True,True
7,3,long,2025-01-06,UXLINKUSDT,1.5611,1.0703,1.07251767,0.3233333333,0.2592592593,False,False,True,True,True
7,3,long,2025-01-06,WIFUSDT,2.0851,1.355,1.35563115,0.3233333333,0.3273809524,True,True,True,True,True
7,3,long,2025-01-07,UXLINKUSDT,1.6002,1.0703,1.07251767,0.3233333333,0.2592592593,True,True,True,True,True
7,3,long,2025-01-12,UXLINKUSDT,1.2383,0.878,0.88134056,0.3233333333,0.2592592593,False,False,True,True,True
7,3,long,2025-01-13,PNUTUSDT,0.58539,0.3569,0.35869026,0.3233333333,0.3298245614,True,True,True,True,True
7,3,long,2025-01-13,UXLINKUSDT,1.1598,0.8425,0.84705632,0.3233333333,0.2592592593,False,False,True,True,True
7,3,long,2025-01-14,NEIROUSDT,0.0007765,0.000504,0.0005076,0.3233333333,0.3298245614,True,True,True,True,True
7,3,long,2025-01-14,PNUTUSDT,0.61927,0.3569,0.35704881,0.3233333333,0.3298245614,True,True,True,True,True
7,3,long,2025-01-14,UXLINKUSDT,1.2221,0.8238,0.8238,0.3233333333,0.2592592593,True,True,True,True,True
7,3,long,2025-01-15,NEIROUSDT,0.0008421,0.000504,0.0005076,0.3233333333,0.3298245614,True,True,True,True,True
7,3,long,2025-01-15,PNUTUSDT,0.64047,0.35057,0.35195131,0.3233333333,0.3298245614,True,True,True,True,True
7,3,long,2025-01-15,UXLINKUSDT,1.2096,0.8136,0.8154,0.3233333333,0.2592592593,True,True,True,True,True
7,3,long,2025-01-16,NEIROUSDT,0.0007972,0.000504,0.0005076,0.3233333333,0.3298245614,True,True,True,True,True
7,3,long,2025-01-16,PNUTUSDT,0.59853,0.3323,0.33232429,0.3233333333,0.3298245614,True,True,True,True,True
7,3,long,2025-01-16,UXLINKUSDT,1.1786,0.8136,0.8154,0.3233333333,0.2592592593,False,False,True,True,True
7,3,long,2025-01-17,1MBABYDOGEUSDT,0.0030802,0.0020443,0.00204511,0.3233333333,0.3273809524,True,True,True,True,True
7,3,long,2025-01-17,NEIROUSDT,0.0008654,0.000504,0.0005076,0.3233333333,0.3298245614,True,True,True,True,True
7,3,long,2025-01-17,PNUTUSDT,0.65184,0.31629,0.31644916,0.3233333333,0.3298245614,True,True,True,True,True
7,3,long,2025-01-17,UXLINKUSDT,1.2038,0.8109,0.8118364,0.3233333333,0.2592592593,True,True,True,True,True
7,3,long,2025-01-17,WIFUSDT,1.872,1.2612,1.2614,0.3233333333,0.3273809524,True,True,False,False,True
7,3,long,2025-01-18,PNUTUSDT,0.51064,0.30428,0.30451264,0.3233333333,0.3298245614,True,True,True,True,True
7,3,long,2025-01-19,PNUTUSDT,0.43156,0.27153,0.27195,0.3233333333,0.3298245614,True,True,True,True,True
7,3,long,2025-01-20,PNUTUSDT,0.37615,0.2391,0.24066223,0.3233333333,0.3298245614,True,True,True,True,True
7,3,long,2025-01-21,PNUTUSDT,0.37199,0.22834,0.22857012,0.3233333333,0.3298245614,True,True,True,True,True
7,3,long,2025-01-21,WIFUSDT,1.4539,0.9755,0.976,0.3233333333,0.3273809524,True,True,True,True,True
7,3,long,2025-01-22,PNUTUSDT,0.35618,0.22834,0.22857012,0.3233333333,0.3298245614,True,True,True,True,True
7,3,long,2025-01-23,PNUTUSDT,0.34428,0.22834,0.22857012,0.3233333333,0.3298245614,True,True,True,True,True
7,3,long,2025-01-25,PNUTUSDT,0.30994,0.19807,0.1982,0.3233333333,0.3298245614,True,True,True,True,True
7,3,long,2025-01-26,PNUTUSDT,0.27383,0.16749,0.16834254,0.3233333333,0.3298245614,True,True,True,True,True
7,3,long,2025-01-27,1000PEPEUSDT,0.0131021,0.0079596,0.00805769,0.3233333333,0.3289716491,True,True,True,True,True
7,3,long,2025-01-27,ADAUSDT,0.934,0.5092,0.5136,0.3233333333,0.3316498316,True,True,True,True,True
7,3,long,2025-01-27,DOGEUSDT,0.33377,0.202,0.20271678,0.3233333333,0.3289716491,True,True,True,True,True
7,3,long,2025-01-27,ENAUSDT,0.7513,0.4696,0.47589534,0.3233333333,0.3265993266,True,True,True,True,True
7,3,long,2025-01-27,ETHUSDT,3180.99,2080.19,2157.663344,0.3233333333,0.3306559572,True,False,True,False,True
7,3,long,2025-01-27,HBARUSDT,0.31452,0.17662,0.17867675,0.3233333333,0.3282571912,True,True,True,True,True
7,3,long,2025-01-27,LINKUSDT,24.196,15.429,15.53043968,0.3233333333,0.3316498316,True,True,True,True,True
7,3,long,2025-01-27,NEIROUSDT,0.0005135,0.0002975,0.00030135,0.3233333333,0.3298245614,True,True,True,True,True
7,3,long,2025-01-27,PNUTUSDT,0.2672,0.13341,0.13498398,0.3233333333,0.3298245614,True,True,True,True,True
7,3,long,2025-01-27,SUIUSDT,3.9618,2.385,2.40480248,0.3233333333,0.3265993266,True,True,True,True,True
7,3,long,2025-01-27,WIFUSDT,1.1817,0.6329,0.6392758,0.3233333333,0.3273809524,True,True,True,True,True
7,3,long,2025-01-27,XRPUSDT,3.0533,1.7636,1.797967,0.3233333333,0.3299832496,True,True,True,True,True
7,3,long,2025-01-28,ADAUSDT,0.9161,0.5092,0.5136,0.3233333333,0.3316498316,True,True,True,True,True
7,3,long,2025-01-28,DOGEUSDT,0.31853,0.202,0.20271678,0.3233333333,0.3289716491,True,True,True,True,True
7,3,long,2025-01-28,ETHUSDT,3075.96,2080.19,2157.663344,0.3233333333,0.3306559572,True,False,False,False,True
7,3,long,2025-01-28,HBARUSDT,0.29882,0.17662,0.17867675,0.3233333333,0.3282571912,True,True,True,True,True
7,3,long,2025-01-28,NEIROUSDT,0.0004445,0.0002975,0.00030135,0.3233333333,0.3298245614,True,False,True,False,True
7,3,long,2025-01-28,PNUTUSDT,0.2296,0.13341,0.13498398,0.3233333333,0.3298245614,True,True,True,True,True
7,3,long,2025-01-28,SUIUSDT,3.6514,2.385,2.40480248,0.3233333333,0.3265993266,True,True,True,True,True
7,3,long,2025-01-28,WIFUSDT,1.0563,0.6329,0.6392758,0.3233333333,0.3273809524,True,True,True,True,True
7,3,long,2025-01-28,XRPUSDT,3.0553,1.7636,1.797967,0.3233333333,0.3299832496,True,True,True,True,True
7,3,long,2025-01-29,1000PEPEUSDT,0.0123969,0.0079596,0.00805769,0.3233333333,0.3289716491,True,True,True,True,True
7,3,long,2025-01-29,ADAUSDT,0.9391,0.5092,0.5136,0.3233333333,0.3316498316,True,True,True,True,True
7,3,long,2025-01-29,DOGEUSDT,0.32388,0.202,0.20271678,0.3233333333,0.3289716491,True,True,True,True,True
7,3,long,2025-01-29,ETHUSDT,3112.55,2080.19,2157.663344,0.3233333333,0.3306559572,True,False,True,False,True
7,3,long,2025-01-29,HBARUSDT,0.30856,0.17662,0.17867675,0.3233333333,0.3282571912,True,True,True,True,True
7,3,long,2025-01-29,LINKUSDT,23.649,15.429,15.53043968,0.3233333333,0.3316498316,True,True,True,True,True
7,3,long,2025-01-29,NEIROUSDT,0.0004974,0.0002975,0.00030135,0.3233333333,0.3298245614,True,True,True,True,True
7,3,long,2025-01-29,PNUTUSDT,0.25102,0.13341,0.13498398,0.3233333333,0.3298245614,True,True,True,True,True
7,3,long,2025-01-29,SUIUSDT,3.697,2.385,2.40480248,0.3233333333,0.3265993266,True,True,True,True,True
7,3,long,2025-01-29,WIFUSDT,1.1836,0.6329,0.6392758,0.3233333333,0.3273809524,True,True,True,True,True
7,3,long,2025-01-29,XRPUSDT,3.0671,1.7636,1.797967,0.3233333333,0.3299832496,True,True,True,True,True
7,3,long,2025-01-30,1000PEPEUSDT,0.0129278,0.0079596,0.00805769,0.3233333333,0.3289716491,True,True,True,True,True
7,3,long,2025-01-30,ADAUSDT,0.9591,0.5092,0.5136,0.3233333333,0.3316498316,True,True,True,True,True
7,3,long,2025-01-30,DOGEUSDT,0.33137,0.202,0.20271678,0.3233333333,0.3289716491,True,True,True,True,True
7,3,long,2025-01-30,ENAUSDT,0.7593,0.4638,0.46461747,0.3233333333,0.3265993266,True,True,True,True,True
7,3,long,2025-01-30,ETHUSDT,3245.86,2080.19,2157.663344,0.3233333333,0.3306559572,True,True,True,True,True
7,3,long,2025-01-30,HBARUSDT,0.31575,0.17662,0.17867675,0.3233333333,0.3282571912,True,True,True,True,True
7,3,long,2025-01-30,LINKUSDT,24.449,15.429,15.53043968,0.3233333333,0.3316498316,True,True,True,True,True
7,3,long,2025-01-30,LTCUSDT,130.06,79.71,80.32768745,0.3233333333,0.3316498316,True,True,True,True,True
7,3,long,2025-01-30,NEIROUSDT,0.0005173,0.0002975,0.00030135,0.3233333333,0.3298245614,True,True,True,True,True
7,3,long,2025-01-30,PNUTUSDT,0.25261,0.13341,0.13498398,0.3233333333,0.3298245614,True,True,True,True,True
7,3,long,2025-01-30,SUIUSDT,4.1162,2.385,2.40480248,0.3233333333,0.3265993266,True,True,True,True,True
7,3,long,2025-01-30,WIFUSDT,1.1539,0.6329,0.6392758,0.3233333333,0.3273809524,True,True,True,True,True
7,3,long,2025-01-30,XRPUSDT,3.127,1.7636,1.797967,0.3233333333,0.3299832496,True,True,True,True,True
7,3,long,2025-01-31,1000PEPEUSDT,0.0138633,0.0079596,0.00805769,0.3233333333,0.3289716491,True,True,True,True,True
7,3,long,2025-01-31,ADAUSDT,0.9422,0.5092,0.5136,0.3233333333,0.3316498316,True,True,True,True,True
7,3,long,2025-01-31,DOGEUSDT,0.32872,0.202,0.20271678,0.3233333333,0.3289716491,True,True,True,True,True
7,3,long,2025-01-31,ENAUSDT,0.7644,0.4638,0.46461747,0.3233333333,0.3265993266,True,True,True,True,True
7,3,long,2025-01-31,ETHUSDT,3299.5,2080.19,2157.663344,0.3233333333,0.3306559572,True,True,True,True,True
7,3,long,2025-01-31,HBARUSDT,0.30644,0.17662,0.17867675,0.3233333333,0.3282571912,True,True,True,True,True
7,3,long,2025-01-31,LINKUSDT,25.15,15.429,15.53043968,0.3233333333,0.3316498316,True,True,True,True,True
7,3,long,2025-01-31,LTCUSDT,128.01,79.71,80.32768745,0.3233333333,0.3316498316,True,True,True,True,True
7,3,long,2025-01-31,NEIROUSDT,0.0006101,0.0002818,0.00028232,0.3233333333,0.3298245614,True,True,True,True,True
7,3,long,2025-01-31,PNUTUSDT,0.25157,0.13341,0.13498398,0.3233333333,0.3298245614,True,True,True,True,True
7,3,long,2025-01-31,SUIUSDT,4.086,2.385,2.40480248,0.3233333333,0.3265993266,True,True,True,True,True
7,3,long,2025-01-31,WIFUSDT,1.1351,0.6329,0.6392758,0.3233333333,0.3273809524,True,True,True,True,True
7,3,long,2025-01-31,XRPUSDT,3.0347,1.7636,1.797967,0.3233333333,0.3299832496,True,True,True,True,True
7,3,long,2025-02-01,1000PEPEUSDT,0.0122376,0.0079596,0.00805769,0.3233333333,0.3289716491,True,True,True,True,True
7,3,long,2025-02-01,ADAUSDT,0.8941,0.5092,0.5136,0.3233333333,0.3316498316,True,True,True,True,True
7,3,long,2025-02-01,AIXBTUSDT,0.33896,0.22748,0.23045,0.3233333333,0.3298245614,True,False,False,False,True
7,3,long,2025-02-01,DOGEUSDT,0.30771,0.202,0.20271678,0.3233333333,0.3289716491,True,True,True,True,True
7,3,long,2025-02-01,ETHUSDT,3116.22,2080.19,2157.663344,0.3233333333,0.3306559572,True,False,True,False,True
7,3,long,2025-02-01,FARTCOINUSDT,0.6318,0.4087,0.4093,0.3233333333,0.3273809524,True,True,True,True,True
7,3,long,2025-02-01,HBARUSDT,0.28479,0.17662,0.17867675,0.3233333333,0.3282571912,True,True,True,True,True
7,3,long,2025-02-01,LINKUSDT,22.961,15.429,15.53043968,0.3233333333,0.3316498316,True,True,False,False,True
7,3,long,2025-02-01,LTCUSDT,118.02,79.71,80.32768745,0.3233333333,0.3316498316,True,False,False,False,True
7,3,long,2025-02-01,PNUTUSDT,0.19858,0.13341,0.13498398,0.3233333333,0.3298245614,True,False,False,False,True
7,3,long,2025-02-01,SUIUSDT,3.733,2.385,2.40480248,0.3233333333,0.3265993266,True,True,True,True,True
7,3,long,2025-02-01,WIFUSDT,1.0084,0.6329,0.6392758,0.3233333333,0.3273809524,True,True,True,True,True
7,3,long,2025-02-01,WLDUSDT,1.6127,0.9636,0.97635921,0.3233333333,0.3265993266,True,True,True,True,True
7,3,long,2025-02-01,XLMUSDT,0.39198,0.26209,0.26361917,0.3233333333,0.3282571912,True,True,True,False,True
7,3,long,2025-02-01,XRPUSDT,2.8768,1.7636,1.797967,0.3233333333,0.3299832496,True,True,True,True,True
7,3,long,2025-02-02,ADAUSDT,0.8042,0.5092,0.5136,0.3233333333,0.3316498316,True,True,True,True,True
7,3,long,2025-02-02,FARTCOINUSDT,0.7191,0.4087,0.4093,0.3233333333,0.3273809524,True,True,True,True,True
7,3,long,2025-02-02,WIFUSDT,0.9491,0.6109,0.61099179,0.3233333333,0.3273809524,True,True,True,True,True
7,3,long,2025-02-03,AIXBTUSDT,0.36087,0.216,0.21647,0.3233333333,0.3298245614,True,True,True,True,True
7,3,long,2025-02-03,ENAUSDT,0.6775,0.4576,0.45900454,0.3233333333,0.3265993266,True,False,False,False,True
7,3,long,2025-02-03,FARTCOINUSDT,0.8071,0.4087,0.4093,0.3233333333,0.3273809524,True,True,True,True,True
7,3,long,2025-02-04,FARTCOINUSDT,0.6416,0.4087,0.4093,0.3233333333,0.3273809524,True,True,True,True,True
7,3,long,2025-02-10,FARTCOINUSDT,0.5677,0.351,0.35446927,0.3233333333,0.3273809524,True,True,True,True,True
7,3,long,2025-02-11,AIXBTUSDT,0.26199,0.1663,0.16638,0.3233333333,0.3298245614,True,True,True,True,True
7,3,long,2025-02-11,FARTCOINUSDT,0.5628,0.2778,0.27983283,0.3233333333,0.3273809524,True,True,True,True,True
7,3,long,2025-02-12,AIXBTUSDT,0.25778,0.1663,0.16638,0.3233333333,0.3298245614,True,True,True,True,True
7,3,long,2025-02-12,FARTCOINUSDT,0.5757,0.2778,0.27983283,0.3233333333,0.3273809524,True,True,True,True,True
7,3,long,2025-02-13,FARTCOINUSDT,0.4762,0.2778,0.27983283,0.3233333333,0.3273809524,True,True,True,True,True
7,3,long,2025-02-14,FARTCOINUSDT,0.4892,0.2778,0.27983283,0.3233333333,0.3273809524,True,True,True,True,True
7,3,long,2025-02-15,FARTCOINUSDT,0.4371,0.2778,0.27983283,0.3233333333,0.3273809524,True,True,True,True,True
7,3,long,2025-02-16,FARTCOINUSDT,0.4222,0.2778,0.27983283,0.3233333333,0.3273809524,True,True,True,True,True
7,3,long,2025-02-22,FARTCOINUSDT,0.361,0.2418,0.24354603,0.3233333333,0.3273809524,True,True,True,False,True
7,3,long,2025-02-22,PNUTUSDT,0.2199,0.1415,0.14291588,0.3233333333,0.3298245614,True,True,True,True,True
7,3,long,2025-02-26,FARTCOINUSDT,0.3383,0.2082,0.2094944,0.3233333333,0.3273809524,True,True,True,True,True
7,3,long,2025-02-27,FARTCOINUSDT,0.3084,0.2082,0.2094944,0.3233333333,0.3273809524,True,False,False,False,True
7,3,long,2025-03-01,ARCUSDT,0.20197,0.0751,0.0748872,0.3233333333,0.3203703704,True,True,True,True,True
7,3,long,2025-03-01,BNXUSDT,1.1078,0.6994,0.70002954,0.3233333333,0.298245614,True,True,True,True,True
7,3,long,2025-03-01,NEIROUSDT,0.0003638,0.0002388,0.00023918,0.3233333333,0.3298245614,True,True,True,True,True
7,3,long,2025-03-02,1000PEPEUSDT,0.0088297,0.0057166,0.00571917,0.3233333333,0.3289716491,True,True,True,True,True
7,3,long,2025-03-02,ADAUSDT,1.1336,0.7083,0.70881133,0.3233333333,0.3316498316,True,True,True,True,True
7,3,long,2025-03-02,ARCUSDT,0.24182,0.0751,0.0748872,0.3233333333,0.3203703704,True,True,True,True,True
7,3,long,2025-03-02,FARTCOINUSDT,0.3502,0.2082,0.2094944,0.3233333333,0.3273809524,True,True,True,True,True
7,3,long,2025-03-02,NEIROUSDT,0.0003805,0.0002295,0.0002298,0.3233333333,0.3298245614,True,True,True,True,True
7,3,long,2025-03-02,PNUTUSDT,0.2375,0.15021,0.15022489,0.3233333333,0.3298245614,True,True,True,True,True
7,3,long,2025-03-02,TRUMPUSDT,16.962,10.477,10.485,0.3233333333,0.3257191201,True,True,True,True,True
7,3,long,2025-03-02,WIFUSDT,0.7615,0.4285,0.42914589,0.3233333333,0.3273809524,True,True,True,True,True
7,3,long,2025-03-03,ARCUSDT,0.17969,0.07083,0.07096067,0.3233333333,0.3203703704,True,True,True,True,True
7,3,long,2025-03-03,WIFUSDT,0.6433,0.424,0.42426102,0.3233333333,0.3273809524,True,True,True,True,True
7,3,long,2025-03-04,ARCUSDT,0.16693,0.07083,0.07096067,0.3233333333,0.3203703704,True,True,True,True,True
7,3,long,2025-03-04,NEIROUSDT,0.0003074,0.000208,0.0002092,0.3233333333,0.3298245614,True,False,False,False,True
7,3,long,2025-03-05,ADAUSDT,0.9736,0.6461,0.64712619,0.3233333333,0.3316498316,True,True,True,True,True
7,3,long,2025-03-05,ARCUSDT,0.16303,0.06343,0.06361683,0.3233333333,0.3203703704,True,True,True,True,True
7,3,long,2025-03-05,FARTCOINUSDT,0.3072,0.1987,0.1991,0.3233333333,0.3273809524,True,True,True,True,True
7,3,long,2025-03-05,NEIROUSDT,0.0003173,0.000208,0.0002092,0.3233333333,0.3298245614,True,True,True,True,True
7,3,long,2025-03-05,ONDOUSDT,1.1195,0.7284,0.73109614,0.3233333333,0.3269881557,True,True,True,True,True
7,3,long,2025-03-06,ARCUSDT,0.11898,0.05563,0.05572861,0.3233333333,0.3203703704,True,True,True,True,True
7,3,long,2025-03-07,ARCUSDT,0.10176,0.052,0.05217,0.3233333333,0.3203703704,True,True,True,True,True
7,3,long,2025-03-08,ARCUSDT,0.07597,0.04707,0.04722743,0.3233333333,0.3203703704,True,True,True,True,True
7,3,long,2025-03-09,ARCUSDT,0.08529,0.04707,0.04722743,0.3233333333,0.3203703704,True,True,True,True,True
7,3,long,2025-03-10,ARCUSDT,0.0784,0.04707,0.04722743,0.3233333333,0.3203703704,True,True,True,True,True
7,3,long,2025-03-11,ARCUSDT,0.07301,0.03747,0.03776097,0.3233333333,0.3203703704,True,True,True,True,True
7,3,long,2025-03-11,BNXUSDT,1.232,0.8067,0.80671433,0.3233333333,0.298245614,True,True,True,True,True
7,3,long,2025-03-12,ARCUSDT,0.07334,0.03747,0.03776097,0.3233333333,0.3203703704,True,True,True,True,True
7,3,long,2025-03-13,ARCUSDT,0.0591,0.03747,0.03776097,0.3233333333,0.3203703704,True,True,True,True,True
7,3,long,2025-03-16,ARCUSDT,0.06339,0.03747,0.03776097,0.3233333333,0.3203703704,True,True,True,True,True
7,3,long,2025-03-17,ARCUSDT,0.0621,0.03747,0.03776097,0.3233333333,0.3203703704,True,True,True,True,True
7,3,long,2025-03-24,ARCUSDT,0.07577,0.04322,0.04352717,0.3233333333,0.3203703704,True,True,True,True,True
7,3,long,2025-03-24,FARTCOINUSDT,0.5721,0.3829,0.383,0.3233333333,0.3273809524,True,True,True,True,True
7,3,long,2025-03-24,NEIROUSDT,0.0002873,0.0001923,0.00019249,0.3233333333,0.3298245614,True,True,True,True,True
7,3,long,2025-03-25,FARTCOINUSDT,0.5814,0.3829,0.383,0.3233333333,0.3273809524,True,True,True,True,True
7,3,long,2025-03-27,FARTCOINUSDT,0.5334,0.355,0.3558682,0.3233333333,0.3273809524,True,True,True,True,True
7,3,long,2025-04-01,ENAUSDT,0.369,0.2496,0.25017154,0.3233333333,0.3265993266,True,False,False,False,True
7,3,long,2025-04-26,TRUMPUSDT,15.604,10.28,10.3715414,0.3233333333,0.3257191201,True,True,True,True,True
7,3,long,2025-05-01,ALPACAUSDT,1.19,1.19,0.1693509,0.3233333333,0.2753623188,False,True,False,True,True
7,3,long,2025-05-01,LAYERUSDT,3.0705,1.1255,1.12766757,0.3233333333,0.3298245614,True,True,True,True,True
7,3,long,2025-05-02,ALPACAUSDT,1.19,1.19,0.1693509,0.3233333333,0.2753623188,False,True,False,True,True
7,3,long,2025-05-02,LAYERUSDT,2.8847,1.1255,1.12766757,0.3233333333,0.3298245614,True,True,True,True,True
7,3,long,2025-05-03,ALPACAUSDT,1.19,1.19,0.1693509,0.3233333333,0.2753623188,False,True,False,True,True
7,3,long,2025-05-03,LAYERUSDT,3.0726,1.1255,1.12766757,0.3233333333,0.3298245614,True,True,True,True,True
7,3,long,2025-05-04,ALPACAUSDT,1.19,1.19,0.1693509,0.3233333333,0.2753623188,False,True,False,True,True
7,3,long,2025-05-04,LAYERUSDT,3.2678,1.1255,1.12766757,0.3233333333,0.3298245614,True,True,True,True,True
7,3,long,2025-05-05,ALPACAUSDT,1.19,1.19,0.1693509,0.3233333333,0.2753623188,False,True,False,True,True
7,3,long,2025-05-05,LAYERUSDT,2.9587,1.0688,1.0910342,0.3233333333,0.3298245614,True,True,True,True,True
7,3,long,2025-05-06,ALPACAUSDT,1.19,1.19,0.18315747,0.3233333333,0.2753623188,False,True,False,True,True
7,3,long,2025-05-06,LAYERUSDT,1.7433,1.0688,1.0910342,0.3233333333,0.3298245614,True,True,True,True,True
7,3,long,2025-05-07,ALPACAUSDT,1.19,1.19,0.18315747,0.3233333333,0.2753623188,False,True,False,True,True
7,3,long,2025-05-08,ALPACAUSDT,1.19,1.19,0.18040001,0.3233333333,0.2753623188,False,True,False,True,True
7,3,long,2025-05-09,ALPACAUSDT,1.19,1.19,0.16032853,0.3233333333,0.2753623188,False,True,False,True,True
7,3,long,2025-05-10,ALPACAUSDT,1.19,1.19,0.15393042,0.3233333333,0.2753623188,False,True,False,True,True
7,3,long,2025-05-11,ALPACAUSDT,1.19,1.19,0.15393042,0.3233333333,0.2753623188,False,True,False,True,True
7,3,long,2025-05-12,ALPACAUSDT,1.19,1.19,0.15393042,0.3233333333,0.2753623188,False,True,False,True,True
7,3,long,2025-05-13,ALPACAUSDT,1.19,1.19,0.15393042,0.3233333333,0.2753623188,False,True,False,True,True
7,3,long,2025-05-14,ALPACAUSDT,1.19,1.19,0.15393042,0.3233333333,0.2753623188,False,True,False,True,True
7,3,long,2025-05-15,ALPACAUSDT,1.19,1.19,0.15393042,0.3233333333,0.2753623188,False,True,False,True,True
7,3,long,2025-05-16,ALPACAUSDT,1.19,1.19,0.15393042,0.3233333333,0.2753623188,False,True,False,True,True
7,3,long,2025-05-17,ALPACAUSDT,1.19,1.19,0.17105451,0.3233333333,0.2753623188,False,True,False,True,True
7,3,long,2025-05-18,ALPACAUSDT,1.19,1.19,0.16225171,0.3233333333,0.2753623188,False,True,False,True,True
7,3,long,2025-05-19,ALPACAUSDT,1.19,1.19,0.10691723,0.3233333333,0.2753623188,False,True,False,True,True
7,3,long,2025-05-20,ALPACAUSDT,1.19,1.19,0.09462218,0.3233333333,0.2753623188,False,True,False,True,True
7,3,long,2025-05-21,ALPACAUSDT,1.19,1.19,0.08223295,0.3233333333,0.2753623188,False,True,False,True,True
7,3,long,2025-05-22,ALPACAUSDT,1.19,1.19,0.08223295,0.3233333333,0.2753623188,False,True,False,True,True
7,3,long,2025-05-23,ALPACAUSDT,1.19,1.19,0.06408856,0.3233333333,0.2753623188,False,True,False,True,True
7,3,long,2025-05-24,ALPACAUSDT,1.19,1.19,0.05787471,0.3233333333,0.2753623188,False,True,False,True,True
7,3,long,2025-06-10,MOODENGUSDT,0.21334,0.14035,0.14049199,0.3233333333,0.3239316239,True,True,True,True,True
7,3,long,2025-06-10,NEIROUSDT,0.0005246,0.0003544,0.00035546,0.3233333333,0.3298245614,True,False,False,False,True
7,3,long,2025-06-15,FARTCOINUSDT,1.2098,0.7943,0.80174514,0.3233333333,0.3273809524,True,True,True,True,True
7,3,long,2025-06-16,FARTCOINUSDT,1.1816,0.7943,0.80174514,0.3233333333,0.3273809524,True,False,True,False,True
7,3,long,2025-07-18,FUNUSDT,0.019541,0.012627,0.0126314,0.3233333333,0.3114035088,True,True,True,True,True
7,3,long,2025-07-19,FUNUSDT,0.019712,0.012498,0.012517,0.3233333333,0.3114035088,True,True,True,True,True
7,3,long,2025-07-22,FARTCOINUSDT,1.6684,1.0703,1.07280389,0.3233333333,0.3273809524,True,True,True,True,True
7,3,long,2025-07-22,FUNUSDT,0.016649,0.011462,0.011464,0.3233333333,0.3114035088,False,False,True,True,True
7,3,long,2025-07-23,FARTCOINUSDT,1.5214,1,1.00331159,0.3233333333,0.3273809524,True,True,True,True,True
7,3,long,2025-07-25,FARTCOINUSDT,1.3684,0.8712,0.87233028,0.3233333333,0.3273809524,True,True,True,True,True
7,3,long,2025-07-26,FARTCOINUSDT,1.3253,0.8712,0.87233028,0.3233333333,0.3273809524,True,True,True,True,True
7,3,long,2025-07-27,FARTCOINUSDT,1.3437,0.8712,0.87233028,0.3233333333,0.3273809524,True,True,True,True,True
7,3,long,2025-09-09,MYXUSDT,14.478,9.88,10.084,0.3233333333,0.3148148148,False,False,True,False,True
7,3,long,2025-09-10,MYXUSDT,16.601,9.88,10.084,0.3233333333,0.3148148148,True,True,True,True,True
7,3,long,2025-09-15,PUMPUSDT,0.008628,0.005429,0.0054938,0.3233333333,0.3265993266,True,True,True,True,True
7,3,long,2025-09-17,FARTCOINUSDT,0.9273,0.5511,0.55538018,0.3233333333,0.3273809524,True,True,True,True,True
7,3,long,2025-09-17,MYXUSDT,16.776,8.08,8.165,0.3233333333,0.3148148148,True,True,True,True,True
7,3,long,2025-09-17,PUMPUSDT,0.008185,0.005359,0.00535941,0.3233333333,0.3265993266,True,True,True,True,True
7,3,long,2025-09-18,FARTCOINUSDT,0.9368,0.5436,0.54515715,0.3233333333,0.3273809524,True,True,True,True,True
7,3,long,2025-09-18,MYXUSDT,14.039,8.08,8.165,0.3233333333,0.3148148148,True,True,True,True,True
7,3,long,2025-09-18,PUMPUSDT,0.007821,0.004951,0.00495296,0.3233333333,0.3265993266,True,True,True,True,True
7,3,long,2025-09-19,PUMPUSDT,0.007161,0.004841,0.00484219,0.3233333333,0.3265993266,True,True,False,False,True
7,3,long,2025-09-27,MYXUSDT,14.443,4.95,5.03187564,0.3233333333,0.3148148148,True,True,True,True,True
7,3,long,2025-09-28,MYXUSDT,15.97,4.462,4.497,0.3233333333,0.3148148148,True,True,True,True,True
7,3,long,2025-09-29,MYXUSDT,16.113,4.44,4.45494179,0.3233333333,0.3148148148,True,True,True,True,True
7,3,long,2025-09-30,MYXUSDT,15.252,4.44,4.45494179,0.3233333333,0.3148148148,True,True,True,True,True
7,3,long,2025-10-01,MYXUSDT,15.48,4.44,4.45494179,0.3233333333,0.3148148148,True,True,True,True,True
7,3,long,2025-10-02,MYXUSDT,9.647,4.44,4.45494179,0.3233333333,0.3148148148,True,True,True,True,True
7,3,long,2025-10-03,1000PEPEUSDT,0.0101141,0.0027752,0.00281515,0.3233333333,0.3289716491,True,True,True,True,True
7,3,long,2025-10-03,ADAUSDT,0.8653,0.2743,0.2758,0.3233333333,0.3316498316,True,True,True,True,True
7,3,long,2025-10-03,AVAXUSDT,31.317,8.433,8.49632152,0.3233333333,0.3299832496,True,True,True,True,True
7,3,long,2025-10-03,DOGEUSDT,0.25811,0.08385,0.08867096,0.3233333333,0.3289716491,True,True,True,True,True
7,3,long,2025-10-03,ENAUSDT,0.6162,0.128,0.13129801,0.3233333333,0.3265993266,True,True,True,True,True
7,3,long,2025-10-03,HYPEUSDT,49.431,21.029,21.216,0.3233333333,0.3265993266,True,True,True,True,True
7,3,long,2025-10-03,LINEAUSDT,0.0277,0.00537,0.00567,0.3233333333,0.3239316239,True,True,True,True,True
7,3,long,2025-10-03,LINKUSDT,22.499,8.164,8.10722182,0.3233333333,0.3316498316,True,True,True,True,True
7,3,long,2025-10-03,MYXUSDT,8.27,0.819,0.878,0.3233333333,0.3148148148,True,True,True,True,True
7,3,long,2025-10-03,PUMPUSDT,0.006886,0.001469,0.001505,0.3233333333,0.3265993266,True,True,True,True,True
7,3,long,2025-10-03,SOLUSDT,232.74,141.28,143.8313647,0.3233333333,0.3299832496,True,True,True,True,True
7,3,long,2025-10-03,SOMIUSDT,0.8294,0.3158,0.3241,0.3233333333,0.3298245614,True,True,True,True,True
7,3,long,2025-10-03,SUIUSDT,3.5777,0.5669,0.57936787,0.3233333333,0.3265993266,True,True,True,True,True
7,3,long,2025-10-03,WLDUSDT,1.3385,0.2625,0.2632,0.3233333333,0.3265993266,True,True,True,True,True
7,3,long,2025-10-03,WLFIUSDT,0.2015,0.0719,0.07266816,0.3233333333,0.3265993266,True,True,True,True,True
7,3,long,2025-10-03,XPLUSDT,0.8697,0.25,0.2521,0.3233333333,0.3273809524,True,True,True,True,True
7,3,long,2025-10-03,XRPUSDT,3.0395,1.1792,1.19233581,0.3233333333,0.3299832496,True,True,True,True,True
7,3,long,2025-10-04,1000PEPEUSDT,0.0097556,0.0027752,0.00281515,0.3233333333,0.3289716491,True,True,True,True,True
7,3,long,2025-10-04,ADAUSDT,0.8391,0.2743,0.2758,0.3233333333,0.3316498316,True,True,True,True,True
7,3,long,2025-10-04,AVAXUSDT,30.093,8.433,8.49632152,0.3233333333,0.3299832496,True,True,True,True,True
7,3,long,2025-10-04,DOGEUSDT,0.2507,0.08385,0.08867096,0.3233333333,0.3289716491,True,True,True,True,True
7,3,long,2025-10-04,ENAUSDT,0.5886,0.128,0.13129801,0.3233333333,0.3265993266,True,True,True,True,True
7,3,long,2025-10-04,HYPEUSDT,49.121,21.029,21.216,0.3233333333,0.3265993266,True,True,True,True,True
7,3,long,2025-10-04,LINEAUSDT,0.0281,0.00537,0.00567,0.3233333333,0.3239316239,True,True,True,True,True
7,3,long,2025-10-04,LINKUSDT,22.009,8.164,8.10722182,0.3233333333,0.3316498316,True,True,True,True,True
7,3,long,2025-10-04,MYXUSDT,5.865,0.819,0.878,0.3233333333,0.3148148148,True,True,True,True,True
7,3,long,2025-10-04,PUMPUSDT,0.006664,0.001469,0.001505,0.3233333333,0.3265993266,True,True,True,True,True
7,3,long,2025-10-04,SOLUSDT,227.72,141.28,143.8313647,0.3233333333,0.3299832496,True,True,True,True,True
7,3,long,2025-10-04,SOMIUSDT,0.9059,0.3158,0.3241,0.3233333333,0.3298245614,True,True,True,True,True
7,3,long,2025-10-04,SUIUSDT,3.6215,0.5669,0.57936787,0.3233333333,0.3265993266,True,True,True,True,True
7,3,long,2025-10-04,WLDUSDT,1.2695,0.2625,0.2632,0.3233333333,0.3265993266,True,True,True,True,True
7,3,long,2025-10-04,WLFIUSDT,0.2008,0.0719,0.07266816,0.3233333333,0.3265993266,True,True,True,True,True
7,3,long,2025-10-04,XPLUSDT,0.8659,0.25,0.2521,0.3233333333,0.3273809524,True,True,True,True,True
7,3,long,2025-10-04,XRPUSDT,2.9675,1.1792,1.19233581,0.3233333333,0.3299832496,True,True,True,True,True
7,3,long,2025-10-05,1000PEPEUSDT,0.0097916,0.0027752,0.00281515,0.3233333333,0.3289716491,True,True,True,True,True
7,3,long,2025-10-05,ADAUSDT,0.8366,0.2743,0.2758,0.3233333333,0.3316498316,True,True,True,True,True
7,3,long,2025-10-05,AVAXUSDT,30.051,8.433,8.49632152,0.3233333333,0.3299832496,True,True,True,True,True
7,3,long,2025-10-05,DOGEUSDT,0.25268,0.08385,0.08867096,0.3233333333,0.3289716491,True,True,True,True,True
7,3,long,2025-10-05,ENAUSDT,0.5836,0.128,0.13129801,0.3233333333,0.3265993266,True,True,True,True,True
7,3,long,2025-10-05,HYPEUSDT,48.195,21.029,21.216,0.3233333333,0.3265993266,True,True,True,True,True
7,3,long,2025-10-05,LINEAUSDT,0.02687,0.00537,0.00567,0.3233333333,0.3239316239,True,True,True,True,True
7,3,long,2025-10-05,LINKUSDT,21.984,8.164,8.10722182,0.3233333333,0.3316498316,True,True,True,True,True
7,3,long,2025-10-05,MYXUSDT,4.57,0.819,0.878,0.3233333333,0.3148148148,True,True,True,True,True
7,3,long,2025-10-05,PUMPUSDT,0.006413,0.001469,0.001505,0.3233333333,0.3265993266,True,True,True,True,True
7,3,long,2025-10-05,SOLUSDT,228.45,141.28,143.8313647,0.3233333333,0.3299832496,True,True,True,True,True
7,3,long,2025-10-05,SOMIUSDT,0.9053,0.3158,0.3241,0.3233333333,0.3298245614,True,True,True,True,True
7,3,long,2025-10-05,SUIUSDT,3.5627,0.5669,0.57936787,0.3233333333,0.3265993266,True,True,True,True,True
7,3,long,2025-10-05,WLDUSDT,1.254,0.2625,0.2632,0.3233333333,0.3265993266,True,True,True,True,True
7,3,long,2025-10-05,WLFIUSDT,0.1998,0.0719,0.07266816,0.3233333333,0.3265993266,True,True,True,True,True
7,3,long,2025-10-05,XPLUSDT,0.9261,0.25,0.2521,0.3233333333,0.3273809524,True,True,True,True,True
7,3,long,2025-10-05,XRPUSDT,2.9679,1.1792,1.19233581,0.3233333333,0.3299832496,True,True,True,True,True
7,3,long,2025-10-06,1000PEPEUSDT,0.0102055,0.0027752,0.00281515,0.3233333333,0.3289716491,True,True,True,True,True
7,3,long,2025-10-06,ADAUSDT,0.8716,0.2743,0.2758,0.3233333333,0.3316498316,True,True,True,True,True
7,3,long,2025-10-06,AVAXUSDT,30.609,8.433,8.49632152,0.3233333333,0.3299832496,True,True,True,True,True
7,3,long,2025-10-06,BNBUSDT,1223.97,823.6,863.7,0.3233333333,0.3303152247,True,False,False,False,True
7,3,long,2025-10-06,DOGEUSDT,0.26601,0.08385,0.08867096,0.3233333333,0.3289716491,True,True,True,True,True
7,3,long,2025-10-06,ENAUSDT,0.6031,0.128,0.13129801,0.3233333333,0.3265993266,True,True,True,True,True
7,3,long,2025-10-06,HYPEUSDT,47.213,21.029,21.216,0.3233333333,0.3265993266,True,True,True,True,True
7,3,long,2025-10-06,LINEAUSDT,0.02824,0.00537,0.00567,0.3233333333,0.3239316239,True,True,True,True,True
7,3,long,2025-10-06,LINKUSDT,23.368,8.164,8.10722182,0.3233333333,0.3316498316,True,True,True,True,True
7,3,long,2025-10-06,MYXUSDT,5.834,0.819,0.878,0.3233333333,0.3148148148,True,True,True,True,True
7,3,long,2025-10-06,PUMPUSDT,0.006186,0.001469,0.001505,0.3233333333,0.3265993266,True,True,True,True,True
7,3,long,2025-10-06,SOLUSDT,232.27,141.28,143.8313647,0.3233333333,0.3299832496,True,True,True,True,True
7,3,long,2025-10-06,SOMIUSDT,0.8799,0.3158,0.3241,0.3233333333,0.3298245614,True,True,True,True,True
7,3,long,2025-10-06,SUIUSDT,3.622,0.5669,0.57936787,0.3233333333,0.3265993266,True,True,True,True,True
7,3,long,2025-10-06,WLDUSDT,1.3074,0.2625,0.2632,0.3233333333,0.3265993266,True,True,True,True,True
7,3,long,2025-10-06,WLFIUSDT,0.1994,0.0719,0.07266816,0.3233333333,0.3265993266,True,True,True,True,True
7,3,long,2025-10-06,XPLUSDT,1.0409,0.25,0.2521,0.3233333333,0.3273809524,True,True,True,True,True
7,3,long,2025-10-06,XRPUSDT,2.9878,1.1792,1.19233581,0.3233333333,0.3299832496,True,True,True,True,True
7,3,long,2025-10-07,1000PEPEUSDT,0.009465,0.0027752,0.00281515,0.3233333333,0.3289716491,True,True,True,True,True
7,3,long,2025-10-07,ADAUSDT,0.8195,0.2743,0.2758,0.3233333333,0.3316498316,True,True,True,True,True
7,3,long,2025-10-07,AVAXUSDT,27.911,8.433,8.49632152,0.3233333333,0.3299832496,True,True,True,True,True
7,3,long,2025-10-07,BNBUSDT,1305.33,823.6,863.7,0.3233333333,0.3303152247,True,True,True,True,True
7,3,long,2025-10-07,DOGEUSDT,0.24671,0.08385,0.08867096,0.3233333333,0.3289716491,True,True,True,True,True
7,3,long,2025-10-07,ENAUSDT,0.5444,0.128,0.13129801,0.3233333333,0.3265993266,True,True,True,True,True
7,3,long,2025-10-07,HYPEUSDT,45.123,21.029,21.216,0.3233333333,0.3265993266,True,True,True,True,True
7,3,long,2025-10-07,LINEAUSDT,0.02616,0.00537,0.00567,0.3233333333,0.3239316239,True,True,True,True,True
7,3,long,2025-10-07,LINKUSDT,21.791,8.164,8.10722182,0.3233333333,0.3316498316,True,True,True,True,True
7,3,long,2025-10-07,MYXUSDT,5.511,0.819,0.878,0.3233333333,0.3148148148,True,True,True,True,True
7,3,long,2025-10-07,PUMPUSDT,0.006433,0.001469,0.001505,0.3233333333,0.3265993266,True,True,True,True,True
7,3,long,2025-10-07,SOLUSDT,219.84,141.28,143.8313647,0.3233333333,0.3299832496,True,True,True,True,True
7,3,long,2025-10-07,SOMIUSDT,0.8098,0.3158,0.3241,0.3233333333,0.3298245614,True,True,True,True,True
7,3,long,2025-10-07,SUIUSDT,3.4486,0.5669,0.57936787,0.3233333333,0.3265993266,True,True,True,True,True
7,3,long,2025-10-07,WLDUSDT,1.1923,0.2625,0.2632,0.3233333333,0.3265993266,True,True,True,True,True
7,3,long,2025-10-07,WLFIUSDT,0.1821,0.0719,0.07266816,0.3233333333,0.3265993266,True,True,True,True,True
7,3,long,2025-10-07,XPLUSDT,0.9207,0.25,0.2521,0.3233333333,0.3273809524,True,True,True,True,True
7,3,long,2025-10-07,XRPUSDT,2.8509,1.1792,1.19233581,0.3233333333,0.3299832496,True,True,True,True,True
7,3,long,2025-10-08,1000PEPEUSDT,0.0095638,0.0027752,0.00281515,0.3233333333,0.3289716491,True,True,True,True,True
7,3,long,2025-10-08,ADAUSDT,0.8385,0.2743,0.2758,0.3233333333,0.3316498316,True,True,True,True,True
7,3,long,2025-10-08,AVAXUSDT,28.804,8.433,8.49632152,0.3233333333,0.3299832496,True,True,True,True,True
7,3,long,2025-10-08,BNBUSDT,1306.84,823.6,863.7,0.3233333333,0.3303152247,True,True,True,True,True
7,3,long,2025-10-08,DOGEUSDT,0.25557,0.08385,0.08867096,0.3233333333,0.3289716491,True,True,True,True,True
7,3,long,2025-10-08,ENAUSDT,0.5768,0.128,0.13129801,0.3233333333,0.3265993266,True,True,True,True,True
7,3,long,2025-10-08,HYPEUSDT,46.645,21.029,21.216,0.3233333333,0.3265993266,True,True,True,True,True
7,3,long,2025-10-08,LINEAUSDT,0.02643,0.00537,0.00567,0.3233333333,0.3239316239,True,True,True,True,True
7,3,long,2025-10-08,LINKUSDT,22.625,8.164,8.10722182,0.3233333333,0.3316498316,True,True,True,True,True
7,3,long,2025-10-08,MYXUSDT,5.399,0.819,0.878,0.3233333333,0.3148148148,True,True,True,True,True
7,3,long,2025-10-08,PUMPUSDT,0.006163,0.001469,0.001505,0.3233333333,0.3265993266,True,True,True,True,True
7,3,long,2025-10-08,SOLUSDT,228.95,141.28,143.8313647,0.3233333333,0.3299832496,True,True,True,True,True
7,3,long,2025-10-08,SOMIUSDT,0.8211,0.3158,0.3241,0.3233333333,0.3298245614,True,True,True,True,True
7,3,long,2025-10-08,SUIUSDT,3.5339,0.5669,0.57936787,0.3233333333,0.3265993266,True,True,True,True,True
7,3,long,2025-10-08,WLDUSDT,1.2794,0.2625,0.2632,0.3233333333,0.3265993266,True,True,True,True,True
7,3,long,2025-10-08,WLFIUSDT,0.1862,0.0719,0.07266816,0.3233333333,0.3265993266,True,True,True,True,True
7,3,long,2025-10-08,XPLUSDT,0.8819,0.25,0.2521,0.3233333333,0.3273809524,True,True,True,True,True
7,3,long,2025-10-08,XRPUSDT,2.8786,1.1792,1.19233581,0.3233333333,0.3299832496,True,True,True,True,True
7,3,long,2025-10-09,1000PEPEUSDT,0.0092519,0.0027752,0.00281515,0.3233333333,0.3289716491,True,True,True,True,True
7,3,long,2025-10-09,ADAUSDT,0.815,0.2743,0.2758,0.3233333333,0.3316498316,True,True,True,True,True
7,3,long,2025-10-09,AVAXUSDT,28.374,8.433,8.49632152,0.3233333333,0.3299832496,True,True,True,True,True
7,3,long,2025-10-09,BNBUSDT,1256.16,823.6,863.7,0.3233333333,0.3303152247,True,False,True,False,True
7,3,long,2025-10-09,DOGEUSDT,0.24843,0.08385,0.08867096,0.3233333333,0.3289716491,True,True,True,True,True
7,3,long,2025-10-09,ENAUSDT,0.5464,0.128,0.13129801,0.3233333333,0.3265993266,True,True,True,True,True
7,3,long,2025-10-09,HYPEUSDT,43.965,21.029,21.216,0.3233333333,0.3265993266,True,True,True,True,True
7,3,long,2025-10-09,LINEAUSDT,0.02543,0.00537,0.00567,0.3233333333,0.3239316239,True,True,True,True,True
7,3,long,2025-10-09,LINKUSDT,21.986,8.164,8.10722182,0.3233333333,0.3316498316,True,True,True,True,True
7,3,long,2025-10-09,MYXUSDT,5.125,0.819,0.878,0.3233333333,0.3148148148,True,True,True,True,True
7,3,long,2025-10-09,PUMPUSDT,0.00553,0.001469,0.001505,0.3233333333,0.3265993266,True,True,True,True,True
7,3,long,2025-10-09,SOLUSDT,220.8,141.28,143.8313647,0.3233333333,0.3299832496,True,True,True,True,True
7,3,long,2025-10-09,SOMIUSDT,0.7396,0.3158,0.3241,0.3233333333,0.3298245614,True,True,True,True,True
7,3,long,2025-10-09,SUIUSDT,3.4063,0.5669,0.57936787,0.3233333333,0.3265993266,True,True,True,True,True
7,3,long,2025-10-09,WLDUSDT,1.1981,0.2625,0.2632,0.3233333333,0.3265993266,True,True,True,True,True
7,3,long,2025-10-09,WLFIUSDT,0.1794,0.0719,0.07266816,0.3233333333,0.3265993266,True,True,True,True,True
7,3,long,2025-10-09,XPLUSDT,0.7446,0.25,0.2521,0.3233333333,0.3273809524,True,True,True,True,True
7,3,long,2025-10-09,XRPUSDT,2.8011,1.1792,1.19233581,0.3233333333,0.3299832496,True,True,True,True,True
7,3,long,2025-10-13,MYXUSDT,3.727,2.521,2.56099067,0.3233333333,0.3148148148,True,False,True,False,True
7,3,long,2025-10-24,MYXUSDT,3.176,1.983,1.98582277,0.3233333333,0.3148148148,True,True,True,True,True
7,3,long,2025-10-26,XPLUSDT,0.3849,0.2519,0.25287646,0.3233333333,0.3273809524,True,True,True,True,True
7,3,long,2025-10-27,ENAUSDT,0.501,0.32,0.32368397,0.3233333333,0.3265993266,True,True,True,True,True
7,3,long,2025-10-28,ENAUSDT,0.4599,0.297,0.29736818,0.3233333333,0.3265993266,True,True,True,True,True
7,3,long,2025-10-28,XPLUSDT,0.3692,0.2231,0.22543711,0.3233333333,0.3273809524,True,True,True,True,True
7,3,long,2025-10-29,ENAUSDT,0.4426,0.297,0.29736818,0.3233333333,0.3265993266,True,True,True,True,True
7,3,long,2025-10-29,PUMPUSDT,0.005223,0.003411,0.00342013,0.3233333333,0.3265993266,True,True,True,True,True
7,3,long,2025-10-29,XPLUSDT,0.3325,0.2231,0.22543711,0.3233333333,0.3273809524,True,False,True,False,True
7,3,long,2025-11-01,COAIUSDT,1.446,0.793,0.813,0.3233333333,0.3148148148,True,True,True,True,True
7,3,long,2025-11-02,ASTERUSDT,1.2267,0.815,0.81890367,0.3233333333,0.3265993266,True,True,True,True,True
7,3,long,2025-11-02,COAIUSDT,1.3,0.793,0.813,0.3233333333,0.3148148148,True,True,True,True,True
7,3,long,2025-11-06,COAIUSDT,1.062,0.721,0.7225755,0.3233333333,0.3148148148,False,False,True,True,True
7,3,long,2025-11-07,COAIUSDT,1.219,0.653,0.6545078,0.3233333333,0.3148148148,True,True,True,True,True
7,3,long,2025-11-07,XPLUSDT,0.3346,0.2218,0.2225,0.3233333333,0.3273809524,True,True,True,True,True
7,3,long,2025-11-07,ZECUSDT,645.27,424.82,424.881732,0.3233333333,0.3265993266,True,True,True,True,True
7,3,long,2025-11-08,COAIUSDT,1.124,0.653,0.6545078,0.3233333333,0.3148148148,True,True,True,True,True
7,3,long,2025-11-09,COAIUSDT,1.039,0.653,0.6545078,0.3233333333,0.3148148148,True,True,True,True,True
7,3,long,2025-11-10,COAIUSDT,1.084,0.653,0.6545078,0.3233333333,0.3148148148,True,True,True,True,True
7,3,long,2025-11-10,PUMPUSDT,0.004505,0.002854,0.002856,0.3233333333,0.3265993266,True,True,True,True,True
7,3,long,2025-11-11,PUMPUSDT,0.004099,0.002762,0.00276368,0.3233333333,0.3265993266,True,True,False,False,True
7,3,long,2025-11-13,COAIUSDT,0.758,0.4908,0.49718837,0.3233333333,0.3148148148,True,True,True,True,True
7,3,long,2025-11-14,COAIUSDT,0.802,0.35,0.3947,0.3233333333,0.3148148148,True,True,True,True,True
7,3,long,2025-11-15,COAIUSDT,0.868,0.35,0.3947,0.3233333333,0.3148148148,True,True,True,True,True
7,3,long,2025-11-16,COAIUSDT,0.78,0.35,0.3947,0.3233333333,0.3148148148,True,True,True,True,True
7,3,long,2025-11-16,ZECUSDT,698.69,470,470.31,0.3233333333,0.3265993266,True,True,True,True,True
7,3,long,2025-11-17,COAIUSDT,0.738,0.35,0.3947,0.3233333333,0.3148148148,True,True,True,True,True
7,3,long,2025-11-18,COAIUSDT,0.763,0.35,0.3947,0.3233333333,0.3148148148,True,True,True,True,True
7,3,long,2025-11-19,COAIUSDT,0.653,0.35,0.3947,0.3233333333,0.3148148148,True,True,True,True,True
7,3,long,2025-11-20,COAIUSDT,0.5224,0.35,0.3947,0.3233333333,0.3148148148,True,False,True,False,True
7,3,long,2025-11-24,ZECUSDT,519.25,321.59,322.2278525,0.3233333333,0.3265993266,True,True,True,True,True
7,3,long,2025-11-25,ZECUSDT,510.65,305.19,305.9781661,0.3233333333,0.3265993266,True,True,True,True,True
7,3,long,2025-11-26,ZECUSDT,526.22,300.78,301.2792598,0.3233333333,0.3265993266,True,True,True,True,True
7,3,long,2025-11-27,ZECUSDT,489.74,300.78,301.2792598,0.3233333333,0.3265993266,True,True,True,True,True
7,3,long,2025-11-28,ZECUSDT,452.04,300.78,301.2792598,0.3233333333,0.3265993266,True,True,True,True,True
7,3,long,2025-11-29,ZECUSDT,460.34,300.78,301.2792598,0.3233333333,0.3265993266,True,True,True,True,True
7,3,long,2026-01-01,BEATUSDT,1.1155,0.467,0.47995167,0.3233333333,0.3148148148,True,True,True,True,True
7,3,long,2026-01-01,PIPPINUSDT,0.39114,0.2222,0.23549367,0.3233333333,0.3271929825,True,True,True,True,True
7,3,long,2026-01-02,BEATUSDT,0.8086,0.459,0.4604,0.3233333333,0.3148148148,True,True,True,True,True
7,3,long,2026-01-02,PIPPINUSDT,0.37269,0.2222,0.23549367,0.3233333333,0.3271929825,True,True,True,True,True
7,3,long,2026-01-03,BEATUSDT,0.7907,0.43,0.4309,0.3233333333,0.3148148148,True,True,True,True,True
7,3,long,2026-01-03,PIPPINUSDT,0.42362,0.2222,0.23549367,0.3233333333,0.3271929825,True,True,True,True,True
7,3,long,2026-01-04,BEATUSDT,0.7897,0.411,0.41754124,0.3233333333,0.3148148148,True,True,True,True,True
7,3,long,2026-01-04,PIPPINUSDT,0.48944,0.2222,0.23549367,0.3233333333,0.3271929825,True,True,True,True,True
7,3,long,2026-01-05,BEATUSDT,0.706,0.3843,0.38547256,0.3233333333,0.3148148148,True,True,True,True,True
7,3,long,2026-01-05,PIPPINUSDT,0.33824,0.2222,0.23549367,0.3233333333,0.3271929825,True,False,True,False,True
7,3,long,2026-01-06,BEATUSDT,0.5848,0.3661,0.36917008,0.3233333333,0.3148148148,True,True,True,True,True
7,3,long,2026-01-07,BEATUSDT,0.5573,0.3661,0.36917008,0.3233333333,0.3148148148,True,True,True,True,True
7,3,long,2026-01-13,BEATUSDT,0.41,0.2525,0.2542,0.3233333333,0.3148148148,True,True,True,True,True
7,3,long,2026-01-13,FOLKSUSDT,3.671,2.342,2.364,0.3233333333,0.3298245614,True,True,True,True,True
7,3,long,2026-01-13,LIGHTUSDT,0.6143,0.405,0.41068989,0.3233333333,0.3148148148,True,True,True,True,True
7,3,long,2026-01-14,BEATUSDT,0.3893,0.2525,0.2542,0.3233333333,0.3148148148,True,True,True,True,True
7,3,long,2026-01-14,FOLKSUSDT,3.578,2.306,2.31822162,0.3233333333,0.3298245614,True,True,True,True,True
7,3,long,2026-01-15,BEATUSDT,0.3747,0.2525,0.25401563,0.3233333333,0.3148148148,True,False,True,True,True
7,3,long,2026-01-15,FOLKSUSDT,3.421,2.256,2.26350845,0.3233333333,0.3298245614,True,True,True,True,True
7,3,long,2026-01-16,BEATUSDT,0.3776,0.2525,0.25401563,0.3233333333,0.3148148148,True,True,True,True,True
7,3,long,2026-01-16,FOLKSUSDT,3.509,2.256,2.26350845,0.3233333333,0.3298245614,True,True,True,True,True
7,3,long,2026-01-17,BEATUSDT,0.4021,0.2525,0.25401563,0.3233333333,0.3148148148,True,True,True,True,True
7,3,long,2026-01-17,FOLKSUSDT,3.4,2.256,2.26350845,0.3233333333,0.3298245614,True,True,True,True,True
7,3,long,2026-01-18,BEATUSDT,0.3946,0.2424,0.2429,0.3233333333,0.3148148148,True,True,True,True,True
7,3,long,2026-01-18,FOLKSUSDT,3.305,2.014,2.02942674,0.3233333333,0.3298245614,True,True,True,True,True
7,3,long,2026-01-23,PIPPINUSDT,0.38054,0.2062,0.2064,0.3233333333,0.3271929825,True,True,True,True,True
7,3,long,2026-01-24,BEATUSDT,0.2808,0.1759,0.17934351,0.3233333333,0.3148148148,True,True,True,True,True
7,3,long,2026-01-24,FOLKSUSDT,2.441,1.38,1.39546752,0.3233333333,0.3298245614,True,True,True,True,True
7,3,long,2026-01-24,LIGHTUSDT,0.5094,0.2742,0.28143615,0.3233333333,0.3148148148,True,True,True,True,True
7,3,long,2026-01-24,PIPPINUSDT,0.38204,0.18245,0.18313,0.3233333333,0.3271929825,True,True,True,True,True
7,3,long,2026-01-25,PIPPINUSDT,0.31754,0.17096,0.17104,0.3233333333,0.3271929825,True,True,True,True,True
7,3,long,2026-01-26,PIPPINUSDT,0.29655,0.17096,0.17104,0.3233333333,0.3271929825,True,True,True,True,True
7,3,long,2026-01-27,PIPPINUSDT,0.4518,0.16217,0.1638,0.3233333333,0.3271929825,True,True,True,True,True
7,3,long,2026-01-27,ZECUSDT,399.39,266.03,266.1951149,0.3233333333,0.3265993266,True,True,True,True,True
7,3,long,2026-01-28,PIPPINUSDT,0.4071,0.16217,0.1638,0.3233333333,0.3271929825,True,True,True,True,True
7,3,long,2026-01-29,ETHUSDT,2821,1813.44,1817.070628,0.3233333333,0.3306559572,True,True,True,True,True
7,3,long,2026-01-29,PIPPINUSDT,0.30505,0.15558,0.1568,0.3233333333,0.3271929825,True,True,True,True,True
7,3,long,2026-01-29,SOLUSDT,117.72,77.49,77.62692977,0.3233333333,0.3299832496,True,True,True,True,True
7,3,long,2026-01-29,SUIUSDT,1.3201,0.8751,0.8768,0.3233333333,0.3265993266,True,True,True,True,True
7,3,long,2026-01-29,XRPUSDT,1.8065,1.137,1.13822493,0.3233333333,0.3299832496,True,True,True,True,True
7,3,long,2026-01-29,ZECUSDT,353.31,203.05,203.2029849,0.3233333333,0.3265993266,True,True,True,True,True
7,3,long,2026-01-30,1000PEPEUSDT,0.0046367,0.0031011,0.00310971,0.3233333333,0.3289716491,True,True,True,True,True
7,3,long,2026-01-30,BNBUSDT,859.11,572,571.7323373,0.3233333333,0.3303152247,True,True,True,True,True
7,3,long,2026-01-30,ETHUSDT,2705.66,1736.02,1742.95,0.3233333333,0.3306559572,True,True,True,True,True
7,3,long,2026-01-30,LINKUSDT,10.784,7.117,7.181,0.3233333333,0.3316498316,True,True,True,True,True
7,3,long,2026-01-30,PIPPINUSDT,0.23651,0.15558,0.1568,0.3233333333,0.3271929825,True,True,True,True,True
7,3,long,2026-01-30,SOLUSDT,117.54,67.29,67.55330364,0.3233333333,0.3299832496,True,True,True,True,True
7,3,long,2026-01-30,SUIUSDT,1.273,0.788,0.7905,0.3233333333,0.3265993266,True,True,True,True,True
7,3,long,2026-01-30,XRPUSDT,1.7337,1.1174,1.1194,0.3233333333,0.3299832496,True,True,True,True,True
7,3,long,2026-01-30,ZECUSDT,340.35,184.3,185.3561126,0.3233333333,0.3265993266,True,True,True,True,True
7,3,long,2026-01-31,SOLUSDT,105.45,67.29,67.55330364,0.3233333333,0.3299832496,True,True,True,True,True
7,3,long,2026-01-31,ZECUSDT,302.81,184.3,185.3561126,0.3233333333,0.3265993266,True,True,True,True,True
7,3,long,2026-02-01,AXSUSDT,1.73,1.159,1.16533468,0.3233333333,0.3273809524,True,True,True,False,True
7,3,long,2026-02-01,PUMPUSDT,0.002556,0.00166,0.001679,0.3233333333,0.3265993266,True,True,True,True,True
7,3,long,2026-02-01,SOLUSDT,100.73,67.29,67.55330364,0.3233333333,0.3299832496,True,True,True,False,True
7,3,long,2026-02-01,ZECUSDT,305.85,184.3,185.3561126,0.3233333333,0.3265993266,True,True,True,True,True
7,3,long,2026-02-02,RIVERUSDT,17.74,11.583,11.67652086,0.3233333333,0.3298245614,True,True,True,True,True
7,3,long,2026-02-02,SOLUSDT,104.48,67.29,67.55330364,0.3233333333,0.3299832496,True,True,True,True,True
7,3,long,2026-02-02,ZECUSDT,295.54,184.3,185.3561126,0.3233333333,0.3265993266,True,True,True,True,True
7,3,long,2026-02-10,RIVERUSDT,17.174,8.613,8.659,0.3233333333,0.3298245614,True,True,True,True,True
7,3,long,2026-02-11,RIVERUSDT,15.642,7.226,7.25511914,0.3233333333,0.3298245614,True,True,True,True,True
7,3,long,2026-02-12,RIVERUSDT,22.051,7.226,7.25511914,0.3233333333,0.3298245614,True,True,True,True,True
7,3,long,2026-02-13,RIVERUSDT,18.222,7.226,7.25511914,0.3233333333,0.3298245614,True,True,True,True,True
7,3,long,2026-02-14,PIPPINUSDT,0.70548,0.43565,0.43589,0.3233333333,0.3271929825,True,True,True,True,True
7,3,long,2026-02-14,RIVERUSDT,14.583,7.226,7.25511914,0.3233333333,0.3298245614,True,True,True,True,True
7,3,long,2026-02-15,PIPPINUSDT,0.7007,0.43565,0.43589,0.3233333333,0.3271929825,True,True,True,True,True
7,3,long,2026-02-15,RIVERUSDT,12.519,7.226,7.25511914,0.3233333333,0.3298245614,True,True,True,True,True
7,3,long,2026-02-16,PIPPINUSDT,0.66663,0.43565,0.43589,0.3233333333,0.3271929825,True,True,True,True,True
7,3,long,2026-02-16,RIVERUSDT,12.744,7.068,7.14829625,0.3233333333,0.3298245614,True,True,True,True,True
7,3,long,2026-02-24,PIPPINUSDT,0.81198,0.37902,0.38022,0.3233333333,0.3271929825,True,True,True,True,True
7,3,long,2026-02-25,PIPPINUSDT,0.74162,0.303,0.30686,0.3233333333,0.3271929825,True,True,True,True,True
7,3,long,2026-02-26,PIPPINUSDT,0.80943,0.303,0.30686,0.3233333333,0.3271929825,True,True,True,True,True
7,3,long,2026-02-27,PIPPINUSDT,0.64548,0.303,0.30686,0.3233333333,0.3271929825,True,True,True,True,True
7,3,long,2026-02-28,PIPPINUSDT,0.5912,0.303,0.30686,0.3233333333,0.3271929825,True,True,True,True,True
7,3,long,2026-03-01,PIPPINUSDT,0.57084,0.303,0.30686,0.3233333333,0.3271929825,True,True,True,True,True
7,3,long,2026-03-01,POWERUSDT,1.72802,0.10717,0.10803314,0.3233333333,0.3287037037,True,True,True,True,True
7,3,long,2026-03-02,PIPPINUSDT,0.55442,0.303,0.30686,0.3233333333,0.3271929825,True,True,True,True,True
7,3,long,2026-03-02,POWERUSDT,1.82383,0.10717,0.10803314,0.3233333333,0.3287037037,True,True,True,True,True
7,3,long,2026-03-03,BULLAUSDT,0.02496,0.00841,0.00843636,0.3233333333,0.3148148148,True,True,True,True,True
7,3,long,2026-03-03,POWERUSDT,0.18213,0.10717,0.10803314,0.3233333333,0.3287037037,True,True,True,True,True
7,3,long,2026-03-03,RIVERUSDT,18.364,10.56,10.624,0.3233333333,0.3298245614,True,True,True,True,True
7,3,long,2026-03-04,BULLAUSDT,0.0257,0.00841,0.00843636,0.3233333333,0.3148148148,True,True,True,True,True
7,3,long,2026-03-04,POWERUSDT,0.16594,0.10717,0.10803314,0.3233333333,0.3287037037,True,True,True,True,True
7,3,long,2026-03-04,RIVERUSDT,17.719,10.56,10.624,0.3233333333,0.3298245614,True,True,True,True,True
7,3,long,2026-03-05,BULLAUSDT,0.02491,0.008,0.00810262,0.3233333333,0.3148148148,True,True,True,True,True
7,3,long,2026-03-05,RIVERUSDT,16.688,10.56,10.624,0.3233333333,0.3298245614,True,True,True,True,True
7,3,long,2026-03-06,BULLAUSDT,0.02657,0.008,0.00810262,0.3233333333,0.3148148148,True,True,True,True,True
7,3,long,2026-03-06,RIVERUSDT,16.654,10.56,10.624,0.3233333333,0.3298245614,True,True,True,True,True
7,3,long,2026-03-07,BULLAUSDT,0.02464,0.008,0.00810262,0.3233333333,0.3148148148,True,True,True,True,True
7,3,long,2026-03-07,RIVERUSDT,15.795,10.56,10.624,0.3233333333,0.3298245614,True,True,True,False,True
7,3,long,2026-03-08,BULLAUSDT,0.02414,0.008,0.00810262,0.3233333333,0.3148148148,True,True,True,True,True
7,3,long,2026-03-09,BULLAUSDT,0.02259,0.008,0.00810262,0.3233333333,0.3148148148,True,True,True,True,True
7,3,long,2026-03-09,PIPPINUSDT,0.37002,0.17528,0.17617359,0.3233333333,0.3271929825,True,True,True,True,True
7,3,long,2026-03-10,BULLAUSDT,0.01165,0.00663,0.00688,0.3233333333,0.3148148148,True,True,True,True,True
7,3,long,2026-03-10,PIPPINUSDT,0.3549,0.1253,0.12636,0.3233333333,0.3271929825,True,True,True,True,True
7,3,long,2026-03-11,PIPPINUSDT,0.36109,0.0891,0.08917936,0.3233333333,0.3271929825,True,True,True,True,True
7,3,long,2026-03-12,PIPPINUSDT,0.35266,0.0891,0.08917936,0.3233333333,0.3271929825,True,True,True,True,True
7,3,long,2026-03-13,BULLAUSDT,0.00955,0.00627,0.00630679,0.3233333333,0.3148148148,True,True,True,True,True
7,3,long,2026-03-13,PIPPINUSDT,0.35935,0.07647,0.07696,0.3233333333,0.3271929825,True,True,True,True,True
7,3,long,2026-03-14,PIPPINUSDT,0.37271,0.07647,0.07696,0.3233333333,0.3271929825,True,True,True,True,True
7,3,long,2026-03-15,PIPPINUSDT,0.36953,0.07647,0.07696,0.3233333333,0.3271929825,True,True,True,True,True
7,3,long,2026-03-16,PIPPINUSDT,0.18473,0.06752,0.06799,0.3233333333,0.3271929825,True,True,True,True,True
7,3,long,2026-03-17,PIPPINUSDT,0.12734,0.06752,0.06799,0.3233333333,0.3271929825,True,True,True,True,True
7,3,long,2026-03-18,PIPPINUSDT,0.09455,0.0421,0.04247906,0.3233333333,0.3271929825,True,True,True,True,True
7,3,long,2026-03-18,RIVERUSDT,26.148,17.536,17.60792202,0.3233333333,0.3298245614,True,True,False,False,True
7,3,long,2026-03-19,PIPPINUSDT,0.09545,0.0421,0.04247906,0.3233333333,0.3271929825,True,True,True,True,True
7,3,long,2026-03-19,RIVERUSDT,24.316,15.095,15.128,0.3233333333,0.3298245614,True,True,True,True,True
7,3,long,2026-03-20,BULLAUSDT,0.00724,0.00488,0.00500912,0.3233333333,0.3148148148,True,False,True,False,True
7,3,long,2026-03-20,PIPPINUSDT,0.10142,0.0421,0.04247906,0.3233333333,0.3271929825,True,True,True,True,True
7,3,long,2026-03-20,RIVERUSDT,22.16,12.152,12.167,0.3233333333,0.3298245614,True,True,True,True,True
7,3,long,2026-03-21,BULLAUSDT,0.00743,0.00474,0.00476911,0.3233333333,0.3148148148,True,True,True,True,True
7,3,long,2026-03-21,PIPPINUSDT,0.09852,0.0421,0.04247906,0.3233333333,0.3271929825,True,True,True,True,True
7,3,long,2026-03-21,RIVERUSDT,25.281,12.152,12.167,0.3233333333,0.3298245614,True,True,True,True,True
7,3,long,2026-03-22,BULLAUSDT,0.00664,0.00453,0.00461,0.3233333333,0.3148148148,False,False,True,False,True
7,3,long,2026-03-22,PIPPINUSDT,0.0908,0.0421,0.04247906,0.3233333333,0.3271929825,True,True,True,True,True
7,3,long,2026-03-22,RIVERUSDT,29.352,12.152,12.167,0.3233333333,0.3298245614,True,True,True,True,True
7,3,long,2026-03-23,PIPPINUSDT,0.07164,0.0421,0.04247906,0.3233333333,0.3271929825,True,True,True,True,True
7,3,long,2026-03-23,RIVERUSDT,23.252,12.152,12.167,0.3233333333,0.3298245614,True,True,True,True,True
7,3,long,2026-03-24,PIPPINUSDT,0.07988,0.0421,0.04247906,0.3233333333,0.3271929825,True,True,True,True,True
7,3,long,2026-03-24,RIVERUSDT,22.759,12.152,12.167,0.3233333333,0.3298245614,True,True,True,True,True
7,3,long,2026-03-25,RIVERUSDT,20.843,12.152,12.167,0.3233333333,0.3298245614,True,True,True,True,True
7,3,long,2026-03-27,PIPPINUSDT,0.05181,0.02702,0.02715881,0.3233333333,0.3271929825,True,True,True,True,True
7,3,long,2026-03-28,PIPPINUSDT,0.05594,0.02702,0.02715881,0.3233333333,0.3271929825,True,True,True,True,True
7,3,long,2026-03-29,PIPPINUSDT,0.05296,0.02702,0.02715881,0.3233333333,0.3271929825,True,True,True,True,True
7,3,long,2026-03-30,PIPPINUSDT,0.05363,0.02702,0.02715881,0.3233333333,0.3271929825,True,True,True,True,True
7,3,long,2026-03-30,RIVERUSDT,16.328,10.11,10.14447621,0.3233333333,0.3298245614,True,True,True,True,True
7,3,long,2026-03-31,PIPPINUSDT,0.04844,0.02702,0.02715881,0.3233333333,0.3271929825,True,True,True,True,True
7,3,long,2026-03-31,RIVERUSDT,16.432,10.11,10.14447621,0.3233333333,0.3298245614,True,True,True,True,True
7,3,long,2026-04-01,PIPPINUSDT,0.05854,0.02702,0.02715881,0.3233333333,0.3271929825,True,True,True,True,True
7,3,long,2026-04-01,RIVERUSDT,15.113,10.11,10.14447621,0.3233333333,0.3298245614,True,True,True,False,True
7,3,long,2026-04-01,SIRENUSDT,0.2575,0.13089,0.13108629,0.3233333333,0.3192592593,True,True,True,True,True
7,3,long,2026-04-02,PIPPINUSDT,0.06323,0.02702,0.02715881,0.3233333333,0.3271929825,True,True,True,True,True
7,3,long,2026-04-02,SIRENUSDT,0.19447,0.13089,0.13108629,0.3233333333,0.3192592593,True,True,True,True,True
7,3,long,2026-04-03,RIVERUSDT,11.758,7.902,8.00869504,0.3233333333,0.3298245614,True,False,False,False,True
7,3,long,2026-04-04,PIPPINUSDT,0.04132,0.02738,0.02797842,0.3233333333,0.3271929825,True,False,True,False,True
7,3,long,2026-04-04,RIVERUSDT,12.066,7.902,8.00869504,0.3233333333,0.3298245614,True,True,True,True,True
7,3,long,2026-04-05,PIPPINUSDT,0.04526,0.02529,0.02536746,0.3233333333,0.3271929825,True,True,True,True,True
7,3,long,2026-04-06,RIVERUSDT,12.718,6.956,7.04857826,0.3233333333,0.3298245614,True,True,True,True,True
7,3,long,2026-04-07,RIVERUSDT,11.561,6.956,7.04857826,0.3233333333,0.3298245614,True,True,True,True,True
7,3,long,2026-04-08,RIVERUSDT,11.02,6.956,7.04857826,0.3233333333,0.3298245614,True,True,True,True,True
7,3,long,2026-04-09,RIVERUSDT,10.492,6.956,7.04857826,0.3233333333,0.3298245614,True,True,True,False,True
7,3,long,2026-04-10,SIRENUSDT,0.68565,0.2674,0.26998232,0.3233333333,0.3192592593,True,True,True,True,True
7,3,long,2026-04-11,RIVERUSDT,9.042,5.907,5.91482538,0.3233333333,0.3298245614,True,True,True,True,True
7,3,long,2026-04-11,SIRENUSDT,0.70393,0.2674,0.26998232,0.3233333333,0.3192592593,True,True,True,True,True
7,3,long,2026-04-12,RIVERUSDT,8.57,5.453,5.466,0.3233333333,0.3298245614,True,True,True,True,True
7,3,long,2026-04-12,SIRENUSDT,0.79801,0.2674,0.26998232,0.3233333333,0.3192592593,True,True,True,True,True
7,3,long,2026-04-13,RIVERUSDT,8.169,4.321,4.332,0.3233333333,0.3298245614,True,True,True,True,True
7,3,long,2026-04-13,SIRENUSDT,0.77106,0.2674,0.26998232,0.3233333333,0.3192592593,True,True,True,True,True
7,3,long,2026-04-14,RIVERUSDT,9.351,4.321,4.332,0.3233333333,0.3298245614,True,True,True,True,True
7,3,long,2026-04-14,SIRENUSDT,0.71058,0.2674,0.26998232,0.3233333333,0.3192592593,True,True,True,True,True
7,3,long,2026-04-15,RIVERUSDT,7.441,4.321,4.332,0.3233333333,0.3298245614,True,True,True,True,True
7,3,long,2026-04-15,SIRENUSDT,0.7852,0.2674,0.26998232,0.3233333333,0.3192592593,True,True,True,True,True
7,3,long,2026-04-16,PIPPINUSDT,0.04085,0.02169,0.02219143,0.3233333333,0.3271929825,True,True,True,True,True
7,3,long,2026-04-16,RIVERUSDT,7.799,4.321,4.332,0.3233333333,0.3298245614,True,True,True,True,True
7,3,long,2026-04-16,SIRENUSDT,1.9752,0.2674,0.26998232,0.3233333333,0.3192592593,True,True,True,True,True
7,3,long,2026-04-17,RIVERUSDT,7.64,4.321,4.332,0.3233333333,0.3298245614,True,True,True,True,True
7,3,long,2026-04-18,SIRENUSDT,0.7487,0.4936,0.50326265,0.3233333333,0.3192592593,True,True,True,True,True
7,3,long,2026-05-07,SIRENUSDT,0.9466,0.501,0.5031,0.3233333333,0.3192592593,True,True,True,True,True
7,3,long,2026-05-08,SIRENUSDT,1.1016,0.4705,0.47324738,0.3233333333,0.3192592593,True,True,True,True,True
7,3,long,2026-05-09,RAVEUSDT,0.7982,0.5231,0.5346,0.3233333333,0.3203703704,True,True,True,True,True
7,3,long,2026-05-09,SIRENUSDT,1.2871,0.4705,0.47324738,0.3233333333,0.3192592593,True,True,True,True,True
7,3,long,2026-05-10,SIRENUSDT,1.1554,0.4512,0.46332771,0.3233333333,0.3192592593,True,True,True,True,True
7,3,long,2026-05-11,SIRENUSDT,1.1374,0.4512,0.46332771,0.3233333333,0.3192592593,True,True,True,True,True
7,3,long,2026-05-12,SIRENUSDT,1.1627,0.4512,0.46332771,0.3233333333,0.3192592593,True,True,True,True,True
7,3,long,2026-05-13,SIRENUSDT,1.1397,0.4512,0.46332771,0.3233333333,0.3192592593,True,True,True,True,True
7,3,long,2026-05-29,ADAUSDT,0.2328,0.1543,0.15439971,0.3233333333,0.3316498316,True,True,True,True,True
7,3,long,2026-05-29,ZECUSDT,529.55,250,252.27,0.3233333333,0.3265993266,True,True,True,True,True
7,3,long,2026-05-30,ADAUSDT,0.2358,0.1485,0.1486,0.3233333333,0.3316498316,True,True,True,True,True
7,3,long,2026-05-30,ZECUSDT,528.2,250,252.27,0.3233333333,0.3265993266,True,True,True,True,True
7,3,long,2026-05-31,ADAUSDT,0.2355,0.1485,0.1486,0.3233333333,0.3316498316,True,True,True,True,True
7,3,long,2026-05-31,ZECUSDT,568.5,250,252.27,0.3233333333,0.3265993266,True,True,True,True,True
7,3,long,2026-06-01,ADAUSDT,0.2309,0.1485,0.1486,0.3233333333,0.3316498316,True,True,True,True,True
7,3,long,2026-06-01,BSBUSDT,0.27756,0.18521,0.18639815,0.3233333333,0.3148148148,True,True,True,True,True
7,3,long,2026-06-01,LABUSDT,15.6493,5.7586,5.8381015,0.3233333333,0.3148148148,True,True,True,True,True
7,3,long,2026-06-01,SKYAIUSDT,0.19957,0.1328,0.13316657,0.3233333333,0.3148148148,True,True,True,True,True
7,3,long,2026-06-01,ZECUSDT,544.33,250,252.27,0.3233333333,0.3265993266,True,True,True,True,True
7,3,long,2026-06-02,LABUSDT,15.4302,8.53,8.535,0.3233333333,0.3148148148,True,True,True,True,True
7,3,long,2026-06-02,ZECUSDT,609.45,250,252.27,0.3233333333,0.3265993266,True,True,True,True,True
7,3,long,2026-06-03,LABUSDT,15.3623,7.593,7.611,0.3233333333,0.3148148148,True,True,True,True,True
7,3,long,2026-06-03,NEARUSDT,2.816,1.794,1.81566883,0.3233333333,0.3265993266,True,True,True,True,True
7,3,long,2026-06-03,ZECUSDT,621.04,250,252.27,0.3233333333,0.3265993266,True,True,True,True,True
7,3,long,2026-06-04,LABUSDT,12.05,6.577,6.58181364,0.3233333333,0.3148148148,True,True,True,True,True
7,3,long,2026-06-04,ZECUSDT,459.59,250,252.27,0.3233333333,0.3265993266,True,True,True,True,True
7,3,long,2026-06-05,LABUSDT,9.692,6.577,6.58181364,0.3233333333,0.3148148148,False,False,True,True,True
7,3,long,2026-06-06,LABUSDT,13.425,6.577,6.58181364,0.3233333333,0.3148148148,True,True,True,True,True
7,3,long,2026-06-06,SKYAIUSDT,0.34963,0.1513,0.15138,0.3233333333,0.3148148148,True,True,True,True,True
7,3,long,2026-06-07,LABUSDT,12.85,6.577,6.58181364,0.3233333333,0.3148148148,True,True,True,True,True
7,3,long,2026-06-07,SKYAIUSDT,0.22476,0.1513,0.15138,0.3233333333,0.3148148148,True,True,True,True,True
7,3,long,2026-06-08,LABUSDT,11.64,6.577,6.58181364,0.3233333333,0.3148148148,True,True,True,True,True
7,3,long,2026-06-08,SKYAIUSDT,0.22685,0.1513,0.15138,0.3233333333,0.3148148148,True,True,True,True,True
7,3,long,2026-06-16,BSBUSDT,0.53651,0.27506,0.27618097,0.3233333333,0.3148148148,True,True,True,True,True
7,3,long,2026-06-17,BSBUSDT,0.5962,0.27506,0.27618097,0.3233333333,0.3148148148,True,True,True,True,True
7,3,long,2026-06-18,LABUSDT,17.789,11.001,11.059,0.3233333333,0.3148148148,True,True,True,True,True
7,3,long,2026-06-20,BSBUSDT,0.36258,0.22536,0.22869455,0.3233333333,0.3148148148,True,True,True,True,True
7,3,long,2026-06-20,SKYAIUSDT,0.36362,0.24421,0.24499,0.3233333333,0.3148148148,True,True,True,True,True
7,3,long,2026-06-21,SKYAIUSDT,0.37046,0.13001,0.13094607,0.3233333333,0.3148148148,True,True,True,True,True
7,3,short,2021-02-01,AAVEUSDT,295.759,549.99,546.0736876,0.3233333333,0.3201320132,True,True,True,True,True
7,3,short,2021-02-01,ADAUSDT,0.40983,0.72735,0.72544279,0.3233333333,0.3250825083,True,True,True,True,True
7,3,short,2021-02-01,BNBUSDT,51.483,80.386,80.10248647,0.3233333333,0.3263750828,True,True,True,True,True
7,3,short,2021-02-01,BTCUSDT,33546.09,47146,46796.91755,0.3233333333,0.3280212483,True,True,True,True,True
7,3,short,2021-02-01,CRVUSDT,2.548,3.686,3.68047237,0.3233333333,0.3235973597,True,True,True,True,True
7,3,short,2021-02-01,DOGEUSDT,0.034835,0.08781,0.08708865,0.3233333333,0.3247226362,True,True,True,True,True
7,3,short,2021-02-01,DOTUSDT,16.468,23.777,23.763,0.3233333333,0.3235973597,True,True,True,True,True
7,3,short,2021-02-01,GRTUSDT,0.78444,1.04866,1.04930715,0.3233333333,0.3145424837,True,True,True,True,True
7,3,short,2021-02-01,MKRUSDT,1474.41,3107.02,3089.144302,0.3233333333,0.3221122112,True,True,True,True,True
7,3,short,2021-02-02,AAVEUSDT,303.288,549.99,546.0736876,0.3233333333,0.3201320132,True,True,True,True,True
7,3,short,2021-02-02,ADAUSDT,0.42559,0.72735,0.72544279,0.3233333333,0.3250825083,True,True,True,True,True
7,3,short,2021-02-02,BNBUSDT,50.914,116.592,115.7983216,0.3233333333,0.3263750828,True,True,True,True,True
7,3,short,2021-02-02,BTCUSDT,35504.06,48266.36,48237.04657,0.3233333333,0.3280212483,True,True,True,True,True
7,3,short,2021-02-02,CRVUSDT,2.502,3.686,3.68047237,0.3233333333,0.3235973597,True,True,True,True,True
7,3,short,2021-02-02,DOGEUSDT,0.031357,0.08781,0.08708865,0.3233333333,0.3247226362,True,True,True,True,True
7,3,short,2021-02-02,DOTUSDT,17.213,24.269,24.21927835,0.3233333333,0.3235973597,True,True,True,True,True
7,3,short,2021-02-02,EOSUSDT,3.001,4.327,4.32213389,0.3233333333,,True,True,False,False,False
7,3,short,2021-02-02,GRTUSDT,0.75507,1.1,1.10100587,0.3233333333,0.3145424837,True,True,True,True,True
7,3,short,2021-02-02,MKRUSDT,1703.84,3107.02,3089.144302,0.3233333333,0.3221122112,True,True,True,True,True
7,3,short,2021-02-02,SUSHIUSDT,12.6541,17,16.64167455,0.3233333333,0.3145424837,True,False,True,True,True
7,3,short,2021-02-02,TRXUSDT,0.03321,0.05133,0.05104359,0.3233333333,0.3235973597,True,True,True,True,True
7,3,short,2021-02-03,AAVEUSDT,384.168,584.832,583.062,0.3233333333,0.3201320132,True,True,True,True,True
7,3,short,2021-02-03,ADAUSDT,0.44273,0.96,0.95468766,0.3233333333,0.3250825083,True,True,True,True,True
7,3,short,2021-02-03,BNBUSDT,52.096,148.9,148.5030541,0.3233333333,0.3263750828,True,True,True,True,True
7,3,short,2021-02-03,CRVUSDT,2.646,3.686,3.68047237,0.3233333333,0.3235973597,True,True,True,True,True
7,3,short,2021-02-03,DOGEUSDT,0.03736,0.08781,0.08708865,0.3233333333,0.3247226362,True,True,True,True,True
7,3,short,2021-02-03,EOSUSDT,3.072,4.57,4.55416309,0.3233333333,,True,True,False,False,False
7,3,short,2021-02-03,GRTUSDT,0.82757,1.28709,1.28782073,0.3233333333,0.3145424837,True,True,True,True,True
7,3,short,2021-02-03,MKRUSDT,1765.37,3107.02,3089.144302,0.3233333333,0.3221122112,True,True,True,True,True
7,3,short,2021-02-03,TRXUSDT,0.03455,0.05133,0.05104359,0.3233333333,0.3235973597,True,True,True,True,True
7,3,short,2021-02-03,XRPUSDT,0.398,0.5447,0.5442994,0.3233333333,0.3266998342,True,True,True,True,True
7,3,short,2021-02-04,ADAUSDT,0.44037,0.99398,0.98452444,0.3233333333,0.3250825083,True,True,True,True,True
7,3,short,2021-02-04,BNBUSDT,55.968,148.9,148.5030541,0.3233333333,0.3263750828,True,True,True,True,True
7,3,short,2021-02-04,DOGEUSDT,0.052782,0.08781,0.08708865,0.3233333333,0.3247226362,True,True,True,True,True
7,3,short,2021-02-04,EOSUSDT,3.028,4.688,4.68505895,0.3233333333,,True,True,False,False,False
7,3,short,2021-02-04,GRTUSDT,0.81585,2.1763,2.18097,0.3233333333,0.3145424837,True,True,True,True,True
7,3,short,2021-02-04,LTCUSDT,145.28,196.15,195.6206621,0.3233333333,0.3250825083,True,True,True,True,True
7,3,short,2021-02-04,MKRUSDT,2114.05,3107.02,3089.144302,0.3233333333,0.3221122112,True,True,True,True,True
7,3,short,2021-02-04,TRXUSDT,0.03315,0.05938,0.05917031,0.3233333333,0.3235973597,True,True,True,True,True
7,3,short,2021-02-04,XLMUSDT,0.32657,0.47252,0.47137,0.3233333333,0.3185550082,True,True,True,True,True
7,3,short,2021-02-04,YFIUSDT,31128.1,46100,45996.89503,0.3233333333,0.3145424837,True,True,True,True,True
7,3,short,2021-02-05,ADAUSDT,0.53929,0.99398,0.98452444,0.3233333333,0.3250825083,True,True,True,True,True
7,3,short,2021-02-05,BNBUSDT,67.736,148.9,148.5030541,0.3233333333,0.3263750828,True,True,True,True,True
7,3,short,2021-02-05,DOGEUSDT,0.04683,0.08781,0.08708865,0.3233333333,0.3247226362,True,True,True,True,True
7,3,short,2021-02-05,DOTUSDT,20.881,29.85,29.83214799,0.3233333333,0.3235973597,True,True,True,True,True
7,3,short,2021-02-05,EOSUSDT,3.32,4.861,4.85271495,0.3233333333,,True,True,False,False,False
7,3,short,2021-02-05,GRTUSDT,0.95146,2.86547,2.86027818,0.3233333333,0.3145424837,True,True,True,True,True
7,3,short,2021-02-05,TRXUSDT,0.0363,0.05938,0.05917031,0.3233333333,0.3235973597,True,True,True,True,True
7,3,short,2021-02-05,XLMUSDT,0.35227,0.5378,0.53744422,0.3233333333,0.3185550082,True,True,True,True,True
7,3,short,2021-02-05,XRPUSDT,0.4535,0.6216,0.62147407,0.3233333333,0.3266998342,True,True,True,True,True
7,3,short,2021-02-05,YFIUSDT,32534.4,55587.6,52658.38324,0.3233333333,0.3145424837,True,True,True,True,True
7,3,short,2021-02-06,ADAUSDT,0.63596,0.99398,0.98452444,0.3233333333,0.3250825083,True,True,True,True,True
7,3,short,2021-02-06,BCHUSDT,459.12,669.82,669.72,0.3233333333,0.3250825083,True,True,True,True,True
7,3,short,2021-02-06,BNBUSDT,72.555,148.9,148.5030541,0.3233333333,0.3263750828,True,True,True,True,True
7,3,short,2021-02-06,DOGEUSDT,0.057716,0.08781,0.08708865,0.3233333333,0.3247226362,True,True,True,True,True
7,3,short,2021-02-06,DOTUSDT,20.405,30.328,30.30166246,0.3233333333,0.3235973597,True,True,True,True,True
7,3,short,2021-02-06,EOSUSDT,3.215,5.58,5.57194601,0.3233333333,,True,True,False,False,False
7,3,short,2021-02-06,GRTUSDT,0.867,2.86547,2.86027818,0.3233333333,0.3145424837,True,True,True,True,True
7,3,short,2021-02-06,LINKUSDT,25.102,35,34.84491247,0.3233333333,0.3250825083,True,True,True,True,True
7,3,short,2021-02-06,LTCUSDT,155.76,229.67,229.54,0.3233333333,0.3250825083,True,True,True,True,True
7,3,short,2021-02-06,TRXUSDT,0.03514,0.06147,0.06130312,0.3233333333,0.3235973597,True,True,True,True,True
7,3,short,2021-02-06,XLMUSDT,0.37808,0.60982,0.6081108,0.3233333333,0.3185550082,True,True,True,True,True
7,3,short,2021-02-06,XRPUSDT,0.4442,0.646,0.6443,0.3233333333,0.3266998342,True,True,True,True,True
7,3,short,2021-02-06,YFIUSDT,31673.1,55587.6,52658.38324,0.3233333333,0.3145424837,True,True,True,True,True
7,3,short,2021-02-07,ADAUSDT,0.66126,0.99398,0.98452444,0.3233333333,0.3250825083,True,True,True,True,True
7,3,short,2021-02-07,BCHUSDT,445.76,750.47,749.5381813,0.3233333333,0.3250825083,True,True,True,True,True
7,3,short,2021-02-07,BNBUSDT,68.269,148.9,148.5030541,0.3233333333,0.3263750828,True,True,True,True,True
7,3,short,2021-02-07,DOTUSDT,19.765,30.328,30.30166246,0.3233333333,0.3235973597,True,True,True,True,True
7,3,short,2021-02-07,EOSUSDT,3.444,5.648,5.61735383,0.3233333333,,True,True,False,False,False
7,3,short,2021-02-07,GRTUSDT,0.91949,2.86547,2.86027818,0.3233333333,0.3145424837,True,True,True,True,True
7,3,short,2021-02-07,LINKUSDT,24.777,35.8,35.795,0.3233333333,0.3250825083,True,True,True,True,True
7,3,short,2021-02-07,LTCUSDT,150.91,231.37,230.9923479,0.3233333333,0.3250825083,True,True,True,True,True
7,3,short,2021-02-07,SUSHIUSDT,13.1733,17.6832,17.65196207,0.3233333333,0.3145424837,True,True,True,True,True
7,3,short,2021-02-07,TRXUSDT,0.036,0.06147,0.06130312,0.3233333333,0.3235973597,True,True,True,True,True
7,3,short,2021-02-07,XLMUSDT,0.38631,0.60982,0.6081108,0.3233333333,0.3185550082,True,True,True,True,True
7,3,short,2021-02-07,XRPUSDT,0.4188,0.646,0.6443,0.3233333333,0.3266998342,True,True,True,True,True
7,3,short,2021-02-07,YFIUSDT,30929.9,55587.6,52658.38324,0.3233333333,0.3145424837,True,True,True,True,True
7,3,short,2021-02-08,ADAUSDT,0.67672,0.99398,0.98452444,0.3233333333,0.3250825083,True,True,True,True,True
7,3,short,2021-02-08,BCHUSDT,485,776.5,774.5511102,0.3233333333,0.3250825083,True,True,True,True,True
7,3,short,2021-02-08,BNBUSDT,80.146,148.9,148.5030541,0.3233333333,0.3263750828,True,True,True,True,True
7,3,short,2021-02-08,EOSUSDT,3.601,5.648,5.61735383,0.3233333333,,True,True,False,False,False
7,3,short,2021-02-08,GRTUSDT,0.97092,2.86547,2.86027818,0.3233333333,0.3145424837,True,True,True,True,True
7,3,short,2021-02-08,LINKUSDT,25.465,35.8,35.795,0.3233333333,0.3250825083,True,True,True,True,True
7,3,short,2021-02-08,LTCUSDT,167.71,231.37,230.9923479,0.3233333333,0.3250825083,True,True,True,True,True
7,3,short,2021-02-08,TRXUSDT,0.04048,0.06147,0.06130312,0.3233333333,0.3235973597,True,True,True,True,True
7,3,short,2021-02-08,XLMUSDT,0.39797,0.60982,0.6081108,0.3233333333,0.3185550082,True,True,True,True,True
7,3,short,2021-02-08,XRPUSDT,0.4522,0.646,0.6443,0.3233333333,0.3266998342,True,True,True,True,True
7,3,short,2021-02-08,YFIUSDT,32610.6,55587.6,52658.38324,0.3233333333,0.3145424837,True,True,True,True,True
7,3,short,2021-02-09,ADAUSDT,0.70682,0.99398,0.98452444,0.3233333333,0.3250825083,True,True,True,True,True
7,3,short,2021-02-09,BCHUSDT,516.06,776.5,774.5511102,0.3233333333,0.3250825083,True,True,True,True,True
7,3,short,2021-02-09,BNBUSDT,107.249,148.9,148.5030541,0.3233333333,0.3263750828,True,True,True,True,True
7,3,short,2021-02-09,DOTUSDT,23.126,31.1,31.0911639,0.3233333333,0.3235973597,True,True,True,True,True
7,3,short,2021-02-09,EOSUSDT,4.177,5.648,5.61735383,0.3233333333,,True,True,False,False,False
7,3,short,2021-02-09,GRTUSDT,1.05863,2.86547,2.86027818,0.3233333333,0.3145424837,True,True,True,True,True
7,3,short,2021-02-09,TRXUSDT,0.04622,0.06147,0.06130312,0.3233333333,0.3235973597,True,True,True,True,True
7,3,short,2021-02-09,XLMUSDT,0.40143,0.60982,0.6081108,0.3233333333,0.3185550082,True,True,True,True,True
7,3,short,2021-02-09,XRPUSDT,0.4773,0.646,0.6443,0.3233333333,0.3266998342,True,True,True,True,True
7,3,short,2021-02-09,YFIUSDT,35343.7,55587.6,52658.38324,0.3233333333,0.3145424837,True,True,True,True,True
7,3,short,2021-02-10,BCHUSDT,495.53,776.5,774.5511102,0.3233333333,0.3250825083,True,True,True,True,True
7,3,short,2021-02-10,BNBUSDT,128.901,176.92,175.9599438,0.3233333333,0.3263750828,True,True,True,True,True
7,3,short,2021-02-10,DOTUSDT,23.615,32.547,32.500247,0.3233333333,0.3235973597,True,True,True,True,True
7,3,short,2021-02-10,EOSUSDT,4.134,5.648,5.61735383,0.3233333333,,True,True,False,False,False
7,3,short,2021-02-10,GRTUSDT,1.26189,2.86547,2.86027818,0.3233333333,0.3145424837,True,True,True,True,True
7,3,short,2021-02-10,LINKUSDT,26.853,35.8,35.795,0.3233333333,0.3250825083,True,True,True,True,True
7,3,short,2021-02-10,TRXUSDT,0.04634,0.06147,0.06130312,0.3233333333,0.3235973597,True,False,True,False,True
7,3,short,2021-02-10,XLMUSDT,0.41514,0.60982,0.6081108,0.3233333333,0.3185550082,True,True,True,True,True
7,3,short,2021-02-10,YFIUSDT,36422.3,55587.6,52658.38324,0.3233333333,0.3145424837,True,True,True,True,True
7,3,short,2021-02-11,BCHUSDT,530.78,776.5,774.5511102,0.3233333333,0.3250825083,True,True,True,True,True
7,3,short,2021-02-11,BNBUSDT,124.11,201.69,200.3234958,0.3233333333,0.3263750828,True,True,True,True,True
7,3,short,2021-02-11,GRTUSDT,2.02496,2.86547,2.86027818,0.3233333333,0.3145424837,True,True,True,True,True
7,3,short,2021-02-11,XLMUSDT,0.45695,0.60982,0.6081108,0.3233333333,0.3185550082,True,True,True,True,True
7,3,short,2021-02-12,BCHUSDT,577.54,776.5,774.5511102,0.3233333333,0.3250825083,True,True,True,True,True
7,3,short,2021-02-12,BNBUSDT,136.745,350,348.3352879,0.3233333333,0.3263750828,True,True,True,True,True
7,3,short,2021-02-13,BNBUSDT,133.5,350,348.3352879,0.3233333333,0.3263750828,True,True,True,True,True
7,3,short,2021-02-13,DOTUSDT,28.073,42.395,42.35986836,0.3233333333,0.3235973597,True,True,True,True,True
7,3,short,2021-02-13,UNIUSDT,21.8543,33.2375,33.11081126,0.3233333333,0.3240924092,True,True,True,True,True
7,3,short,2021-02-14,ADAUSDT,0.84508,1.2025,1.20115087,0.3233333333,0.3250825083,True,True,True,True,True
7,3,short,2021-02-14,BNBUSDT,135.844,350,348.3352879,0.3233333333,0.3263750828,True,True,True,True,True
7,3,short,2021-02-14,DOTUSDT,26.931,42.395,42.35986836,0.3233333333,0.3235973597,True,True,True,True,True
7,3,short,2021-02-14,SUSHIUSDT,14.9533,19.8258,19.8006,0.3233333333,0.3145424837,True,True,True,True,True
7,3,short,2021-02-14,UNIUSDT,20.863,33.2375,33.11081126,0.3233333333,0.3240924092,True,True,True,True,True
7,3,short,2021-02-15,ADAUSDT,0.86003,1.2025,1.20115087,0.3233333333,0.3250825083,True,True,True,True,True
7,3,short,2021-02-15,BNBUSDT,130.037,350,348.3352879,0.3233333333,0.3263750828,True,True,True,True,True
7,3,short,2021-02-15,DOTUSDT,27.831,42.395,42.35986836,0.3233333333,0.3235973597,True,True,True,True,True
7,3,short,2021-02-15,UNIUSDT,20.1047,33.2375,33.11081126,0.3233333333,0.3240924092,True,True,True,True,True
7,3,short,2021-02-16,ADAUSDT,0.87,1.2025,1.20115087,0.3233333333,0.3250825083,True,True,True,True,True
7,3,short,2021-02-16,BNBUSDT,130.334,350,348.3352879,0.3233333333,0.3263750828,True,True,True,True,True
7,3,short,2021-02-16,DOTUSDT,30.12,42.395,42.35986836,0.3233333333,0.3235973597,True,True,True,True,True
7,3,short,2021-02-16,UNIUSDT,20.4965,33.2375,33.11081126,0.3233333333,0.3240924092,True,True,True,True,True
7,3,short,2021-02-17,ADAUSDT,0.89407,1.2025,1.20115087,0.3233333333,0.3250825083,True,True,True,True,True
7,3,short,2021-02-17,BNBUSDT,165.556,350,348.3352879,0.3233333333,0.3263750828,True,True,True,True,True
7,3,short,2021-02-17,DOTUSDT,31.988,42.395,42.35986836,0.3233333333,0.3235973597,True,True,True,True,True
7,3,short,2021-02-17,UNIUSDT,21.5581,33.2375,33.11081126,0.3233333333,0.3240924092,True,True,True,True,True
7,3,short,2021-02-18,BNBUSDT,195.549,350,348.3352879,0.3233333333,0.3263750828,True,True,True,True,True
7,3,short,2021-02-18,DOTUSDT,31.156,42.395,42.35986836,0.3233333333,0.3235973597,True,True,True,True,True
7,3,short,2021-02-18,UNIUSDT,21.1869,33.2375,33.11081126,0.3233333333,0.3240924092,True,True,True,True,True
7,3,short,2021-02-19,ADAUSDT,0.92743,1.3006,1.29944,0.3233333333,0.3250825083,True,True,True,True,True
7,3,short,2021-02-19,SUSHIUSDT,14.5788,19.8258,19.8006,0.3233333333,0.3145424837,True,True,True,True,True
7,3,short,2021-02-19,UNIUSDT,20.1054,33.2375,33.11081126,0.3233333333,0.3240924092,True,True,True,True,True
7,3,short,2021-02-20,ADAUSDT,1.11542,1.486,1.48647712,0.3233333333,0.3250825083,True,True,True,True,True
7,3,short,2021-02-21,ADAUSDT,1.10047,1.486,1.48647712,0.3233333333,0.3250825083,True,True,True,True,True
7,3,short,2021-02-22,ADAUSDT,1.09729,1.486,1.48647712,0.3233333333,0.3250825083,True,True,True,True,True
7,3,short,2021-02-23,ADAUSDT,0.96177,1.486,1.48647712,0.3233333333,0.3250825083,True,True,True,True,True
7,3,short,2021-02-23,SUSHIUSDT,14.8481,20.8001,20.7116,0.3233333333,0.3145424837,True,True,True,True,True
7,3,short,2021-02-24,ADAUSDT,1.04891,1.486,1.48647712,0.3233333333,0.3250825083,True,True,True,True,True
7,3,short,2021-02-24,SUSHIUSDT,14.708,20.8001,20.7116,0.3233333333,0.3145424837,True,True,True,True,True
7,3,short,2021-02-25,ADAUSDT,1.07694,1.486,1.48647712,0.3233333333,0.3250825083,True,True,True,True,True
7,3,short,2021-02-25,SUSHIUSDT,14.3557,20.8001,20.7116,0.3233333333,0.3145424837,True,True,True,True,True
7,3,short,2021-02-26,SUSHIUSDT,15.3372,20.8001,20.7116,0.3233333333,0.3145424837,True,True,True,True,True
7,3,short,2021-02-28,GRTUSDT,1.58568,2.0855,2.08176895,0.3233333333,0.3145424837,False,False,True,False,True
7,3,short,2021-02-28,SUSHIUSDT,15.0904,20.8001,20.7116,0.3233333333,0.3145424837,True,True,True,True,True
7,3,short,2021-02-28,UNIUSDT,22.2342,34.9329,34.89943784,0.3233333333,0.3240924092,True,True,True,True,True
7,3,short,2021-03-01,UNIUSDT,25.7718,34.9499,34.9346,0.3233333333,0.3240924092,True,True,True,True,True
7,3,short,2021-03-02,UNIUSDT,25.5372,34.9499,34.9346,0.3233333333,0.3240924092,True,True,True,True,True
7,3,short,2021-03-03,UNIUSDT,25.3835,34.9499,34.9346,0.3233333333,0.3240924092,True,True,True,True,True
7,3,short,2021-03-04,AVAXUSDT,25.7677,35.8785,35.82506543,0.3233333333,0.3266998342,True,True,True,True,True
7,3,short,2021-03-04,BNBUSDT,229.743,316.491,316.0082758,0.3233333333,0.3263750828,True,True,True,True,True
7,3,short,2021-03-05,AVAXUSDT,24.2636,35.8785,35.82506543,0.3233333333,0.3266998342,True,True,True,True,True
7,3,short,2021-03-05,BNBUSDT,225.407,316.491,316.0082758,0.3233333333,0.3263750828,True,True,True,True,True
7,3,short,2021-03-06,AVAXUSDT,24.9377,35.8785,35.82506543,0.3233333333,0.3266998342,True,True,True,True,True
7,3,short,2021-03-06,BNBUSDT,226.349,316.491,316.0082758,0.3233333333,0.3263750828,True,True,True,True,True
7,3,short,2021-03-06,SUSHIUSDT,16.5974,23.4732,23.46420491,0.3233333333,0.3145424837,True,True,True,True,True
7,3,short,2021-03-07,AVAXUSDT,26.7401,35.8785,35.82506543,0.3233333333,0.3266998342,True,True,True,True,True
7,3,short,2021-03-07,FILUSDT,41.459,57.559,57.434,0.3233333333,0.3253810471,True,True,True,True,True
7,3,short,2021-03-08,AVAXUSDT,25.63,35.8785,35.82506543,0.3233333333,0.3266998342,True,True,True,True,True
7,3,short,2021-03-08,FILUSDT,41.587,57.559,57.434,0.3233333333,0.3253810471,True,True,True,True,True
7,3,short,2021-03-08,SUSHIUSDT,17.2671,23.4732,23.46420491,0.3233333333,0.3145424837,True,True,True,True,True
7,3,short,2021-03-09,FILUSDT,42.014,64.043,63.987,0.3233333333,0.3253810471,True,True,True,True,True
7,3,short,2021-03-10,FILUSDT,42.49,96.57,96.53590453,0.3233333333,0.3253810471,True,True,True,True,True
7,3,short,2021-03-11,FILUSDT,42.306,96.57,96.53590453,0.3233333333,0.3253810471,True,True,True,True,True
7,3,short,2021-03-12,1INCHUSDT,3.8,5.25,5.25146903,0.3233333333,0.3145424837,True,True,True,True,True
7,3,short,2021-03-12,ADAUSDT,1.03356,1.48098,1.47982641,0.3233333333,0.3250825083,True,True,True,True,True
7,3,short,2021-03-12,AVAXUSDT,28.0242,38.5075,38.5033,0.3233333333,0.3266998342,True,True,True,True,True
7,3,short,2021-03-12,FILUSDT,44.09,96.57,96.53590453,0.3233333333,0.3253810471,True,True,True,True,True
7,3,short,2021-03-13,ADAUSDT,1.10128,1.48098,1.47982641,0.3233333333,0.3250825083,True,True,True,True,True
7,3,short,2021-03-13,FILUSDT,49.531,96.57,96.53590453,0.3233333333,0.3253810471,True,True,True,True,True
7,3,short,2021-03-14,1INCHUSDT,3.8361,5.25,5.25146903,0.3233333333,0.3145424837,True,True,True,True,True
7,3,short,2021-03-14,ADAUSDT,1.05358,1.48098,1.47982641,0.3233333333,0.3250825083,True,True,True,True,True
7,3,short,2021-03-14,AVAXUSDT,28.8123,39.4065,39.37599607,0.3233333333,0.3266998342,True,True,True,True,True
7,3,short,2021-03-14,FILUSDT,53.878,96.57,96.53590453,0.3233333333,0.3253810471,True,True,True,True,True
7,3,short,2021-03-14,TRXUSDT,0.05104,0.06836,0.06833,0.3233333333,0.3235973597,True,True,True,True,True
7,3,short,2021-03-15,1INCHUSDT,3.9465,5.25,5.25146903,0.3233333333,0.3145424837,True,True,True,True,True
7,3,short,2021-03-15,ADAUSDT,1.03161,1.48098,1.47982641,0.3233333333,0.3250825083,True,True,True,True,True
7,3,short,2021-03-15,AVAXUSDT,28.9611,39.4065,39.37599607,0.3233333333,0.3266998342,True,True,True,True,True
7,3,short,2021-03-15,FILUSDT,53.38,96.57,96.53590453,0.3233333333,0.3253810471,True,True,True,True,True
7,3,short,2021-03-15,TRXUSDT,0.05066,0.06836,0.06833,0.3233333333,0.3235973597,True,True,True,True,True
7,3,short,2021-03-15,XRPUSDT,0.4361,0.6014,0.60098356,0.3233333333,0.3266998342,True,True,True,True,True
7,3,short,2021-03-16,FILUSDT,63.634,96.57,96.53590453,0.3233333333,0.3253810471,True,True,True,True,True
7,3,short,2021-03-19,FILUSDT,83.081,129.265,128.7480974,0.3233333333,0.3253810471,True,True,True,True,True
7,3,short,2021-03-20,FILUSDT,82.116,139.56,139.445,0.3233333333,0.3253810471,True,True,True,True,True
7,3,short,2021-03-21,FILUSDT,80.684,139.56,139.445,0.3233333333,0.3253810471,True,True,True,True,True
7,3,short,2021-03-22,FILUSDT,76.387,139.56,139.445,0.3233333333,0.3253810471,True,True,True,True,True
7,3,short,2021-03-23,FILUSDT,82.585,153.613,153.4297617,0.3233333333,0.3253810471,True,True,True,True,True
7,3,short,2021-03-24,EOSUSDT,3.694,4.915,4.91277877,0.3233333333,,True,True,False,False,False
7,3,short,2021-03-24,FILUSDT,85.857,198.427,197.601168,0.3233333333,0.3253810471,True,True,True,True,True
7,3,short,2021-03-24,GRTUSDT,1.39409,1.90028,1.89845056,0.3233333333,0.3145424837,True,True,True,True,True
7,3,short,2021-03-24,TRXUSDT,0.05564,0.09795,0.09767028,0.3233333333,0.3235973597,True,True,True,True,True
7,3,short,2021-03-25,BNBUSDT,233.852,340,339.7534232,0.3233333333,0.3263750828,True,True,True,True,True
7,3,short,2021-03-25,DOGEUSDT,0.051311,0.07045,0.0704634,0.3233333333,0.3247226362,True,True,True,True,True
7,3,short,2021-03-25,EOSUSDT,3.677,6.003,5.99630224,0.3233333333,,True,True,False,False,False
7,3,short,2021-03-25,FILUSDT,90.905,238.511,237.825,0.3233333333,0.3253810471,True,True,True,True,True
7,3,short,2021-03-25,TRXUSDT,0.05528,0.09795,0.09767028,0.3233333333,0.3235973597,True,True,True,True,True
7,3,short,2021-03-26,BNBUSDT,255.072,358.418,357.6452787,0.3233333333,0.3263750828,True,True,True,True,True
7,3,short,2021-03-26,EOSUSDT,4.191,6.374,6.36253474,0.3233333333,,True,True,False,False,False
7,3,short,2021-03-26,FILUSDT,124.631,238.511,237.825,0.3233333333,0.3253810471,True,True,True,True,True
7,3,short,2021-03-26,TRXUSDT,0.06464,0.09795,0.09767028,0.3233333333,0.3235973597,True,True,True,True,True
7,3,short,2021-03-27,BNBUSDT,269.619,358.418,357.6452787,0.3233333333,0.3263750828,True,True,True,True,True
7,3,short,2021-03-27,DOTUSDT,32.628,46.899,46.86341116,0.3233333333,0.3235973597,True,True,True,True,True
7,3,short,2021-03-27,EOSUSDT,4.097,6.51,6.5,0.3233333333,,True,True,False,False,False
7,3,short,2021-03-27,FILUSDT,132.395,238.511,237.825,0.3233333333,0.3253810471,True,True,True,True,True
7,3,short,2021-03-27,TRXUSDT,0.0636,0.11131,0.11119198,0.3233333333,0.3235973597,True,True,True,True,True
7,3,short,2021-03-28,BNBUSDT,268.799,358.418,357.6452787,0.3233333333,0.3263750828,True,True,True,True,True
7,3,short,2021-03-28,DOTUSDT,32.269,46.899,46.86341116,0.3233333333,0.3235973597,True,True,True,True,True
7,3,short,2021-03-28,EOSUSDT,4.113,6.51,6.5,0.3233333333,,True,True,False,False,False
7,3,short,2021-03-28,FILUSDT,125.187,238.511,237.825,0.3233333333,0.3253810471,True,True,True,True,True
7,3,short,2021-03-28,TRXUSDT,0.06366,0.1285,0.12845913,0.3233333333,0.3235973597,True,True,True,True,True
7,3,short,2021-03-29,BNBUSDT,275.426,381.24,380.562,0.3233333333,0.3263750828,True,True,True,True,True
7,3,short,2021-03-29,DOTUSDT,34.391,46.899,46.86341116,0.3233333333,0.3235973597,True,True,True,True,True
7,3,short,2021-03-29,EOSUSDT,4.282,7.105,7.10103114,0.3233333333,,True,True,False,False,False
7,3,short,2021-03-29,FILUSDT,127.521,238.511,237.825,0.3233333333,0.3253810471,True,True,True,True,True
7,3,short,2021-03-29,TRXUSDT,0.06479,0.1497,0.14958,0.3233333333,0.3235973597,True,True,True,True,True
7,3,short,2021-03-29,XLMUSDT,0.40535,0.55232,0.55199,0.3233333333,0.3185550082,True,True,True,True,True
7,3,short,2021-03-29,XRPUSDT,0.5662,0.9421,0.9408,0.3233333333,0.3266998342,True,True,True,True,True
7,3,short,2021-03-30,DOTUSDT,34.039,46.899,46.86341116,0.3233333333,0.3235973597,True,True,True,True,True
7,3,short,2021-03-30,EOSUSDT,4.344,7.126,7.11253895,0.3233333333,,True,True,False,False,False
7,3,short,2021-03-30,FILUSDT,149.858,238.511,237.825,0.3233333333,0.3253810471,True,True,True,True,True
7,3,short,2021-03-30,TRXUSDT,0.06608,0.1497,0.14958,0.3233333333,0.3235973597,True,True,True,True,True
7,3,short,2021-03-30,XLMUSDT,0.40149,0.58066,0.58014256,0.3233333333,0.3185550082,True,True,True,True,True
7,3,short,2021-03-30,XRPUSDT,0.5629,1.124,1.12086563,0.3233333333,0.3266998342,True,True,True,True,True
7,3,short,2021-03-31,BNBUSDT,302.7,414.784,414.683,0.3233333333,0.3263750828,True,True,True,True,True
7,3,short,2021-03-31,EOSUSDT,4.813,7.126,7.11253895,0.3233333333,,True,True,False,False,False
7,3,short,2021-03-31,TRXUSDT,0.09328,0.1497,0.14958,0.3233333333,0.3235973597,True,True,True,True,True
7,3,short,2021-03-31,XLMUSDT,0.4061,0.58066,0.58014256,0.3233333333,0.3185550082,True,True,True,True,True
7,3,short,2021-03-31,XRPUSDT,0.5708,1.124,1.12086563,0.3233333333,0.3266998342,True,True,True,True,True
7,3,short,2021-04-01,ENJUSDT,2.49045,3.45662,3.45593357,0.3233333333,0.3081300813,True,True,True,True,True
7,3,short,2021-04-01,TRXUSDT,0.08551,0.1497,0.14958,0.3233333333,0.3235973597,True,True,True,True,True
7,3,short,2021-04-01,XRPUSDT,0.5714,1.124,1.12086563,0.3233333333,0.3266998342,True,True,True,True,True
7,3,short,2021-04-02,BNBUSDT,338.821,454.842,454.3115258,0.3233333333,0.3263750828,True,True,True,True,True
7,3,short,2021-04-02,ENJUSDT,2.57146,3.98,3.99216181,0.3233333333,0.3081300813,True,True,True,True,True
7,3,short,2021-04-02,TRXUSDT,0.0926,0.1497,0.14958,0.3233333333,0.3235973597,True,True,True,True,True
7,3,short,2021-04-02,XRPUSDT,0.6078,1.124,1.12086563,0.3233333333,0.3266998342,True,True,True,True,True
7,3,short,2021-04-03,BNBUSDT,322.235,489.5,488.6653031,0.3233333333,0.3263750828,True,True,True,True,True
7,3,short,2021-04-03,ENJUSDT,2.31552,3.98,3.99216181,0.3233333333,0.3081300813,True,True,True,True,True
7,3,short,2021-04-03,TRXUSDT,0.10169,0.1497,0.14958,0.3233333333,0.3235973597,True,True,True,True,True
7,3,short,2021-04-03,XRPUSDT,0.579,1.4063,1.40075906,0.3233333333,0.3266998342,True,True,True,True,True
7,3,short,2021-04-04,BNBUSDT,349.304,529.909,529.0995934,0.3233333333,0.3263750828,True,True,True,True,True
7,3,short,2021-04-04,ENJUSDT,2.4116,3.98,3.99216181,0.3233333333,0.3081300813,True,True,True,True,True
7,3,short,2021-04-04,XRPUSDT,0.6353,1.5057,1.49960752,0.3233333333,0.3266998342,True,True,True,True,True
7,3,short,2021-04-05,BNBUSDT,368.763,640.5,638.8,0.3233333333,0.3263750828,True,True,True,True,True
7,3,short,2021-04-05,ENJUSDT,2.47238,3.98,3.99216181,0.3233333333,0.3081300813,True,True,True,True,True
7,3,short,2021-04-05,XRPUSDT,0.9176,1.5057,1.49960752,0.3233333333,0.3266998342,True,True,True,True,True
7,3,short,2021-04-06,BNBUSDT,403.484,640.5,638.8,0.3233333333,0.3263750828,True,True,True,True,True
7,3,short,2021-04-06,ENJUSDT,2.32244,3.98,3.99216181,0.3233333333,0.3081300813,True,True,True,True,True
7,3,short,2021-04-06,XRPUSDT,1.1005,1.895,1.8939948,0.3233333333,0.3266998342,True,True,True,True,True
7,3,short,2021-04-07,ADAUSDT,1.17391,1.5669,1.56572381,0.3233333333,0.3250825083,True,True,True,True,True
7,3,short,2021-04-07,AVAXUSDT,29.5754,39.4511,39.43528402,0.3233333333,0.3266998342,True,True,True,True,True
7,3,short,2021-04-07,BCHUSDT,616.28,847.89,846.73,0.3233333333,0.3250825083,True,True,True,True,True
7,3,short,2021-04-07,BNBUSDT,375.947,640.5,638.8,0.3233333333,0.3263750828,True,True,True,True,True
7,3,short,2021-04-07,ENJUSDT,2.84018,3.98,3.99216181,0.3233333333,0.3081300813,True,True,True,True,True
7,3,short,2021-04-07,EOSUSDT,5.891,8.112,8.10679513,0.3233333333,,True,True,False,False,False
7,3,short,2021-04-07,LINKUSDT,31.149,42.078,42.04855445,0.3233333333,0.3250825083,True,True,True,True,True
7,3,short,2021-04-07,TRXUSDT,0.11052,0.15747,0.15720505,0.3233333333,0.3235973597,True,True,True,True,True
7,3,short,2021-04-07,UNIUSDT,28.5772,38.3448,38.2534865,0.3233333333,0.3240924092,True,True,True,True,True
7,3,short,2021-04-07,XRPUSDT,0.918,1.977,1.974,0.3233333333,0.3266998342,True,True,True,True,True
7,3,short,2021-04-08,AVAXUSDT,30.7944,40.9226,40.88889183,0.3233333333,0.3266998342,True,True,True,True,True
7,3,short,2021-04-08,BCHUSDT,643.95,878,877.8279132,0.3233333333,0.3250825083,True,True,True,True,True
7,3,short,2021-04-08,BNBUSDT,418.755,640.5,638.8,0.3233333333,0.3263750828,True,True,True,True,True
7,3,short,2021-04-08,LINKUSDT,32.821,44.5,44.47138229,0.3233333333,0.3250825083,True,True,True,True,True
7,3,short,2021-04-08,TRXUSDT,0.12366,0.1695,0.16933191,0.3233333333,0.3235973597,True,True,True,True,True
7,3,short,2021-04-08,XRPUSDT,1.0588,1.977,1.974,0.3233333333,0.3266998342,True,True,True,True,True
7,3,short,2021-04-09,BCHUSDT,632.11,1182.77,1176.057764,0.3233333333,0.3250825083,True,True,True,True,True
7,3,short,2021-04-09,BNBUSDT,454.84,640.5,638.8,0.3233333333,0.3263750828,True,True,True,True,True
7,3,short,2021-04-09,CHZUSDT,0.48354,0.84,0.83978204,0.3233333333,0.3145424837,True,True,True,True,True
7,3,short,2021-04-09,EOSUSDT,6.217,8.774,8.769,0.3233333333,,True,True,False,False,False
7,3,short,2021-04-09,LINKUSDT,31.639,44.5,44.47138229,0.3233333333,0.3250825083,True,True,True,True,True
7,3,short,2021-04-09,LTCUSDT,221.35,317.99,317.6310943,0.3233333333,0.3250825083,True,True,True,True,True
7,3,short,2021-04-09,TRXUSDT,0.11587,0.17983,0.17913846,0.3233333333,0.3235973597,True,True,True,True,True
7,3,short,2021-04-09,UNIUSDT,29.5525,39.7084,39.6499,0.3233333333,0.3240924092,True,True,True,True,True
7,3,short,2021-04-09,XRPUSDT,1.0192,1.977,1.974,0.3233333333,0.3266998342,True,True,True,True,True
7,3,short,2021-04-10,BCHUSDT,674.43,1218.22,1215.6,0.3233333333,0.3250825083,True,True,True,True,True
7,3,short,2021-04-10,BNBUSDT,472.789,640.5,638.8,0.3233333333,0.3263750828,True,True,True,True,True
7,3,short,2021-04-10,CHZUSDT,0.46236,0.84,0.83978204,0.3233333333,0.3145424837,True,True,True,True,True
7,3,short,2021-04-10,EOSUSDT,6.625,8.878,8.87475039,0.3233333333,,True,True,False,False,False
7,3,short,2021-04-10,LINKUSDT,31.95,44.5,44.47138229,0.3233333333,0.3250825083,True,True,True,True,True
7,3,short,2021-04-10,TRXUSDT,0.12682,0.18077,0.18067565,0.3233333333,0.3235973597,True,True,True,True,True
7,3,short,2021-04-10,UNIUSDT,29.8201,39.7084,39.6499,0.3233333333,0.3240924092,True,True,True,True,True
7,3,short,2021-04-10,XRPUSDT,1.3762,1.977,1.974,0.3233333333,0.3266998342,True,True,True,True,True
7,3,short,2021-04-11,BCHUSDT,690.64,1218.22,1215.6,0.3233333333,0.3250825083,True,True,True,True,True
7,3,short,2021-04-11,CHZUSDT,0.46616,0.84,0.83978204,0.3233333333,0.3145424837,True,True,True,True,True
7,3,short,2021-04-11,LTCUSDT,252.85,336.09,335.9948202,0.3233333333,0.3250825083,True,True,True,True,True
7,3,short,2021-04-11,TRXUSDT,0.12252,0.18077,0.18067565,0.3233333333,0.3235973597,True,True,True,True,True
7,3,short,2021-04-11,UNIUSDT,29.988,39.7084,39.6499,0.3233333333,0.3240924092,True,False,True,False,True
7,3,short,2021-04-11,XRPUSDT,1.3563,1.977,1.974,0.3233333333,0.3266998342,True,True,True,True,True
7,3,short,2021-04-12,BCHUSDT,671.4,1218.22,1215.6,0.3233333333,0.3250825083,True,True,True,True,True
7,3,short,2021-04-12,CHZUSDT,0.56818,0.84,0.83978204,0.3233333333,0.3145424837,True,True,True,True,True
7,3,short,2021-04-12,EOSUSDT,6.485,8.878,8.87475039,0.3233333333,,True,True,False,False,False
7,3,short,2021-04-12,LINKUSDT,33.168,44.5,44.47138229,0.3233333333,0.3250825083,True,True,True,True,True
7,3,short,2021-04-12,LTCUSDT,244.92,336.09,335.9948202,0.3233333333,0.3250825083,True,True,True,True,True
7,3,short,2021-04-12,TRXUSDT,0.1289,0.18077,0.18067565,0.3233333333,0.3235973597,True,True,True,True,True
7,3,short,2021-04-12,XRPUSDT,1.4706,1.977,1.974,0.3233333333,0.3266998342,True,True,True,True,True
7,3,short,2021-04-13,BCHUSDT,746.32,1218.22,1215.6,0.3233333333,0.3250825083,True,True,True,True,True
7,3,short,2021-04-13,CHZUSDT,0.519,0.84,0.83978204,0.3233333333,0.3145424837,True,True,True,True,True
7,3,short,2021-04-14,BCHUSDT,815.56,1218.22,1215.6,0.3233333333,0.3250825083,True,True,True,True,True
7,3,short,2021-04-14,CHZUSDT,0.50361,0.84,0.83978204,0.3233333333,0.3145424837,True,True,True,True,True
7,3,short,2021-04-15,BCHUSDT,864.96,1218.22,1215.6,0.3233333333,0.3250825083,True,True,True,True,True
7,3,short,2021-04-15,CHZUSDT,0.53425,0.84,0.83978204,0.3233333333,0.3145424837,True,True,True,True,True
7,3,short,2021-04-18,LUNAUSDT,13.3933,18.92,18.90085106,0.3233333333,,True,True,False,False,False
7,3,short,2021-04-19,LUNAUSDT,13.8434,18.92,18.90085106,0.3233333333,,True,True,False,False,False
7,3,short,2021-04-20,LUNAUSDT,13.4321,19.5866,19.5751627,0.3233333333,,True,True,False,False,False
7,3,short,2021-04-21,LUNAUSDT,13.2368,19.5866,19.5751627,0.3233333333,,True,True,False,False,False
7,3,short,2021-04-22,CHZUSDT,0.46534,0.61545,0.61455,0.3233333333,0.3145424837,False,False,True,True,True
7,3,short,2021-04-22,LUNAUSDT,13.6032,19.5866,19.5751627,0.3233333333,,True,True,False,False,False
7,3,short,2021-04-22,STORJUSDT,1.5959,2.25,2.24944061,0.3233333333,0.3081300813,True,True,True,True,True
7,3,short,2021-04-23,AVAXUSDT,23.5679,33.0517,33.02359486,0.3233333333,0.3266998342,True,True,True,True,True
7,3,short,2021-04-23,CHZUSDT,0.43042,0.61545,0.61455,0.3233333333,0.3145424837,True,True,True,True,True
7,3,short,2021-04-23,LUNAUSDT,14.1069,19.5866,19.5751627,0.3233333333,,True,True,False,False,False
7,3,short,2021-04-23,UNIUSDT,32.9697,44,43.97297009,0.3233333333,0.3240924092,True,True,True,True,True
7,3,short,2021-04-23,XRPUSDT,1.1703,1.64,1.63903736,0.3233333333,0.3266998342,True,True,True,True,True
7,3,short,2021-04-24,BCHUSDT,771.42,1032.65,1032.65,0.3233333333,0.3250825083,True,True,True,True,True
7,3,short,2021-04-24,CHZUSDT,0.38754,0.61545,0.61455,0.3233333333,0.3145424837,True,True,True,True,True
7,3,short,2021-04-24,ETHUSDT,2215.54,2958.91,2956.017101,0.3233333333,0.3280212483,True,True,True,True,True
7,3,short,2021-04-24,SUSHIUSDT,10.708,15.1821,15.17734038,0.3233333333,0.3145424837,True,True,True,True,True
7,3,short,2021-04-24,THETAUSDT,8.6609,11.7998,11.78597173,0.3233333333,0.3145424837,True,True,True,True,True
7,3,short,2021-04-24,UNIUSDT,30.1676,44,43.97297009,0.3233333333,0.3240924092,True,True,True,True,True
7,3,short,2021-04-24,XRPUSDT,1.0503,1.6686,1.66802779,0.3233333333,0.3266998342,True,True,True,True,True
7,3,short,2021-04-25,BCHUSDT,759.56,1032.65,1032.65,0.3233333333,0.3250825083,True,True,True,True,True
7,3,short,2021-04-25,CHZUSDT,0.39232,0.61545,0.61455,0.3233333333,0.3145424837,True,True,True,True,True
7,3,short,2021-04-25,EOSUSDT,5.001,6.707,6.704,0.3233333333,,True,True,False,False,False
7,3,short,2021-04-25,SUSHIUSDT,10.9823,15.1821,15.17734038,0.3233333333,0.3145424837,True,True,True,True,True
7,3,short,2021-04-25,XRPUSDT,1.0356,1.6686,1.66802779,0.3233333333,0.3266998342,True,True,True,True,True
7,3,short,2021-04-26,CHZUSDT,0.457,0.61545,0.61455,0.3233333333,0.3145424837,True,True,True,True,True
7,3,short,2021-04-26,ETHUSDT,2534.25,3459.8,3458.025117,0.3233333333,0.3280212483,True,True,True,True,True
7,3,short,2021-04-28,BCHUSDT,911.1,1479.5,1477.216285,0.3233333333,0.3250825083,True,True,True,True,True
7,3,short,2021-04-28,EOSUSDT,5.959,8.853,8.85131798,0.3233333333,,True,True,False,False,False
7,3,short,2021-04-28,LINKUSDT,36.275,51.267,51.24836318,0.3233333333,0.3250825083,True,True,True,True,True
7,3,short,2021-04-28,LTCUSDT,258.69,360.8,360.3105724,0.3233333333,0.3250825083,True,True,True,True,True
7,3,short,2021-04-29,BCHUSDT,881.02,1610,1606.422084,0.3233333333,0.3250825083,True,True,True,True,True
7,3,short,2021-04-29,EOSUSDT,5.899,12.885,12.83433434,0.3233333333,,True,True,False,False,False
7,3,short,2021-04-29,LINKUSDT,36.513,51.267,51.24836318,0.3233333333,0.3250825083,True,True,True,True,True
7,3,short,2021-04-29,LTCUSDT,255.43,366.31,366.0803479,0.3233333333,0.3250825083,True,True,True,True,True
7,3,short,2021-04-30,BCHUSDT,997.27,1610,1606.422084,0.3233333333,0.3250825083,True,True,True,True,True
7,3,short,2021-04-30,EOSUSDT,6.457,13.306,13.27186785,0.3233333333,,True,True,False,False,False
7,3,short,2021-04-30,LINKUSDT,38.142,52.06,52.017,0.3233333333,0.3250825083,True,True,True,True,True
7,3,short,2021-04-30,LTCUSDT,271.43,374,373.1628465,0.3233333333,0.3250825083,True,True,True,True,True
7,3,short,2021-05-01,BCHUSDT,1004.88,1610,1606.422084,0.3233333333,0.3250825083,True,True,True,True,True
7,3,short,2021-05-01,DOGEUSDT,0.391209,0.744178,0.742635,0.3233333333,0.3247226362,True,True,True,True,True
7,3,short,2021-05-01,EOSUSDT,6.62,13.306,13.27186785,0.3233333333,,True,True,False,False,False
7,3,short,2021-05-01,ETCUSDT,44.85,179,178.8001585,0.3233333333,0.3250825083,True,True,True,True,True
7,3,short,2021-05-01,ETHUSDT,2947.01,3964.83,3960.545212,0.3233333333,0.3280212483,True,True,True,True,True
7,3,short,2021-05-01,LTCUSDT,277.1,374,373.1628465,0.3233333333,0.3250825083,True,True,True,True,True
7,3,short,2021-05-02,ADAUSDT,1.32811,1.8365,1.83584638,0.3233333333,0.3250825083,True,True,True,True,True
7,3,short,2021-05-02,BCHUSDT,973.77,1610,1606.422084,0.3233333333,0.3250825083,True,True,True,True,True
7,3,short,2021-05-02,DOGEUSDT,0.374584,0.744178,0.742635,0.3233333333,0.3247226362,True,True,True,True,True
7,3,short,2021-05-02,EOSUSDT,6.535,13.306,13.27186785,0.3233333333,,True,True,False,False,False
7,3,short,2021-05-02,ETCUSDT,44.897,179,178.8001585,0.3233333333,0.3250825083,True,True,True,True,True
7,3,short,2021-05-02,ETHUSDT,2950.98,3985.55,3983.426421,0.3233333333,0.3280212483,True,True,True,True,True
7,3,short,2021-05-02,LINKUSDT,39.502,52.501,52.46748527,0.3233333333,0.3250825083,True,True,True,True,True
7,3,short,2021-05-02,LTCUSDT,269.11,390,389.6337697,0.3233333333,0.3250825083,True,True,True,True,True
7,3,short,2021-05-02,TRXUSDT,0.12768,0.17081,0.17057,0.3233333333,0.3235973597,True,True,True,True,True
7,3,short,2021-05-03,ADAUSDT,1.36372,1.8365,1.83584638,0.3233333333,0.3250825083,True,True,True,True,True
7,3,short,2021-05-03,BCHUSDT,1016.51,1610,1606.422084,0.3233333333,0.3250825083,True,True,True,True,True
7,3,short,2021-05-03,DOGEUSDT,0.441713,0.744178,0.742635,0.3233333333,0.3247226362,True,True,True,True,True
7,3,short,2021-05-03,EOSUSDT,6.817,13.306,13.27186785,0.3233333333,,True,True,False,False,False
7,3,short,2021-05-03,ETCUSDT,52.114,179,178.8001585,0.3233333333,0.3250825083,True,True,True,True,True
7,3,short,2021-05-03,LTCUSDT,294.95,413.94,413.62,0.3233333333,0.3250825083,True,True,True,True,True
7,3,short,2021-05-03,XLMUSDT,0.55198,0.78189,0.78073663,0.3233333333,0.3185550082,True,True,True,True,True
7,3,short,2021-05-04,ADAUSDT,1.27048,1.8365,1.83584638,0.3233333333,0.3250825083,True,True,True,True,True
7,3,short,2021-05-04,BCHUSDT,951.58,1610,1606.422084,0.3233333333,0.3250825083,True,True,True,True,True
7,3,short,2021-05-04,DOGEUSDT,0.53873,0.744178,0.742635,0.3233333333,0.3247226362,True,True,True,True,True
7,3,short,2021-05-04,EOSUSDT,6.342,14.558,14.541,0.3233333333,,True,True,False,False,False
7,3,short,2021-05-04,ETCUSDT,69.343,179,178.8001585,0.3233333333,0.3250825083,True,True,True,True,True
7,3,short,2021-05-04,LTCUSDT,305.52,413.94,413.62,0.3233333333,0.3250825083,True,True,True,True,True
7,3,short,2021-05-04,TRXUSDT,0.11923,0.17081,0.17057,0.3233333333,0.3235973597,True,True,True,True,True
7,3,short,2021-05-04,VETUSDT,0.187676,0.250877,0.25061215,0.3233333333,0.3221122112,True,True,True,True,True
7,3,short,2021-05-04,XLMUSDT,0.50217,0.78189,0.78073663,0.3233333333,0.3185550082,True,True,True,True,True
7,3,short,2021-05-05,EOSUSDT,8.732,14.927,14.906,0.3233333333,,True,True,False,False,False
7,3,short,2021-05-05,ETCUSDT,94.289,179,178.8001585,0.3233333333,0.3250825083,True,True,True,True,True
7,3,short,2021-05-07,EOSUSDT,10.378,14.927,14.906,0.3233333333,,True,True,False,False,False
7,3,short,2021-05-08,ADAUSDT,1.62207,2.381,2.37733424,0.3233333333,0.3250825083,True,True,True,True,True
7,3,short,2021-05-08,EOSUSDT,10.354,14.927,14.906,0.3233333333,,True,True,False,False,False
7,3,short,2021-05-09,ADAUSDT,1.76859,2.4705,2.46976198,0.3233333333,0.3250825083,True,True,True,True,True
7,3,short,2021-05-09,EOSUSDT,10.54,14.927,14.906,0.3233333333,,True,True,False,False,False
7,3,short,2021-05-10,ADAUSDT,1.6419,2.4705,2.46976198,0.3233333333,0.3250825083,True,True,True,True,True
7,3,short,2021-05-10,DOTUSDT,36.479,49.855,49.82684499,0.3233333333,0.3235973597,True,True,True,True,True
7,3,short,2021-05-10,EOSUSDT,9.271,14.927,14.906,0.3233333333,,True,True,False,False,False
7,3,short,2021-05-11,ADAUSDT,1.7631,2.4705,2.46976198,0.3233333333,0.3250825083,True,True,True,True,True
7,3,short,2021-05-12,ADAUSDT,1.5664,2.4705,2.46976198,0.3233333333,0.3250825083,True,True,True,True,True
7,3,short,2021-05-12,DOGEUSDT,0.39081,0.59092,0.59008583,0.3233333333,0.3247226362,True,True,True,True,True
7,3,short,2021-05-12,DOTUSDT,35.072,49.855,49.82684499,0.3233333333,0.3235973597,True,True,True,True,True
7,3,short,2021-05-12,ETCUSDT,85.062,114.597,114.4965814,0.3233333333,0.3250825083,True,True,True,True,True
7,3,short,2021-05-12,SOLUSDT,43.484,58.583,58.39737432,0.3233333333,0.3266998342,True,True,True,True,True
7,3,short,2021-05-12,XLMUSDT,0.59519,0.79943,0.79893683,0.3233333333,0.3185550082,True,True,True,True,True
7,3,short,2021-05-12,XRPUSDT,1.2686,1.7069,1.70569238,0.3233333333,0.3266998342,True,True,True,True,True
7,3,short,2021-05-13,SOLUSDT,41.052,58.583,58.39737432,0.3233333333,0.3266998342,True,True,True,True,True
7,3,short,2021-05-14,SOLUSDT,42.741,58.583,58.39737432,0.3233333333,0.3266998342,True,True,True,True,True
7,3,short,2021-05-15,SOLUSDT,43.53,58.583,58.39737432,0.3233333333,0.3266998342,True,True,True,True,True
7,3,short,2021-05-19,ADAUSDT,1.4655,1.9453,1.9437,0.3233333333,0.3250825083,True,True,True,True,True
7,3,short,2021-05-19,CHZUSDT,0.26184,0.34958,0.34912442,0.3233333333,0.3145424837,True,True,True,True,True
7,3,short,2021-05-19,ETCUSDT,59.36,89,83.38931065,0.3233333333,0.3250825083,True,True,True,True,True
7,3,short,2021-05-19,FILUSDT,65.246,95.381,95.16027803,0.3233333333,0.3253810471,True,True,True,True,True
7,3,short,2021-05-19,SOLUSDT,34.952,52.216,51.77865531,0.3233333333,0.3266998342,True,True,True,True,True
7,3,short,2021-05-19,THETAUSDT,5.845,8.161,8.15583482,0.3233333333,0.3145424837,True,True,True,True,True
7,3,short,2021-05-19,VETUSDT,0.10539,0.14584,0.14573932,0.3233333333,0.3221122112,True,True,True,True,True
7,3,short,2021-05-21,EOSUSDT,5.554,7.671,7.65445502,0.3233333333,,True,True,False,False,False
7,3,short,2021-05-21,ETCUSDT,64.125,89,83.38931065,0.3233333333,0.3250825083,True,False,True,False,True
7,3,short,2021-05-21,LINKUSDT,25.552,35.343,35.31817572,0.3233333333,0.3250825083,True,True,True,True,True
7,3,short,2021-05-21,THETAUSDT,6.357,8.515,8.48646703,0.3233333333,0.3145424837,True,True,True,True,True
7,3,short,2021-05-21,UNIUSDT,21.926,30.039,30.01646451,0.3233333333,0.3240924092,True,True,True,True,True
7,3,short,2021-05-22,CHZUSDT,0.25279,0.3375,0.33746,0.3233333333,0.3145424837,True,True,True,True,True
7,3,short,2021-05-22,EOSUSDT,5.102,7.671,7.65445502,0.3233333333,,True,True,False,False,False
7,3,short,2021-05-22,ETCUSDT,58.46,89,83.38931065,0.3233333333,0.3250825083,True,True,True,True,True
7,3,short,2021-05-22,LINKUSDT,23.3,35.343,35.31817572,0.3233333333,0.3250825083,True,True,True,True,True
7,3,short,2021-05-22,UNIUSDT,20.36,30.039,30.01646451,0.3233333333,0.3240924092,True,True,True,True,True
7,3,short,2021-05-22,VETUSDT,0.09941,0.14104,0.14096274,0.3233333333,0.3221122112,True,True,True,True,True
7,3,short,2021-05-23,ADAUSDT,1.3145,1.8316,1.83022869,0.3233333333,0.3250825083,True,True,True,True,True
7,3,short,2021-05-23,BCHUSDT,551.45,807.39,806.3491969,0.3233333333,0.3250825083,True,True,True,True,True
7,3,short,2021-05-23,BNBUSDT,260.61,388.55,388.0129092,0.3233333333,0.3263750828,True,True,True,True,True
7,3,short,2021-05-23,CHZUSDT,0.21336,0.3375,0.33746,0.3233333333,0.3145424837,True,True,True,True,True
7,3,short,2021-05-23,DOTUSDT,17.906,26.231,26.20081755,0.3233333333,0.3235973597,True,True,True,True,True
7,3,short,2021-05-23,EOSUSDT,4.286,7.671,7.65445502,0.3233333333,,True,True,False,False,False
7,3,short,2021-05-23,ETCUSDT,51.499,89,83.38931065,0.3233333333,0.3250825083,True,True,True,True,True
7,3,short,2021-05-23,ETHUSDT,2096.63,2913,2909.640921,0.3233333333,0.3280212483,True,True,True,True,True
7,3,short,2021-05-23,LINKUSDT,19.836,35.343,35.31817572,0.3233333333,0.3250825083,True,True,True,True,True
7,3,short,2021-05-23,LTCUSDT,142.4,208.78,208.7012895,0.3233333333,0.3250825083,True,True,True,True,True
7,3,short,2021-05-23,SOLUSDT,24.517,37.29,37.243,0.3233333333,0.3266998342,True,True,True,True,True
7,3,short,2021-05-23,THETAUSDT,5.91,8.515,8.48646703,0.3233333333,0.3145424837,True,True,True,True,True
7,3,short,2021-05-23,TRXUSDT,0.06273,0.08434,0.08433,0.3233333333,0.3235973597,True,True,True,True,True
7,3,short,2021-05-23,UNIUSDT,16.701,30.039,30.01646451,0.3233333333,0.3240924092,True,True,True,True,True
7,3,short,2021-05-23,VETUSDT,0.08629,0.14104,0.14096274,0.3233333333,0.3221122112,True,True,True,True,True
7,3,short,2021-05-23,XRPUSDT,0.7899,1.0705,1.06881641,0.3233333333,0.3266998342,True,True,True,True,True
7,3,short,2021-05-24,EOSUSDT,5.64,7.671,7.65445502,0.3233333333,,True,True,False,False,False
7,3,short,2021-05-24,LINKUSDT,26.404,35.343,35.31817572,0.3233333333,0.3250825083,True,True,True,True,True
7,3,short,2021-05-25,EOSUSDT,5.691,7.671,7.65445502,0.3233333333,,True,True,False,False,False
7,3,short,2021-05-27,DOGEUSDT,0.33393,0.447,0.44561435,0.3233333333,0.3247226362,True,True,True,True,True
7,3,short,2021-05-28,DOGEUSDT,0.31128,0.447,0.44561435,0.3233333333,0.3247226362,True,True,True,True,True
7,3,short,2021-05-28,DOTUSDT,21.349,28.597,28.583,0.3233333333,0.3235973597,True,True,True,True,True
7,3,short,2021-05-28,FILUSDT,66.732,97.815,97.75832572,0.3233333333,0.3253810471,True,True,True,True,True
7,3,short,2021-05-28,SOLUSDT,28.993,41.356,41.27903347,0.3233333333,0.3266998342,True,True,True,True,True
7,3,short,2021-05-28,THETAUSDT,6.558,10.477,10.45294876,0.3233333333,0.3145424837,True,True,True,True,True
7,3,short,2021-05-28,VETUSDT,0.10803,0.15269,0.15266607,0.3233333333,0.3221122112,True,True,True,True,True
7,3,short,2021-05-29,ADAUSDT,1.401,1.8907,1.8897341,0.3233333333,0.3250825083,True,True,True,True,True
7,3,short,2021-05-29,BNBUSDT,304.17,432.18,432.01,0.3233333333,0.3263750828,True,True,True,True,True
7,3,short,2021-05-29,DOGEUSDT,0.30281,0.447,0.44561435,0.3233333333,0.3247226362,True,True,True,True,True
7,3,short,2021-05-29,DOTUSDT,19.876,28.597,28.583,0.3233333333,0.3235973597,True,True,True,True,True
7,3,short,2021-05-29,FILUSDT,68.236,97.815,97.75832572,0.3233333333,0.3253810471,True,True,True,True,True
7,3,short,2021-05-29,SOLUSDT,27.38,42.786,42.76173306,0.3233333333,0.3266998342,True,True,True,True,True
7,3,short,2021-05-29,THETAUSDT,6.338,10.477,10.45294876,0.3233333333,0.3145424837,True,True,True,True,True
7,3,short,2021-05-29,VETUSDT,0.09891,0.15269,0.15266607,0.3233333333,0.3221122112,True,True,True,True,True
7,3,short,2021-05-29,XRPUSDT,0.8306,1.1013,1.09990285,0.3233333333,0.3266998342,True,True,False,False,True
7,3,short,2021-05-30,BNBUSDT,325.52,432.18,432.01,0.3233333333,0.3263750828,True,True,True,True,True
7,3,short,2021-05-30,DOGEUSDT,0.30181,0.447,0.44561435,0.3233333333,0.3247226362,True,True,True,True,True
7,3,short,2021-05-30,DOTUSDT,20.458,28.597,28.583,0.3233333333,0.3235973597,True,True,True,True,True
7,3,short,2021-05-30,FILUSDT,68.345,97.815,97.75832572,0.3233333333,0.3253810471,True,True,True,True,True
7,3,short,2021-05-30,SOLUSDT,28.59,43.47,43.385,0.3233333333,0.3266998342,True,True,True,True,True
7,3,short,2021-05-30,THETAUSDT,6.499,10.477,10.45294876,0.3233333333,0.3145424837,True,True,True,True,True
7,3,short,2021-05-30,VETUSDT,0.10726,0.15269,0.15266607,0.3233333333,0.3221122112,True,True,True,True,True
7,3,short,2021-05-31,DOGEUSDT,0.32556,0.447,0.44561435,0.3233333333,0.3247226362,True,True,True,True,True
7,3,short,2021-05-31,FILUSDT,72.532,97.815,97.75832572,0.3233333333,0.3253810471,True,True,True,True,True
7,3,short,2021-05-31,SOLUSDT,32.749,44.193,44.11395889,0.3233333333,0.3266998342,True,True,True,True,True
7,3,short,2021-05-31,THETAUSDT,7.097,10.477,10.45294876,0.3233333333,0.3145424837,True,True,True,True,True
7,3,short,2021-06-01,SOLUSDT,30.955,44.193,44.11395889,0.3233333333,0.3266998342,True,True,True,True,True
7,3,short,2021-06-11,MATICUSDT,1.25,1.712,1.70903135,0.3233333333,,True,True,False,False,False
7,3,short,2021-06-21,DOGEUSDT,0.17835,0.28941,0.28928,0.3233333333,0.3247226362,True,True,True,True,True
7,3,short,2021-06-22,DOGEUSDT,0.19061,0.28941,0.28928,0.3233333333,0.3247226362,True,True,True,True,True
7,3,short,2021-06-22,ETCUSDT,36.52,58.88,58.67,0.3233333333,0.3250825083,True,True,True,True,True
7,3,short,2021-06-22,SOLUSDT,26.956,35.81,35.806,0.3233333333,0.3266998342,True,True,True,True,True
7,3,short,2021-06-22,TRXUSDT,0.05099,0.06983,0.06982,0.3233333333,0.3235973597,True,True,True,True,True
7,3,short,2021-06-22,VETUSDT,0.07173,0.095,0.09499,0.3233333333,0.3221122112,True,True,True,True,True
7,3,short,2021-06-22,XRPUSDT,0.5464,0.7343,0.73298981,0.3233333333,0.3266998342,True,True,True,True,True
7,3,short,2021-06-23,ETCUSDT,40.728,62.57,62.463,0.3233333333,0.3250825083,True,True,True,True,True
7,3,short,2021-06-24,ETCUSDT,43.125,62.57,62.463,0.3233333333,0.3250825083,True,True,True,True,True
7,3,short,2021-06-25,AAVEUSDT,186.51,253.43,253.2371141,0.3233333333,0.3201320132,True,True,True,True,True
7,3,short,2021-06-25,ETCUSDT,39.303,62.57,62.463,0.3233333333,0.3250825083,True,True,True,True,True
7,3,short,2021-06-26,AAVEUSDT,187.13,267.43,266.6305764,0.3233333333,0.3201320132,True,True,True,True,True
7,3,short,2021-06-26,ETCUSDT,40.473,62.57,62.463,0.3233333333,0.3250825083,True,True,True,True,True
7,3,short,2021-06-27,AAVEUSDT,202.81,289.26,289.1958248,0.3233333333,0.3201320132,True,True,True,True,True
7,3,short,2021-06-27,ETCUSDT,42.267,62.57,62.463,0.3233333333,0.3250825083,True,True,True,True,True
7,3,short,2021-06-28,AAVEUSDT,227.28,318.66,317.59,0.3233333333,0.3201320132,True,True,True,True,True
7,3,short,2021-06-28,ETCUSDT,43.33,62.57,62.463,0.3233333333,0.3250825083,True,True,True,True,True
7,3,short,2021-06-29,AAVEUSDT,238.01,348.03,347.0038756,0.3233333333,0.3201320132,True,True,True,True,True
7,3,short,2021-06-30,AAVEUSDT,250.9,348.03,347.0038756,0.3233333333,0.3201320132,True,True,True,True,True
7,3,short,2021-07-19,DOGEUSDT,0.17357,0.23329,0.23316,0.3233333333,0.3247226362,True,True,True,True,True
7,3,short,2021-07-19,ETCUSDT,41.57,55.986,55.948,0.3233333333,0.3250825083,True,True,True,True,True
7,3,short,2021-07-19,ETHUSDT,1818.4,2433.53,2432.429749,0.3233333333,0.3280212483,True,True,True,True,True
7,3,short,2021-07-20,ADAUSDT,1.0534,1.3995,1.39886153,0.3233333333,0.3250825083,True,True,True,True,True
7,3,short,2021-07-20,DOGEUSDT,0.17037,0.23329,0.23316,0.3233333333,0.3247226362,True,True,True,True,True
7,3,short,2021-07-20,ETCUSDT,39.257,55.986,55.948,0.3233333333,0.3250825083,True,True,True,True,True
7,3,short,2021-07-20,ETHUSDT,1785.04,2433.53,2432.429749,0.3233333333,0.3280212483,True,True,True,True,True
7,3,short,2021-07-20,KSMUSDT,148.34,206.61,206.55,0.3233333333,0.3081300813,True,True,True,True,True
7,3,short,2021-07-27,DOTUSDT,14.346,19.927,19.89393878,0.3233333333,0.3235973597,True,True,True,True,True
7,3,short,2021-07-28,DOTUSDT,14.529,19.927,19.89393878,0.3233333333,0.3235973597,True,True,True,True,True
7,3,short,2021-07-28,SOLUSDT,27.875,37,36.99040583,0.3233333333,0.3266998342,True,True,True,True,True
7,3,short,2021-07-31,FILUSDT,52.031,70.931,70.871,0.3233333333,0.3253810471,True,True,True,True,True
7,3,short,2021-08-01,DOGEUSDT,0.20409,0.28489,0.28412267,0.3233333333,0.3247226362,True,True,True,True,True
7,3,short,2021-08-01,RUNEUSDT,5.975,8.4,8.399,0.3233333333,0.3145424837,True,True,True,True,True
7,3,short,2021-08-02,DOGEUSDT,0.20335,0.28489,0.28412267,0.3233333333,0.3247226362,True,True,True,True,True
7,3,short,2021-08-03,AXSUSDT,38.34,64.88,64.74630714,0.3233333333,0.3145424837,True,True,True,True,True
7,3,short,2021-08-03,DOGEUSDT,0.19631,0.28489,0.28412267,0.3233333333,0.3247226362,True,True,True,True,True
7,3,short,2021-08-04,ADAUSDT,1.3764,1.8973,1.89588008,0.3233333333,0.3250825083,True,True,True,True,True
7,3,short,2021-08-04,AXSUSDT,43.74,77.41,77.3204691,0.3233333333,0.3145424837,True,True,True,True,True
7,3,short,2021-08-04,DOGEUSDT,0.20161,0.28489,0.28412267,0.3233333333,0.3247226362,True,True,True,True,True
7,3,short,2021-08-04,MATICUSDT,1.0541,1.429,1.42825961,0.3233333333,,True,True,False,False,False
7,3,short,2021-08-04,XRPUSDT,0.7314,1.0928,1.09036017,0.3233333333,0.3266998342,True,True,True,True,True
7,3,short,2021-08-05,ADAUSDT,1.3867,1.8973,1.89588008,0.3233333333,0.3250825083,True,True,True,True,True
7,3,short,2021-08-05,AXSUSDT,42.55,77.41,77.3204691,0.3233333333,0.3145424837,True,True,True,True,True
7,3,short,2021-08-05,DOGEUSDT,0.20108,0.2955,0.29519,0.3233333333,0.3247226362,True,True,True,True,True
7,3,short,2021-08-05,MATICUSDT,1.0656,1.4816,1.48040035,0.3233333333,,True,True,False,False,False
7,3,short,2021-08-05,XRPUSDT,0.7335,1.0928,1.09036017,0.3233333333,0.3266998342,True,True,True,True,True
7,3,short,2021-08-06,ADAUSDT,1.4024,2.1525,2.1519,0.3233333333,0.3250825083,True,True,True,True,True
7,3,short,2021-08-06,AXSUSDT,42.53,77.41,77.3204691,0.3233333333,0.3145424837,True,True,True,True,True
7,3,short,2021-08-06,DOGEUSDT,0.20499,0.2955,0.29519,0.3233333333,0.3247226362,True,True,True,True,True
7,3,short,2021-08-06,MATICUSDT,1.082,1.5176,1.5169,0.3233333333,,True,True,False,False,False
7,3,short,2021-08-06,XRPUSDT,0.7475,1.0982,1.09719767,0.3233333333,0.3266998342,True,True,True,True,True
7,3,short,2021-08-07,ADAUSDT,1.4736,2.253,2.2528,0.3233333333,0.3250825083,True,True,True,True,True
7,3,short,2021-08-07,AXSUSDT,41.36,77.41,77.3204691,0.3233333333,0.3145424837,True,True,True,True,True
7,3,short,2021-08-07,XRPUSDT,0.817,1.312,1.3113176,0.3233333333,0.3266998342,True,True,True,True,True
7,3,short,2021-08-08,ADAUSDT,1.4264,2.257,2.25543945,0.3233333333,0.3250825083,True,True,True,True,True
7,3,short,2021-08-08,ALICEUSDT,11.647,15.143,15.12402234,0.3233333333,0.2984126984,False,False,True,True,True
7,3,short,2021-08-08,AXSUSDT,42.24,77.41,77.3204691,0.3233333333,0.3145424837,True,True,True,True,True
7,3,short,2021-08-08,CHRUSDT,0.3049,0.48,0.48,0.3233333333,0.3081300813,True,True,True,True,True
7,3,short,2021-08-08,DOGEUSDT,0.24008,0.34978,0.34965,0.3233333333,0.3247226362,True,True,True,True,True
7,3,short,2021-08-08,EOSUSDT,4.298,5.716,5.71341496,0.3233333333,,True,True,False,False,False
7,3,short,2021-08-08,ETCUSDT,57.122,77.28,77.2440049,0.3233333333,0.3250825083,True,True,True,True,True
7,3,short,2021-08-08,MATICUSDT,1.0816,1.5176,1.5169,0.3233333333,,True,True,False,False,False
7,3,short,2021-08-08,SOLUSDT,37.688,54.789,54.74319053,0.3233333333,0.3266998342,True,True,True,True,True
7,3,short,2021-08-08,XRPUSDT,0.7796,1.35,1.34964559,0.3233333333,0.3266998342,True,True,True,True,True
7,3,short,2021-08-09,ADAUSDT,1.4758,2.257,2.25543945,0.3233333333,0.3250825083,True,True,True,True,True
7,3,short,2021-08-09,AXSUSDT,43.56,77.41,77.3204691,0.3233333333,0.3145424837,True,True,True,True,True
7,3,short,2021-08-09,CHRUSDT,0.3098,0.48,0.48,0.3233333333,0.3081300813,True,True,True,True,True
7,3,short,2021-08-09,DOGEUSDT,0.25614,0.35222,0.3520288,0.3233333333,0.3247226362,True,True,True,True,True
7,3,short,2021-08-09,MATICUSDT,1.127,1.5643,1.56224599,0.3233333333,,True,True,False,False,False
7,3,short,2021-08-09,RUNEUSDT,6.88,9.61,9.61,0.3233333333,0.3145424837,True,True,True,True,True
7,3,short,2021-08-09,SOLUSDT,38.68,69.448,69.14960948,0.3233333333,0.3266998342,True,True,True,True,True
7,3,short,2021-08-09,XRPUSDT,0.8178,1.35,1.34964559,0.3233333333,0.3266998342,True,True,True,True,True
7,3,short,2021-08-10,ADAUSDT,1.6796,2.257,2.25543945,0.3233333333,0.3250825083,True,True,True,True,True
7,3,short,2021-08-10,CHRUSDT,0.3387,0.48,0.48,0.3233333333,0.3081300813,True,True,True,True,True
7,3,short,2021-08-10,DOGEUSDT,0.25769,0.35222,0.3520288,0.3233333333,0.3247226362,True,True,True,True,True
7,3,short,2021-08-10,DOTUSDT,20.62,27.456,27.40960974,0.3233333333,0.3235973597,True,True,True,True,True
7,3,short,2021-08-10,MATICUSDT,1.1569,1.5643,1.56224599,0.3233333333,,True,True,False,False,False
7,3,short,2021-08-10,RUNEUSDT,7.103,9.75,9.75,0.3233333333,0.3145424837,True,True,True,True,True
7,3,short,2021-08-10,SOLUSDT,40.676,75.25,75.041,0.3233333333,0.3266998342,True,True,True,True,True
7,3,short,2021-08-10,XRPUSDT,0.8519,1.35,1.34964559,0.3233333333,0.3266998342,True,True,True,True,True
7,3,short,2021-08-11,CHRUSDT,0.3296,0.48,0.48,0.3233333333,0.3081300813,True,True,True,True,True
7,3,short,2021-08-11,DOGEUSDT,0.26455,0.35222,0.3520288,0.3233333333,0.3247226362,True,True,True,True,True
7,3,short,2021-08-11,RUNEUSDT,7.019,9.75,9.75,0.3233333333,0.3145424837,True,True,True,True,True
7,3,short,2021-08-11,SOLUSDT,41.65,80.5,80.427,0.3233333333,0.3266998342,True,True,True,True,True
7,3,short,2021-08-11,XRPUSDT,1.012,1.35,1.34964559,0.3233333333,0.3266998342,True,True,True,True,True
7,3,short,2021-08-12,ADAUSDT,1.8341,2.4588,2.455406,0.3233333333,0.3250825083,True,True,True,True,True
7,3,short,2021-08-12,CHRUSDT,0.3209,0.48,0.48,0.3233333333,0.3081300813,True,True,True,True,True
7,3,short,2021-08-12,DOGEUSDT,0.26427,0.35222,0.3520288,0.3233333333,0.3247226362,True,True,True,True,True
7,3,short,2021-08-12,RUNEUSDT,6.793,9.75,9.75,0.3233333333,0.3145424837,True,True,True,True,True
7,3,short,2021-08-12,SOLUSDT,41.122,80.5,80.427,0.3233333333,0.3266998342,True,True,True,True,True
7,3,short,2021-08-12,XRPUSDT,0.9667,1.35,1.34964559,0.3233333333,0.3266998342,True,True,True,True,True
7,3,short,2021-08-13,CHRUSDT,0.3366,0.48,0.48,0.3233333333,0.3081300813,True,True,True,True,True
7,3,short,2021-08-13,RUNEUSDT,7.33,9.75,9.75,0.3233333333,0.3145424837,True,True,True,True,True
7,3,short,2021-08-13,SOLUSDT,44.9,80.5,80.427,0.3233333333,0.3266998342,True,True,True,True,True
7,3,short,2021-08-14,ALICEUSDT,13,18.178,18.15151617,0.3233333333,0.2984126984,True,True,True,True,True
7,3,short,2021-08-14,CHRUSDT,0.3374,0.48,0.48,0.3233333333,0.3081300813,True,True,True,True,True
7,3,short,2021-08-14,RUNEUSDT,7.725,11.74,11.72136275,0.3233333333,0.3145424837,True,True,True,True,True
7,3,short,2021-08-14,SOLUSDT,44.141,82.1,82.013,0.3233333333,0.3266998342,True,True,True,True,True
7,3,short,2021-08-15,ALICEUSDT,13.37,18.178,18.15151617,0.3233333333,0.2984126984,True,True,True,True,True
7,3,short,2021-08-15,RUNEUSDT,8.429,11.74,11.72136275,0.3233333333,0.3145424837,True,True,True,True,True
7,3,short,2021-08-15,SOLUSDT,53.565,82.1,82.013,0.3233333333,0.3266998342,True,True,True,True,True
7,3,short,2021-08-16,ADAUSDT,2.073,2.9787,2.9775,0.3233333333,0.3250825083,True,True,True,True,True
7,3,short,2021-08-16,ALICEUSDT,12.883,18.74,18.707,0.3233333333,0.2984126984,True,True,True,True,True
7,3,short,2021-08-16,RUNEUSDT,8.637,12.49,12.48408868,0.3233333333,0.3145424837,True,True,True,True,True
7,3,short,2021-08-17,ADAUSDT,1.925,2.9787,2.9775,0.3233333333,0.3250825083,True,True,True,True,True
7,3,short,2021-08-17,ALICEUSDT,12.54,18.74,18.707,0.3233333333,0.2984126984,True,True,True,True,True
7,3,short,2021-08-17,RUNEUSDT,8.394,12.49,12.48408868,0.3233333333,0.3145424837,True,True,True,True,True
7,3,short,2021-08-18,ADAUSDT,2.1057,2.9787,2.9775,0.3233333333,0.3250825083,True,True,True,True,True
7,3,short,2021-08-18,ALICEUSDT,11.842,23,22.96002219,0.3233333333,0.2984126984,True,True,True,True,True
7,3,short,2021-08-18,RUNEUSDT,8.066,12.49,12.48408868,0.3233333333,0.3145424837,True,True,True,True,True
7,3,short,2021-08-19,ALICEUSDT,12.423,23,22.96002219,0.3233333333,0.2984126984,True,True,True,True,True
7,3,short,2021-08-19,RUNEUSDT,8.845,12.49,12.48408868,0.3233333333,0.3145424837,True,True,True,True,True
7,3,short,2021-08-19,SANDUSDT,0.59922,0.86595,0.86503,0.3233333333,0.3145424837,True,True,True,True,True
7,3,short,2021-08-20,ALICEUSDT,13.066,23,22.96002219,0.3233333333,0.2984126984,True,True,True,True,True
7,3,short,2021-08-20,RUNEUSDT,9.307,12.49,12.48408868,0.3233333333,0.3145424837,True,True,True,True,True
7,3,short,2021-08-20,SANDUSDT,0.61436,0.86595,0.86503,0.3233333333,0.3145424837,True,True,True,True,True
7,3,short,2021-08-21,ALICEUSDT,17.081,23.888,23.82006459,0.3233333333,0.2984126984,True,True,True,True,True
7,3,short,2021-08-21,SOLUSDT,73.904,97.88,97.839,0.3233333333,0.3266998342,True,True,False,False,True
7,3,short,2021-08-22,ALICEUSDT,16.224,23.888,23.82006459,0.3233333333,0.2984126984,True,True,True,True,True
7,3,short,2021-08-22,SANDUSDT,0.65826,1.048,1.04627784,0.3233333333,0.3145424837,True,True,True,True,True
7,3,short,2021-08-22,SOLUSDT,72.806,97.907,97.84806014,0.3233333333,0.3266998342,True,True,True,True,True
7,3,short,2021-08-23,ALICEUSDT,17.255,23.888,23.82006459,0.3233333333,0.2984126984,True,True,True,True,True
7,3,short,2021-08-23,SANDUSDT,0.6777,1.20971,1.2005173,0.3233333333,0.3145424837,True,True,True,True,True
7,3,short,2021-08-23,SOLUSDT,75.702,116.6,116.468,0.3233333333,0.3266998342,True,True,True,True,True
7,3,short,2021-08-24,ALICEUSDT,16.023,23.888,23.82006459,0.3233333333,0.2984126984,True,True,True,True,True
7,3,short,2021-08-24,CHRUSDT,0.3637,0.5389,0.53826788,0.3233333333,0.3081300813,True,True,True,True,True
7,3,short,2021-08-24,SANDUSDT,0.61438,1.20971,1.2005173,0.3233333333,0.3145424837,True,True,True,True,True
7,3,short,2021-08-24,SOLUSDT,70.511,130.44,130.0343424,0.3233333333,0.3266998342,True,True,True,True,True
7,3,short,2021-08-25,SANDUSDT,0.73868,1.20971,1.2005173,0.3233333333,0.3145424837,True,True,True,True,True
7,3,short,2021-08-25,SOLUSDT,72.028,130.44,130.0343424,0.3233333333,0.3266998342,True,True,True,True,True
7,3,short,2021-08-26,DOTUSDT,23.927,33.88,33.85207837,0.3233333333,0.3235973597,True,True,True,True,True
7,3,short,2021-08-26,SANDUSDT,0.67738,1.20971,1.2005173,0.3233333333,0.3145424837,True,True,True,True,True
7,3,short,2021-08-26,SOLUSDT,74.875,132.3,132.1917606,0.3233333333,0.3266998342,True,True,True,True,True
7,3,short,2021-08-27,SANDUSDT,0.70937,1.20971,1.2005173,0.3233333333,0.3145424837,True,True,True,True,True
7,3,short,2021-08-27,SOLUSDT,87.954,149.246,149.0334384,0.3233333333,0.3266998342,True,True,True,True,True
7,3,short,2021-08-28,SANDUSDT,0.76099,1.20971,1.2005173,0.3233333333,0.3145424837,True,True,True,True,True
7,3,short,2021-08-28,SOLUSDT,96.225,151.182,150.7501654,0.3233333333,0.3266998342,True,True,True,True,True
7,3,short,2021-08-29,DOTUSDT,25.726,34.81,34.802,0.3233333333,0.3235973597,True,True,True,True,True
7,3,short,2021-08-29,LTCUSDT,174.46,232.88,232.6893706,0.3233333333,0.3250825083,True,True,True,True,True
7,3,short,2021-08-29,SOLUSDT,94.239,151.182,150.7501654,0.3233333333,0.3266998342,True,True,True,True,True
7,3,short,2021-08-30,DOTUSDT,26.073,35.16,35.1195311,0.3233333333,0.3235973597,True,True,True,True,True
7,3,short,2021-08-30,EOSUSDT,4.822,6.435,6.42167412,0.3233333333,,True,True,False,False,False
7,3,short,2021-08-30,LINKUSDT,25.059,36.386,36.36586044,0.3233333333,0.3250825083,True,True,True,True,True
7,3,short,2021-08-30,LTCUSDT,167.46,232.88,232.6893706,0.3233333333,0.3250825083,True,True,True,True,True
7,3,short,2021-08-30,MATICUSDT,1.32,1.8005,1.8,0.3233333333,,True,True,False,False,False
7,3,short,2021-08-30,SOLUSDT,110.318,166.274,166.1106675,0.3233333333,0.3266998342,True,True,True,True,True
7,3,short,2021-08-31,AXSUSDT,72.21,95,94.67,0.3233333333,0.3145424837,False,False,True,False,True
7,3,short,2021-08-31,LINKUSDT,26.719,36.386,36.36586044,0.3233333333,0.3250825083,True,True,True,True,True
7,3,short,2021-08-31,LTCUSDT,171.68,232.88,232.6893706,0.3233333333,0.3250825083,True,True,True,True,True
7,3,short,2021-08-31,MATICUSDT,1.3383,1.8005,1.8,0.3233333333,,True,True,False,False,False
7,3,short,2021-08-31,SOLUSDT,108.341,195.522,195.3602639,0.3233333333,0.3266998342,True,True,True,True,True
7,3,short,2021-09-01,FILUSDT,78.784,120.502,120.2434611,0.3233333333,0.3253810471,True,True,True,True,True
7,3,short,2021-09-01,SOLUSDT,110.894,198.094,198.0007106,0.3233333333,0.3266998342,True,True,True,True,True
7,3,short,2021-09-02,FILUSDT,77.462,120.502,120.2434611,0.3233333333,0.3253810471,True,True,True,True,True
7,3,short,2021-09-02,SOLUSDT,128.329,216.39,216.0918067,0.3233333333,0.3266998342,True,True,True,True,True
7,3,short,2021-09-03,FILUSDT,77.757,120.502,120.2434611,0.3233333333,0.3253810471,True,True,True,True,True
7,3,short,2021-09-03,LUNAUSDT,31.769,44.176,43.96505835,0.3233333333,,True,True,False,False,False
7,3,short,2021-09-03,SOLUSDT,146.403,216.39,216.0918067,0.3233333333,0.3266998342,True,True,True,True,True
7,3,short,2021-09-04,LUNAUSDT,31.43,44.6,44.55173142,0.3233333333,,True,True,False,False,False
7,3,short,2021-09-04,SOLUSDT,139.155,216.39,216.0918067,0.3233333333,0.3266998342,True,True,True,True,True
7,3,short,2021-09-05,AVAXUSDT,48.195,64.857,64.8539194,0.3233333333,0.3266998342,True,True,True,True,True
7,3,short,2021-09-05,SOLUSDT,142.14,216.39,216.0918067,0.3233333333,0.3266998342,True,True,True,True,True
7,3,short,2021-09-06,AVAXUSDT,47.137,64.857,64.8539194,0.3233333333,0.3266998342,True,True,True,True,True
7,3,short,2021-09-06,LUNAUSDT,32.363,44.6,44.55173142,0.3233333333,,True,True,False,False,False
7,3,short,2021-09-07,AVAXUSDT,37.976,64.857,64.8539194,0.3233333333,0.3266998342,True,True,True,True,True
7,3,short,2021-09-07,DOTUSDT,27.982,38.745,38.734,0.3233333333,0.3235973597,True,True,True,True,True
7,3,short,2021-09-07,LTCUSDT,178.26,236.42,236.0817581,0.3233333333,0.3250825083,True,True,True,False,True
7,3,short,2021-09-07,LUNAUSDT,27.933,44.6,44.55173142,0.3233333333,,True,True,False,False,False
7,3,short,2021-09-08,AVAXUSDT,37.053,64.857,64.8539194,0.3233333333,0.3266998342,True,True,True,True,True
7,3,short,2021-09-08,DOTUSDT,27.779,38.745,38.734,0.3233333333,0.3235973597,True,True,True,True,True
7,3,short,2021-09-08,LUNAUSDT,29.483,44.6,44.55173142,0.3233333333,,True,True,False,False,False
7,3,short,2021-09-09,AVAXUSDT,40.782,68.4,68.33454733,0.3233333333,0.3266998342,True,True,True,True,True
7,3,short,2021-09-09,LUNAUSDT,30.62,44.6,44.55173142,0.3233333333,,True,True,False,False,False
7,3,short,2021-09-10,AVAXUSDT,49.376,70.937,70.87903209,0.3233333333,0.3266998342,True,True,True,True,True
7,3,short,2021-09-10,DOTUSDT,29.199,38.745,38.734,0.3233333333,0.3235973597,True,True,True,True,True
7,3,short,2021-09-10,LTCUSDT,174.16,236.42,236.0817581,0.3233333333,0.3250825083,True,True,True,True,True
7,3,short,2021-09-11,AVAXUSDT,57.108,75.642,75.5,0.3233333333,0.3266998342,True,False,False,False,True
7,3,short,2021-09-11,LTCUSDT,178.59,236.42,236.0817581,0.3233333333,0.3250825083,True,False,False,False,True
7,3,short,2021-09-13,AVAXUSDT,53.142,76.333,76.2446135,0.3233333333,0.3266998342,True,True,True,True,True
7,3,short,2021-09-14,AVAXUSDT,51.496,76.333,76.2446135,0.3233333333,0.3266998342,True,True,True,True,True
7,3,short,2021-09-20,AVAXUSDT,57.34,79.6,79.544,0.3233333333,0.3266998342,True,True,True,True,True
7,3,short,2021-09-20,LUNAUSDT,27.5,41.23,41.24040409,0.3233333333,,True,True,False,False,False
7,3,short,2021-09-21,AVAXUSDT,59.048,79.6,79.544,0.3233333333,0.3266998342,True,True,True,True,True
7,3,short,2021-09-21,AXSUSDT,50.59,72.96,72.88279067,0.3233333333,0.3145424837,True,True,True,True,True
7,3,short,2021-09-21,LUNAUSDT,25.137,41.23,41.24040409,0.3233333333,,True,True,False,False,False
7,3,short,2021-09-24,AXSUSDT,68.18,119.76,117.2449459,0.3233333333,0.3145424837,True,True,True,True,True
7,3,short,2021-09-25,AXSUSDT,65.24,120.73,120.3352627,0.3233333333,0.3145424837,True,True,True,True,True
7,3,short,2021-09-26,AXSUSDT,63.61,138.61,138.58,0.3233333333,0.3145424837,True,True,True,True,True
7,3,short,2021-09-26,FILUSDT,55.74,74,73.95129769,0.3233333333,0.3253810471,True,True,True,True,True
7,3,short,2021-09-26,LUNAUSDT,34.647,46.225,46.20160947,0.3233333333,,True,True,False,False,False
7,3,short,2021-09-27,AXSUSDT,63.83,155.01,154.612466,0.3233333333,0.3145424837,True,True,True,True,True
7,3,short,2021-09-27,LUNAUSDT,36.764,49.589,49.54542511,0.3233333333,,True,True,False,False,False
7,3,short,2021-09-28,AXSUSDT,69.11,155.01,154.612466,0.3233333333,0.3145424837,True,True,True,True,True
7,3,short,2021-09-28,BNBUSDT,332.87,444.16,443.9710764,0.3233333333,0.3263750828,True,True,True,True,True
7,3,short,2021-09-28,DOGEUSDT,0.1964,0.2682,0.26773484,0.3233333333,0.3247226362,True,True,True,True,True
7,3,short,2021-09-28,FILUSDT,55.262,74,73.95129769,0.3233333333,0.3253810471,True,True,True,True,True
7,3,short,2021-09-28,LUNAUSDT,33.122,49.589,49.54542511,0.3233333333,,True,True,False,False,False
7,3,short,2021-09-28,SOLUSDT,132.158,178,177.7320658,0.3233333333,0.3266998342,True,True,True,True,True
7,3,short,2021-09-29,AXSUSDT,69.3,155.01,154.612466,0.3233333333,0.3145424837,True,True,True,True,True
7,3,short,2021-09-29,BTCUSDT,41499.71,56416.02,55767.47979,0.3233333333,0.3280212483,True,True,True,True,True
7,3,short,2021-09-29,DOGEUSDT,0.19853,0.27199,0.2716645,0.3233333333,0.3247226362,True,True,True,True,True
7,3,short,2021-09-29,LUNAUSDT,34.152,49.589,49.54542511,0.3233333333,,True,True,False,False,False
7,3,short,2021-09-30,AXSUSDT,74.61,155.01,154.612466,0.3233333333,0.3145424837,True,True,True,True,True
7,3,short,2021-09-30,DOGEUSDT,0.20424,0.27199,0.2716645,0.3233333333,0.3247226362,True,True,True,True,True
7,3,short,2021-10-01,AXSUSDT,110.33,155.01,154.612466,0.3233333333,0.3145424837,True,True,True,True,True
7,3,short,2021-10-01,FTMUSDT,1.41747,2.45567,2.45022056,0.3233333333,0.3221122112,True,True,True,True,True
7,3,short,2021-10-01,XTZUSDT,6.69,9.177,9.16182076,0.3233333333,0.3145424837,True,True,True,True,True
7,3,short,2021-10-02,AXSUSDT,107.76,155.01,154.612466,0.3233333333,0.3145424837,True,True,True,True,True
7,3,short,2021-10-02,FTMUSDT,1.4594,2.45567,2.45022056,0.3233333333,0.3221122112,True,True,True,True,True
7,3,short,2021-10-03,FTMUSDT,1.4681,2.45567,2.45022056,0.3233333333,0.3221122112,True,True,True,True,True
7,3,short,2021-10-04,FTMUSDT,1.39901,2.45567,2.45022056,0.3233333333,0.3221122112,True,True,True,True,True
7,3,short,2021-10-05,FTMUSDT,1.41563,2.45567,2.45022056,0.3233333333,0.3221122112,True,True,True,True,True
7,3,short,2021-10-06,DOTUSDT,32.223,43.271,43.19901875,0.3233333333,0.3235973597,True,True,True,True,True
7,3,short,2021-10-06,FTMUSDT,1.61048,2.45567,2.45022056,0.3233333333,0.3221122112,True,True,True,True,True
7,3,short,2021-10-08,DOTUSDT,33.385,44.28,44.24687396,0.3233333333,0.3235973597,True,True,True,True,True
7,3,short,2021-10-12,MATICUSDT,1.2236,1.6395,1.63413262,0.3233333333,,True,True,False,False,False
7,3,short,2021-10-15,FTMUSDT,1.93158,2.64123,2.6399406,0.3233333333,0.3221122112,True,True,True,True,True
7,3,short,2021-10-16,SOLUSDT,157.686,215.781,215.2729295,0.3233333333,0.3266998342,True,True,True,True,True
7,3,short,2021-10-17,SOLUSDT,160.291,215.781,215.2729295,0.3233333333,0.3266998342,True,True,True,True,True
7,3,short,2021-10-18,FTMUSDT,2.21814,3.05668,3.05497235,0.3233333333,0.3221122112,True,True,True,True,True
7,3,short,2021-10-18,SOLUSDT,157.263,219.156,218.9848897,0.3233333333,0.3266998342,True,True,True,True,True
7,3,short,2021-10-19,FTMUSDT,2.3549,3.48,3.47488,0.3233333333,0.3221122112,True,True,True,True,True
7,3,short,2021-10-19,SOLUSDT,155.941,219.156,218.9848897,0.3233333333,0.3266998342,True,True,True,True,True
7,3,short,2021-10-20,FTMUSDT,2.42886,3.48,3.47488,0.3233333333,0.3221122112,True,True,True,True,True
7,3,short,2021-10-21,DOGEUSDT,0.2426,0.341,0.33992,0.3233333333,0.3247226362,True,True,True,True,True
7,3,short,2021-10-21,FTMUSDT,2.22653,3.4908,3.485038,0.3233333333,0.3221122112,True,True,True,True,True
7,3,short,2021-10-21,MATICUSDT,1.5049,2.179,2.1785,0.3233333333,,True,True,False,False,False
7,3,short,2021-10-22,DOGEUSDT,0.24494,0.341,0.33992,0.3233333333,0.3247226362,True,True,True,True,True
7,3,short,2021-10-22,FTMUSDT,2.62164,3.4908,3.485038,0.3233333333,0.3221122112,True,True,True,True,True
7,3,short,2021-10-22,MATICUSDT,1.5186,2.2235,2.22009668,0.3233333333,,True,True,False,False,False
7,3,short,2021-10-23,DOGEUSDT,0.25144,0.341,0.33992,0.3233333333,0.3247226362,True,True,True,True,True
7,3,short,2021-10-23,FTMUSDT,2.55604,3.4908,3.485038,0.3233333333,0.3221122112,True,True,True,True,True
7,3,short,2021-10-23,MATICUSDT,1.6411,2.2235,2.22009668,0.3233333333,,True,True,False,False,False
7,3,short,2021-10-24,AXSUSDT,122.65,163,163.4996571,0.3233333333,0.3145424837,True,True,True,True,True
7,3,short,2021-10-24,MATICUSDT,1.5727,2.2235,2.22009668,0.3233333333,,True,True,False,False,False
7,3,short,2021-10-25,MATICUSDT,1.6756,2.2235,2.22009668,0.3233333333,,True,True,False,False,False
7,3,short,2021-10-26,DOGEUSDT,0.25603,0.341,0.33992,0.3233333333,0.3247226362,True,True,True,True,True
7,3,short,2021-10-27,AXSUSDT,121.38,163,163.4996571,0.3233333333,0.3145424837,True,True,True,True,True
7,3,short,2021-10-27,DOGEUSDT,0.23804,0.341,0.33992,0.3233333333,0.3247226362,True,True,True,True,True
7,3,short,2021-10-27,DOTUSDT,40.445,54.621,54.60191767,0.3233333333,0.3235973597,True,True,True,True,True
7,3,short,2021-10-27,SOLUSDT,184.468,246.29,246.226,0.3233333333,0.3266998342,True,True,True,True,True
7,3,short,2021-10-30,SOLUSDT,195.85,260.064,259.9790292,0.3233333333,0.3266998342,True,True,True,True,True
7,3,short,2021-10-31,AVAXUSDT,64.519,88.978,88.91599786,0.3233333333,0.3266998342,True,True,True,True,True
7,3,short,2021-11-01,AVAXUSDT,64.961,97,96.999,0.3233333333,0.3266998342,True,True,True,True,True
7,3,short,2021-11-02,AVAXUSDT,67.826,97,96.999,0.3233333333,0.3266998342,True,True,True,True,True
7,3,short,2021-11-02,LTCUSDT,201.12,275,274.5946706,0.3233333333,0.3250825083,True,True,True,True,True
7,3,short,2021-11-03,LTCUSDT,207.48,296,295.5154801,0.3233333333,0.3250825083,True,True,True,True,True
7,3,short,2021-11-04,LTCUSDT,202.83,296,295.5154801,0.3233333333,0.3250825083,True,True,True,True,True
7,3,short,2021-11-05,LTCUSDT,198.99,296,295.5154801,0.3233333333,0.3250825083,True,True,True,True,True
7,3,short,2021-11-05,MANAUSDT,2.5915,3.47,3.46460296,0.3233333333,0.3145424837,True,True,True,True,True
7,3,short,2021-11-06,LTCUSDT,197.74,296,295.5154801,0.3233333333,0.3250825083,True,True,True,True,True
7,3,short,2021-11-06,MANAUSDT,2.812,3.8085,3.8004,0.3233333333,0.3145424837,True,True,True,True,True
7,3,short,2021-11-07,LTCUSDT,202.29,296,295.5154801,0.3233333333,0.3250825083,True,True,True,True,True
7,3,short,2021-11-07,MANAUSDT,2.8298,3.8085,3.8004,0.3233333333,0.3145424837,True,True,True,True,True
7,3,short,2021-11-08,MANAUSDT,2.6944,3.8085,3.8004,0.3233333333,0.3145424837,True,True,True,True,True
7,3,short,2021-11-09,MANAUSDT,2.5528,3.8085,3.8004,0.3233333333,0.3145424837,True,True,True,True,True
7,3,short,2021-11-10,MANAUSDT,2.4871,3.8085,3.8004,0.3233333333,0.3145424837,True,True,True,True,True
7,3,short,2021-11-11,MANAUSDT,2.676,3.9764,3.97525027,0.3233333333,0.3145424837,True,True,True,True,True
7,3,short,2021-11-12,AVAXUSDT,84.855,112.383,112.2844866,0.3233333333,0.3266998342,True,False,False,False,True
7,3,short,2021-11-13,AVAXUSDT,97.675,129.89,129.887,0.3233333333,0.3266998342,True,True,True,True,True
7,3,short,2021-11-13,MANAUSDT,3.2475,4.3646,4.36094564,0.3233333333,0.3145424837,True,True,True,True,True
7,3,short,2021-11-14,AVAXUSDT,95.406,148,146.3254295,0.3233333333,0.3266998342,True,True,True,True,True
7,3,short,2021-11-14,MANAUSDT,3.2159,4.3646,4.36094564,0.3233333333,0.3145424837,True,True,True,True,True
7,3,short,2021-11-15,AVAXUSDT,93.922,148,146.3254295,0.3233333333,0.3266998342,True,True,True,True,True
7,3,short,2021-11-15,MANAUSDT,3.2958,4.3646,4.36094564,0.3233333333,0.3145424837,True,False,True,True,True
7,3,short,2021-11-16,AVAXUSDT,97.898,148,146.3254295,0.3233333333,0.3266998342,True,True,True,True,True
7,3,short,2021-11-16,MANAUSDT,3.2411,4.3646,4.36094564,0.3233333333,0.3145424837,True,True,True,True,True
7,3,short,2021-11-17,AVAXUSDT,107.614,148,146.3254295,0.3233333333,0.3266998342,True,True,True,True,True
7,3,short,2021-11-17,MANAUSDT,3.3525,5.4916,5.4889644,0.3233333333,0.3145424837,True,True,True,True,True
7,3,short,2021-11-18,AVAXUSDT,100.605,148,146.3254295,0.3233333333,0.3266998342,True,True,True,True,True
7,3,short,2021-11-18,DYDXUSDT,12.314,16.445,16.42722763,0.3233333333,0.3145424837,True,True,True,True,True
7,3,short,2021-11-18,FTMUSDT,1.8473,2.67022,2.6700828,0.3233333333,0.3221122112,True,True,True,True,True
7,3,short,2021-11-18,MANAUSDT,3.7549,5.917,5.90575075,0.3233333333,0.3145424837,True,True,True,True,True
7,3,short,2021-11-19,MANAUSDT,4.2935,5.917,5.90575075,0.3233333333,0.3145424837,True,True,True,True,True
7,3,short,2021-11-20,MANAUSDT,4.0161,5.917,5.90575075,0.3233333333,0.3145424837,True,True,True,True,True
7,3,short,2021-11-21,MANAUSDT,3.6475,5.917,5.90575075,0.3233333333,0.3145424837,True,True,True,True,True
7,3,short,2021-11-22,FTMUSDT,1.95156,2.67022,2.6700828,0.3233333333,0.3221122112,True,True,True,True,True
7,3,short,2021-11-22,MANAUSDT,4.09,5.917,5.90575075,0.3233333333,0.3145424837,True,True,True,True,True
7,3,short,2021-11-23,LUNAUSDT,42.773,60.208,60.04871427,0.3233333333,,True,True,False,False,False
7,3,short,2021-11-23,MANAUSDT,4.0255,5.917,5.90575075,0.3233333333,0.3145424837,True,True,True,True,True
7,3,short,2021-11-24,1000SHIBUSDT,0.037891,0.0544,0.05428477,0.3233333333,0.3247226362,True,True,True,True,True
7,3,short,2021-11-24,LUNAUSDT,38.604,64.871,64.81555931,0.3233333333,,True,True,False,False,False
7,3,short,2021-11-25,LUNAUSDT,43.613,66.578,66.48121334,0.3233333333,,True,True,False,False,False
7,3,short,2021-11-26,1000SHIBUSDT,0.038685,0.0544,0.05428477,0.3233333333,0.3247226362,True,True,True,True,True
7,3,short,2021-11-26,LUNAUSDT,41.16,70.65,70.49946031,0.3233333333,,True,True,False,False,False
7,3,short,2021-11-26,MATICUSDT,1.6399,2.398,2.39583771,0.3233333333,,True,True,False,False,False
7,3,short,2021-11-27,1000SHIBUSDT,0.039199,0.0544,0.05428477,0.3233333333,0.3247226362,True,True,True,True,True
7,3,short,2021-11-27,LUNAUSDT,43.902,78.29,78.15681633,0.3233333333,,True,True,False,False,False
7,3,short,2021-11-27,MATICUSDT,1.6125,2.398,2.39583771,0.3233333333,,True,True,False,False,False
7,3,short,2021-11-28,1000SHIBUSDT,0.039134,0.0544,0.05428477,0.3233333333,0.3247226362,True,True,True,True,True
7,3,short,2021-11-28,LUNAUSDT,50.133,78.377,78.21940306,0.3233333333,,True,True,False,False,False
7,3,short,2021-11-28,MATICUSDT,1.6514,2.398,2.39583771,0.3233333333,,True,True,False,False,False
7,3,short,2021-11-29,LUNAUSDT,51.633,78.377,78.21940306,0.3233333333,,True,True,False,False,False
7,3,short,2021-11-30,MATICUSDT,1.7854,2.5219,2.51845688,0.3233333333,,True,True,False,False,False
7,3,short,2021-12-04,LRCUSDT,2.26689,2.96145,2.95710715,0.3233333333,0.2888888889,False,False,True,True,True
7,3,short,2021-12-05,LRCUSDT,2.03494,2.96145,2.95710715,0.3233333333,0.2888888889,True,True,True,True,True
7,3,short,2021-12-07,GALAUSDT,0.47665,0.62921,0.62677682,0.3233333333,0.3145424837,False,False,True,True,True
7,3,short,2021-12-10,AVAXUSDT,80.542,115.991,115.9395371,0.3233333333,0.3266998342,True,True,True,True,True
7,3,short,2021-12-10,DOGEUSDT,0.16394,0.21975,0.21934101,0.3233333333,0.3247226362,True,True,True,True,True
7,3,short,2021-12-11,AVAXUSDT,86.511,117.422,117.26,0.3233333333,0.3266998342,True,True,True,True,True
7,3,short,2021-12-12,AVAXUSDT,87.914,117.422,117.26,0.3233333333,0.3266998342,True,True,True,True,True
7,3,short,2021-12-13,AVAXUSDT,79.008,117.422,117.26,0.3233333333,0.3266998342,True,True,True,True,True
7,3,short,2021-12-13,DOGEUSDT,0.1572,0.21975,0.21934101,0.3233333333,0.3247226362,True,True,True,True,True
7,3,short,2021-12-14,AVAXUSDT,87.136,123.97,123.943,0.3233333333,0.3266998342,True,True,True,True,True
7,3,short,2021-12-16,CHRUSDT,0.5658,0.75,0.74928755,0.3233333333,0.3081300813,True,True,True,True,True
7,3,short,2021-12-16,FTMUSDT,1.4275,1.9091,1.9078,0.3233333333,0.3221122112,True,True,True,True,True
7,3,short,2021-12-17,CHRUSDT,0.5553,0.8479,0.8479,0.3233333333,0.3081300813,True,True,True,True,True
7,3,short,2021-12-17,FTMUSDT,1.4011,2.2374,2.23578377,0.3233333333,0.3221122112,True,True,True,True,True
7,3,short,2021-12-17,SANDUSDT,4.9111,6.4594,6.4559,0.3233333333,0.3145424837,False,False,True,True,True
7,3,short,2021-12-18,CHRUSDT,0.5816,0.8936,0.89249929,0.3233333333,0.3081300813,True,True,True,True,True
7,3,short,2021-12-18,FTMUSDT,1.4207,2.2374,2.23578377,0.3233333333,0.3221122112,True,True,True,True,True
7,3,short,2021-12-18,SANDUSDT,5.1529,6.7983,6.79492583,0.3233333333,0.3145424837,False,False,True,True,True
7,3,short,2021-12-19,CHRUSDT,0.5809,0.8936,0.89249929,0.3233333333,0.3081300813,True,True,True,True,True
7,3,short,2021-12-19,FTMUSDT,1.4271,2.3883,2.38683789,0.3233333333,0.3221122112,True,True,True,True,True
7,3,short,2021-12-19,SANDUSDT,5.0104,6.965,6.96317682,0.3233333333,0.3145424837,True,True,True,True,True
7,3,short,2021-12-20,CHRUSDT,0.5532,0.8936,0.89249929,0.3233333333,0.3081300813,True,True,True,True,True
7,3,short,2021-12-20,DOTUSDT,24.059,32.764,32.75,0.3233333333,0.3235973597,True,True,True,True,True
7,3,short,2021-12-20,FTMUSDT,1.3653,2.4494,2.44787514,0.3233333333,0.3221122112,True,True,True,True,True
7,3,short,2021-12-20,SANDUSDT,4.9597,6.965,6.96317682,0.3233333333,0.3145424837,True,True,True,True,True
7,3,short,2021-12-21,CHRUSDT,0.6528,0.8936,0.89249929,0.3233333333,0.3081300813,True,True,True,True,True
7,3,short,2021-12-21,FTMUSDT,1.4801,2.4494,2.44787514,0.3233333333,0.3221122112,True,True,True,True,True
7,3,short,2021-12-21,SANDUSDT,5.1467,6.965,6.96317682,0.3233333333,0.3145424837,True,True,True,True,True
7,3,short,2021-12-22,CHRUSDT,0.6743,0.8936,0.89249929,0.3233333333,0.3081300813,True,True,True,True,True
7,3,short,2021-12-22,FTMUSDT,1.5982,2.4494,2.44787514,0.3233333333,0.3221122112,True,True,True,True,True
7,3,short,2021-12-22,SANDUSDT,5.1109,6.965,6.96317682,0.3233333333,0.3145424837,True,True,True,True,True
7,3,short,2021-12-28,FTMUSDT,2.2277,3.0688,3.06639906,0.3233333333,0.3221122112,True,True,True,True,True
7,3,short,2021-12-29,FTMUSDT,2.1353,3.1577,3.1574,0.3233333333,0.3221122112,True,True,True,True,True
7,3,short,2021-12-29,LINKUSDT,19.734,27.457,27.43712988,0.3233333333,0.3250825083,True,True,True,True,True
7,3,short,2021-12-30,FTMUSDT,2.0997,3.1577,3.1574,0.3233333333,0.3221122112,True,True,True,True,True
7,3,short,2021-12-30,LINKUSDT,19.93,27.457,27.43712988,0.3233333333,0.3250825083,True,True,True,True,True
7,3,short,2021-12-31,FTMUSDT,2.2498,3.1577,3.1574,0.3233333333,0.3221122112,True,True,True,True,True
7,3,short,2021-12-31,LINKUSDT,19.514,27.457,27.43712988,0.3233333333,0.3250825083,True,True,True,True,True
7,3,short,2022-01-01,LINKUSDT,20.736,27.457,27.43712988,0.3233333333,0.3250825083,True,False,False,False,True
7,3,short,2022-01-07,DOGEUSDT,0.15506,0.215,0.21484506,0.3233333333,0.3247226362,True,True,True,True,True
7,3,short,2022-01-07,NEARUSDT,15.0606,20.6424,20.57338824,0.3233333333,0.3201320132,True,True,True,True,True
7,3,short,2022-01-08,DOGEUSDT,0.15094,0.215,0.21484506,0.3233333333,0.3247226362,True,True,True,True,True
7,3,short,2022-01-08,FTMUSDT,2.2849,3.148,3.1475,0.3233333333,0.3221122112,True,True,True,True,True
7,3,short,2022-01-08,NEARUSDT,13.8162,20.6424,20.57338824,0.3233333333,0.3201320132,True,True,True,True,True
7,3,short,2022-01-09,DOGEUSDT,0.15042,0.215,0.21484506,0.3233333333,0.3247226362,True,True,True,True,True
7,3,short,2022-01-09,FTMUSDT,2.3917,3.3281,3.3189,0.3233333333,0.3221122112,True,True,True,True,True
7,3,short,2022-01-09,NEARUSDT,13.5152,20.6424,20.57338824,0.3233333333,0.3201320132,True,True,True,True,True
7,3,short,2022-01-10,ADAUSDT,1.1224,1.6062,1.6038,0.3233333333,0.3250825083,True,True,True,True,True
7,3,short,2022-01-10,DOGEUSDT,0.14295,0.215,0.21484506,0.3233333333,0.3247226362,True,True,True,True,True
7,3,short,2022-01-10,FTMUSDT,2.2226,3.38,3.37745313,0.3233333333,0.3221122112,True,True,True,True,True
7,3,short,2022-01-10,NEARUSDT,15.45,20.6424,20.57338824,0.3233333333,0.3201320132,True,True,True,True,True
7,3,short,2022-01-11,ADAUSDT,1.1867,1.6363,1.63553003,0.3233333333,0.3250825083,True,True,True,True,True
7,3,short,2022-01-11,DOGEUSDT,0.1537,0.215,0.21484506,0.3233333333,0.3247226362,True,True,True,True,True
7,3,short,2022-01-13,ADAUSDT,1.2313,1.6363,1.63553003,0.3233333333,0.3250825083,True,True,True,True,True
7,3,short,2022-01-24,MANAUSDT,2.0814,2.86,2.8536,0.3233333333,0.3145424837,True,True,True,True,True
7,3,short,2022-01-24,SANDUSDT,2.9959,4.1635,4.163,0.3233333333,0.3145424837,True,True,True,True,True
7,3,short,2022-01-25,MANAUSDT,2.1008,2.8898,2.889,0.3233333333,0.3145424837,True,True,True,True,True
7,3,short,2022-01-25,SANDUSDT,3.0394,4.1635,4.163,0.3233333333,0.3145424837,True,True,True,True,True
7,3,short,2022-01-26,MANAUSDT,2.1582,2.8898,2.889,0.3233333333,0.3145424837,True,True,True,True,True
7,3,short,2022-01-26,SANDUSDT,3.0708,4.1635,4.163,0.3233333333,0.3145424837,True,True,True,True,True
7,3,short,2022-01-29,GALAUSDT,0.19221,0.2978,0.29594939,0.3233333333,0.3145424837,True,True,True,True,True
7,3,short,2022-01-30,1000SHIBUSDT,0.021065,0.0288,0.02872069,0.3233333333,0.3247226362,True,True,True,True,True
7,3,short,2022-01-30,GALAUSDT,0.18943,0.35755,0.35639506,0.3233333333,0.3145424837,True,True,True,True,True
7,3,short,2022-01-30,MANAUSDT,2.5024,3.4625,3.39183818,0.3233333333,0.3145424837,True,True,True,True,True
7,3,short,2022-01-30,NEARUSDT,10.345,13.975,13.97007324,0.3233333333,0.3201320132,True,True,True,True,True
7,3,short,2022-01-31,1000SHIBUSDT,0.021424,0.0354,0.03515368,0.3233333333,0.3247226362,True,True,True,True,True
7,3,short,2022-01-31,GALAUSDT,0.19783,0.384,0.38366,0.3233333333,0.3145424837,True,True,True,True,True
7,3,short,2022-01-31,XRPUSDT,0.6173,0.8387,0.8385,0.3233333333,0.3266998342,True,True,True,True,True
7,3,short,2022-02-01,1000SHIBUSDT,0.021673,0.0354,0.03515368,0.3233333333,0.3247226362,True,True,True,True,True
7,3,short,2022-02-01,GALAUSDT,0.20548,0.384,0.38366,0.3233333333,0.3145424837,True,True,True,True,True
7,3,short,2022-02-01,XRPUSDT,0.628,0.914,0.9137,0.3233333333,0.3266998342,True,True,True,True,True
7,3,short,2022-02-02,1000SHIBUSDT,0.020595,0.0354,0.03515368,0.3233333333,0.3247226362,True,True,True,True,True
7,3,short,2022-02-02,AVAXUSDT,67.78,95.71,93.01478597,0.3233333333,0.3266998342,True,True,True,True,True
7,3,short,2022-02-02,GALAUSDT,0.1862,0.3957,0.39519785,0.3233333333,0.3145424837,True,True,True,True,True
7,3,short,2022-02-02,MANAUSDT,2.5397,3.548,3.5477,0.3233333333,0.3145424837,True,True,True,True,True
7,3,short,2022-02-02,MATICUSDT,1.5373,2.084,2.0821,0.3233333333,,True,True,False,False,False
7,3,short,2022-02-02,ONEUSDT,0.17496,0.22937,0.22929,0.3233333333,0.3081300813,False,False,True,True,True
7,3,short,2022-02-02,SANDUSDT,3.66,4.8755,4.86407489,0.3233333333,0.3145424837,True,True,True,True,True
7,3,short,2022-02-02,XRPUSDT,0.6003,0.9173,0.91483902,0.3233333333,0.3266998342,True,True,True,True,True
7,3,short,2022-02-03,1000SHIBUSDT,0.02074,0.0354,0.03515368,0.3233333333,0.3247226362,True,True,True,True,True
7,3,short,2022-02-03,AVAXUSDT,68.41,95.71,94.98,0.3233333333,0.3266998342,True,True,True,True,True
7,3,short,2022-02-03,GALAUSDT,0.18713,0.3957,0.39519785,0.3233333333,0.3145424837,True,True,True,True,True
7,3,short,2022-02-03,MANAUSDT,2.6787,3.548,3.5477,0.3233333333,0.3145424837,True,True,True,True,True
7,3,short,2022-02-03,MATICUSDT,1.5544,2.084,2.0821,0.3233333333,,True,True,False,False,False
7,3,short,2022-02-03,ONEUSDT,0.17982,0.23576,0.23571452,0.3233333333,0.3081300813,False,False,True,True,True
7,3,short,2022-02-03,SANDUSDT,3.6834,4.8755,4.86407489,0.3233333333,0.3145424837,True,False,True,True,True
7,3,short,2022-02-03,XRPUSDT,0.6096,0.9173,0.91483902,0.3233333333,0.3266998342,True,True,True,True,True
7,3,short,2022-02-04,1000SHIBUSDT,0.022197,0.0354,0.03515368,0.3233333333,0.3247226362,True,True,True,True,True
7,3,short,2022-02-04,GALAUSDT,0.20162,0.3957,0.39519785,0.3233333333,0.3145424837,True,True,True,True,True
7,3,short,2022-02-04,XRPUSDT,0.6555,0.9173,0.91483902,0.3233333333,0.3266998342,True,True,True,True,True
7,3,short,2022-02-05,1000SHIBUSDT,0.022483,0.0354,0.03515368,0.3233333333,0.3247226362,True,True,True,True,True
7,3,short,2022-02-05,GALAUSDT,0.29227,0.3957,0.39519785,0.3233333333,0.3145424837,True,True,True,True,True
7,3,short,2022-02-05,XRPUSDT,0.6653,0.9173,0.91483902,0.3233333333,0.3266998342,True,True,True,True,True
7,3,short,2022-02-06,XRPUSDT,0.6825,0.9173,0.91483902,0.3233333333,0.3266998342,True,True,True,True,True
7,3,short,2022-02-18,LUNAUSDT,50.598,74,73.73679334,0.3233333333,,True,True,False,False,False
7,3,short,2022-02-21,ATOMUSDT,23.798,31.76,31.754,0.3233333333,0.3240924092,True,True,True,True,True
7,3,short,2022-02-22,ATOMUSDT,24.794,33.038,33.02471162,0.3233333333,0.3240924092,True,True,True,True,True
7,3,short,2022-02-24,ATOMUSDT,24.835,34.45,34.425,0.3233333333,0.3240924092,True,True,True,True,True
7,3,short,2022-03-06,PEOPLEUSDT,0.05235,0.06798,0.0678958,0.3233333333,0.2984126984,False,False,True,False,True
7,3,short,2022-03-07,LUNAUSDT,77.724,104.784,104.736,0.3233333333,,True,True,False,False,False
7,3,short,2022-03-13,AVAXUSDT,67.9,92.39,92.28,0.3233333333,0.3266998342,True,True,True,True,True
7,3,short,2022-03-14,AVAXUSDT,68.92,92.53,92.46546786,0.3233333333,0.3266998342,True,True,True,True,True
7,3,short,2022-03-15,AVAXUSDT,69.8,92.53,92.46546786,0.3233333333,0.3266998342,True,True,False,False,True
7,3,short,2022-03-17,ADAUSDT,0.8354,1.1892,1.18883269,0.3233333333,0.3250825083,True,True,True,True,True
7,3,short,2022-03-18,ADAUSDT,0.8512,1.1892,1.18883269,0.3233333333,0.3250825083,True,True,True,True,True
7,3,short,2022-03-18,PEOPLEUSDT,0.06333,0.085,0.08449557,0.3233333333,0.2984126984,True,True,True,True,True
7,3,short,2022-03-19,PEOPLEUSDT,0.066,0.08598,0.0858636,0.3233333333,0.2984126984,False,False,True,True,True
7,3,short,2022-03-20,ADAUSDT,0.878,1.1892,1.18883269,0.3233333333,0.3250825083,True,True,True,True,True
7,3,short,2022-03-20,PEOPLEUSDT,0.0661,0.08598,0.0858636,0.3233333333,0.2984126984,False,False,True,True,True
7,3,short,2022-03-21,ADAUSDT,0.9166,1.2449,1.2448,0.3233333333,0.3250825083,True,True,True,True,True
7,3,short,2022-03-21,PEOPLEUSDT,0.06243,0.08956,0.08942895,0.3233333333,0.2984126984,True,True,True,True,True
7,3,short,2022-03-22,PEOPLEUSDT,0.06567,0.08956,0.08942895,0.3233333333,0.2984126984,True,True,True,True,True
7,3,short,2022-03-23,PEOPLEUSDT,0.06545,0.08956,0.08942895,0.3233333333,0.2984126984,True,True,True,True,True
7,3,short,2022-03-24,PEOPLEUSDT,0.06608,0.08956,0.08942895,0.3233333333,0.2984126984,True,True,True,True,True
7,3,short,2022-04-11,1000SHIBUSDT,0.022155,0.029988,0.029934,0.3233333333,0.3247226362,True,True,True,True,True
7,3,short,2022-04-30,WAVESUSDT,12.659,16.93,16.901,0.3233333333,0.3056910569,True,True,True,True,True
7,3,short,2022-04-30,ZILUSDT,0.07192,0.09867,0.09825175,0.3233333333,0.3145424837,True,True,True,True,True
7,3,short,2022-05-01,ZILUSDT,0.07319,0.09867,0.09825175,0.3233333333,0.3145424837,True,True,True,True,True
7,3,short,2022-05-02,WAVESUSDT,12.49,16.93,16.901,0.3233333333,0.3056910569,True,True,True,True,True
7,3,short,2022-05-02,ZILUSDT,0.07003,0.09867,0.09825175,0.3233333333,0.3145424837,True,True,True,True,True
7,3,short,2022-05-03,WAVESUSDT,11.96,16.93,16.901,0.3233333333,0.3056910569,True,True,True,True,True
7,3,short,2022-05-03,ZILUSDT,0.0679,0.09867,0.09825175,0.3233333333,0.3145424837,True,True,True,True,True
7,3,short,2022-05-11,APEUSDT,5.725,9.8,9.78176603,0.3233333333,0.3081300813,True,True,True,True,True
7,3,short,2022-05-11,FTMUSDT,0.3065,0.4348,0.43434929,0.3233333333,0.3221122112,True,True,True,True,True
7,3,short,2022-05-11,GMTUSDT,1.3137,1.755,1.7495,0.3233333333,0.2984126984,True,True,True,True,True
7,3,short,2022-05-11,KNCUSDT,1.45,2.333,2.33,0.3233333333,0.3081300813,True,True,True,True,True
7,3,short,2022-05-11,MTLUSDT,0.9993,1.5159,1.51586085,0.3233333333,0.2984126984,True,True,True,True,True
7,3,short,2022-05-12,1000SHIBUSDT,0.010839,0.01437,0.0143487,0.3233333333,0.3247226362,True,True,True,False,True
7,3,short,2022-05-12,DOTUSDT,8.692,11.848,11.843,0.3233333333,0.3235973597,True,True,True,True,True
7,3,short,2022-05-12,FTMUSDT,0.2976,0.4348,0.43434929,0.3233333333,0.3221122112,True,True,True,True,True
7,3,short,2022-05-12,GMTUSDT,1.1605,1.755,1.7495,0.3233333333,0.2984126984,True,True,True,True,True
7,3,short,2022-05-12,KNCUSDT,1.298,2.7,2.69662275,0.3233333333,0.3081300813,True,True,True,True,True
7,3,short,2022-05-12,MTLUSDT,0.8941,1.5159,1.51586085,0.3233333333,0.2984126984,True,True,True,True,True
7,3,short,2022-05-12,SOLUSDT,44.63,59.29,59.24,0.3233333333,0.3266998342,True,True,True,True,True
7,3,short,2022-05-13,KNCUSDT,1.552,2.853,2.83914931,0.3233333333,0.3081300813,True,True,True,True,True
7,3,short,2022-05-13,MTLUSDT,1.0027,1.5159,1.51586085,0.3233333333,0.2984126984,True,True,True,True,True
7,3,short,2022-05-14,KNCUSDT,1.648,2.853,2.83914931,0.3233333333,0.3081300813,True,True,True,True,True
7,3,short,2022-05-14,MTLUSDT,1.1198,1.5159,1.51586085,0.3233333333,0.2984126984,True,True,True,True,True
7,3,short,2022-05-15,KNCUSDT,1.716,2.853,2.83914931,0.3233333333,0.3081300813,True,True,True,True,True
7,3,short,2022-05-16,FTMUSDT,0.3357,0.522,0.52150683,0.3233333333,0.3221122112,True,True,True,True,True
7,3,short,2022-05-16,KNCUSDT,1.535,2.853,2.83914931,0.3233333333,0.3081300813,True,True,True,True,True
7,3,short,2022-05-17,FTMUSDT,0.3586,0.522,0.52150683,0.3233333333,0.3221122112,True,True,True,True,True
7,3,short,2022-05-17,KNCUSDT,2.125,2.853,2.83914931,0.3233333333,0.3081300813,True,True,True,True,True
7,3,short,2022-05-18,FTMUSDT,0.3189,0.522,0.52150683,0.3233333333,0.3221122112,True,True,True,True,True
7,3,short,2022-05-19,FTMUSDT,0.3506,0.522,0.52150683,0.3233333333,0.3221122112,True,True,True,True,True
7,3,short,2022-05-20,FTMUSDT,0.3513,0.522,0.52150683,0.3233333333,0.3221122112,True,True,True,True,True
7,3,short,2022-05-23,WAVESUSDT,5.658,7.799,7.72197519,0.3233333333,0.3056910569,True,True,True,True,True
7,3,short,2022-05-24,WAVESUSDT,5.633,10.245,10.2710074,0.3233333333,0.3056910569,True,True,True,True,True
7,3,short,2022-05-25,ADAUSDT,0.5142,0.6892,0.68848208,0.3233333333,0.3250825083,True,True,True,True,True
7,3,short,2022-05-25,WAVESUSDT,5.46,11.254,11.37474245,0.3233333333,0.3056910569,True,True,True,True,True
7,3,short,2022-05-26,ADAUSDT,0.4785,0.6892,0.68848208,0.3233333333,0.3250825083,True,True,True,True,True
7,3,short,2022-05-26,GMTUSDT,0.8942,1.31,1.30588122,0.3233333333,0.2984126984,True,True,True,True,True
7,3,short,2022-05-26,WAVESUSDT,4.84,11.254,11.37474245,0.3233333333,0.3056910569,True,True,True,True,True
7,3,short,2022-05-27,ADAUSDT,0.4563,0.6892,0.68848208,0.3233333333,0.3250825083,True,True,True,True,True
7,3,short,2022-05-27,KNCUSDT,1.803,2.478,2.4751332,0.3233333333,0.3081300813,True,True,True,True,True
7,3,short,2022-05-27,NEARUSDT,4.8,6.547,6.543,0.3233333333,0.3201320132,True,True,True,True,True
7,3,short,2022-05-27,WAVESUSDT,4.398,11.254,11.37474245,0.3233333333,0.3056910569,True,True,True,True,True
7,3,short,2022-05-28,ADAUSDT,0.4641,0.6892,0.68848208,0.3233333333,0.3250825083,True,True,True,True,True
7,3,short,2022-05-28,WAVESUSDT,4.412,11.254,11.37474245,0.3233333333,0.3056910569,True,True,True,True,True
7,3,short,2022-05-29,ADAUSDT,0.4816,0.6892,0.68848208,0.3233333333,0.3250825083,True,True,True,True,True
7,3,short,2022-05-29,WAVESUSDT,4.451,11.254,11.37474245,0.3233333333,0.3056910569,True,True,True,True,True
7,3,short,2022-05-30,WAVESUSDT,7.596,11.254,11.37474245,0.3233333333,0.3056910569,True,True,True,True,True
7,3,short,2022-06-13,APEUSDT,3.484,4.836,4.825,0.3233333333,0.3081300813,True,True,True,True,True
7,3,short,2022-06-13,GMTUSDT,0.5916,0.8315,0.83006672,0.3233333333,0.2984126984,True,True,True,True,True
7,3,short,2022-06-14,APEUSDT,3.614,4.861,4.85265683,0.3233333333,0.3081300813,True,True,True,True,True
7,3,short,2022-06-14,GMTUSDT,0.6339,0.86,0.85868905,0.3233333333,0.2984126984,True,True,True,True,True
7,3,short,2022-06-14,SOLUSDT,29.56,39.25,39.11102609,0.3233333333,0.3266998342,True,False,True,False,True
7,3,short,2022-06-14,WAVESUSDT,4.843,7.177,7.16651063,0.3233333333,0.3056910569,True,True,True,True,True
7,3,short,2022-06-14,ZILUSDT,0.03413,0.04534,0.04526488,0.3233333333,0.3145424837,True,True,True,True,True
7,3,short,2022-06-15,WAVESUSDT,5.166,7.25,7.246,0.3233333333,0.3056910569,True,True,True,True,True
7,3,short,2022-06-16,APEUSDT,3.373,4.861,4.85265683,0.3233333333,0.3081300813,True,True,True,True,True
7,3,short,2022-06-16,FTMUSDT,0.2228,0.2955,0.2953,0.3233333333,0.3221122112,True,True,True,True,True
7,3,short,2022-06-16,GMTUSDT,0.5935,0.86,0.85868905,0.3233333333,0.2984126984,True,True,True,True,True
7,3,short,2022-06-16,WAVESUSDT,4.339,7.25,7.246,0.3233333333,0.3056910569,True,True,True,True,True
7,3,short,2022-06-16,ZILUSDT,0.03259,0.04534,0.04526488,0.3233333333,0.3145424837,True,True,True,True,True
7,3,short,2022-06-17,GMTUSDT,0.6158,0.86,0.85868905,0.3233333333,0.2984126984,True,True,True,True,True
7,3,short,2022-06-17,SANDUSDT,0.8576,1.1276,1.1265,0.3233333333,0.3145424837,False,False,True,False,True
7,3,short,2022-06-17,SOLUSDT,30.7,42.91,42.89036752,0.3233333333,0.3266998342,True,True,True,True,True
7,3,short,2022-06-17,WAVESUSDT,4.552,7.25,7.246,0.3233333333,0.3056910569,True,True,True,True,True
7,3,short,2022-06-17,ZILUSDT,0.03357,0.04932,0.04933591,0.3233333333,0.3145424837,True,True,True,True,True
7,3,short,2022-06-18,APEUSDT,3.617,4.861,4.85265683,0.3233333333,0.3081300813,True,True,True,True,True
7,3,short,2022-06-18,AVAXUSDT,14.81,21.68,21.66,0.3233333333,0.3266998342,True,True,True,True,True
7,3,short,2022-06-18,AXSUSDT,12.91,18.5,18.49,0.3233333333,0.3145424837,True,True,True,True,True
7,3,short,2022-06-18,FTMUSDT,0.2196,0.3173,0.3171,0.3233333333,0.3221122112,True,True,True,True,True
7,3,short,2022-06-18,GMTUSDT,0.6006,1.0071,1.0026634,0.3233333333,0.2984126984,True,True,True,True,True
7,3,short,2022-06-18,NEARUSDT,3.09,4.397,4.396,0.3233333333,0.3201320132,True,True,True,True,True
7,3,short,2022-06-18,SANDUSDT,0.7965,1.329,1.32793027,0.3233333333,0.3145424837,True,True,True,True,True
7,3,short,2022-06-18,SOLUSDT,31.98,42.91,42.89036752,0.3233333333,0.3266998342,True,True,True,True,True
7,3,short,2022-06-18,WAVESUSDT,4.543,7.25,7.246,0.3233333333,0.3056910569,True,True,True,True,True
7,3,short,2022-06-18,ZILUSDT,0.03194,0.0512,0.05117,0.3233333333,0.3145424837,True,True,True,True,True
7,3,short,2022-06-19,AVAXUSDT,16.16,22.07,22.04897664,0.3233333333,0.3266998342,True,True,True,True,True
7,3,short,2022-06-19,AXSUSDT,13.76,18.5,18.49,0.3233333333,0.3145424837,True,True,True,True,True
7,3,short,2022-06-19,GMTUSDT,0.7486,1.1111,1.10900009,0.3233333333,0.2984126984,True,True,True,True,True
7,3,short,2022-06-19,NEARUSDT,3.285,4.397,4.396,0.3233333333,0.3201320132,True,True,True,True,True
7,3,short,2022-06-19,SANDUSDT,0.8538,1.349,1.3488,0.3233333333,0.3145424837,True,True,True,True,True
7,3,short,2022-06-19,WAVESUSDT,4.784,7.25,7.246,0.3233333333,0.3056910569,True,True,True,True,True
7,3,short,2022-06-19,ZILUSDT,0.03402,0.0512,0.05117,0.3233333333,0.3145424837,True,True,True,True,True
7,3,short,2022-06-20,GMTUSDT,0.7586,1.1111,1.10900009,0.3233333333,0.2984126984,True,True,True,True,True
7,3,short,2022-06-20,SANDUSDT,0.8676,1.349,1.3488,0.3233333333,0.3145424837,True,True,True,True,True
7,3,short,2022-06-20,WAVESUSDT,4.847,7.25,7.246,0.3233333333,0.3056910569,True,True,True,True,True
7,3,short,2022-06-20,ZILUSDT,0.03451,0.0512,0.05117,0.3233333333,0.3145424837,True,True,True,True,True
7,3,short,2022-06-21,GMTUSDT,0.7674,1.1111,1.10900009,0.3233333333,0.2984126984,True,True,True,True,True
7,3,short,2022-06-21,SANDUSDT,0.9114,1.349,1.3488,0.3233333333,0.3145424837,True,True,True,True,True
7,3,short,2022-06-22,APEUSDT,3.976,5.575,5.5662377,0.3233333333,0.3081300813,True,True,True,True,True
7,3,short,2022-06-22,AVAXUSDT,16.07,22.07,22.04897664,0.3233333333,0.3266998342,True,True,True,True,True
7,3,short,2022-06-22,AXSUSDT,13.97,18.5,18.49,0.3233333333,0.3145424837,True,True,True,True,True
7,3,short,2022-06-22,GMTUSDT,0.7298,1.1111,1.10900009,0.3233333333,0.2984126984,True,True,True,True,True
7,3,short,2022-06-22,NEARUSDT,3.276,4.397,4.396,0.3233333333,0.3201320132,True,True,True,True,True
7,3,short,2022-06-22,SANDUSDT,0.9367,1.349,1.3488,0.3233333333,0.3145424837,True,True,True,True,True
7,3,short,2022-06-22,ZILUSDT,0.03869,0.0512,0.05117,0.3233333333,0.3145424837,True,False,True,True,True
7,3,short,2022-06-23,GMTUSDT,0.8155,1.1111,1.10900009,0.3233333333,0.2984126984,True,True,True,True,True
7,3,short,2022-06-23,SANDUSDT,1.0115,1.349,1.3488,0.3233333333,0.3145424837,True,True,True,True,True
7,3,short,2022-06-24,GMTUSDT,0.8345,1.1111,1.10900009,0.3233333333,0.2984126984,True,True,True,True,True
7,3,short,2022-07-01,MATICUSDT,0.4618,0.6199,0.61874113,0.3233333333,,True,True,False,False,False
7,3,short,2022-07-01,UNFIUSDT,4.741,7.675,7.65149946,0.3233333333,0.3008130081,True,True,True,True,True
7,3,short,2022-07-02,GMTUSDT,0.8091,1.056,1.05466599,0.3233333333,0.2984126984,False,False,True,True,True
7,3,short,2022-07-03,GMTUSDT,0.8109,1.056,1.05466599,0.3233333333,0.2984126984,False,False,True,True,True
7,3,short,2022-07-03,MATICUSDT,0.4617,0.6199,0.61874113,0.3233333333,,True,True,False,False,False
7,3,short,2022-07-03,UNFIUSDT,5.737,7.675,7.65149946,0.3233333333,0.3008130081,True,True,True,True,True
7,3,short,2022-07-04,UNFIUSDT,5.786,7.675,7.65149946,0.3233333333,0.3008130081,True,False,True,True,True
7,3,short,2022-07-05,UNFIUSDT,5.477,7.675,7.65149946,0.3233333333,0.3008130081,True,True,True,True,True
7,3,short,2022-07-10,MATICUSDT,0.5714,0.7909,0.78968473,0.3233333333,,True,True,False,False,False
7,3,short,2022-07-11,APEUSDT,4.333,6.265,6.258,0.3233333333,0.3081300813,True,True,True,True,True
7,3,short,2022-07-11,AVAXUSDT,17.32,24.37,24.31187544,0.3233333333,0.3266998342,True,True,True,True,True
7,3,short,2022-07-11,ETHUSDT,1095.95,1597.19,1595.801883,0.3233333333,0.3280212483,True,True,True,True,True
7,3,short,2022-07-11,GMTUSDT,0.8305,1.1382,1.13728797,0.3233333333,0.2984126984,True,True,True,True,True
7,3,short,2022-07-11,MATICUSDT,0.5625,0.9838,0.98333246,0.3233333333,,True,True,False,False,False
7,3,short,2022-07-12,APEUSDT,4.24,6.35,6.3458326,0.3233333333,0.3081300813,True,True,True,True,True
7,3,short,2022-07-12,AVAXUSDT,16.74,26.3,26.28,0.3233333333,0.3266998342,True,True,True,True,True
7,3,short,2022-07-12,ETHUSDT,1037.88,1640,1628.963995,0.3233333333,0.3280212483,True,True,True,True,True
7,3,short,2022-07-12,FTMUSDT,0.2341,0.3499,0.3488858,0.3233333333,0.3221122112,True,True,True,True,True
7,3,short,2022-07-12,GMTUSDT,0.8477,1.17,1.16258132,0.3233333333,0.2984126984,True,True,True,True,True
7,3,short,2022-07-12,MATICUSDT,0.5358,0.9838,0.98333246,0.3233333333,,True,True,False,False,False
7,3,short,2022-07-12,NEARUSDT,3.183,4.666,4.664,0.3233333333,0.3201320132,True,True,True,True,True
7,3,short,2022-07-12,SOLUSDT,32.65,47.4,47.31237057,0.3233333333,0.3266998342,True,True,True,True,True
7,3,short,2022-07-12,WAVESUSDT,4.703,6.375,6.36938781,0.3233333333,0.3056910569,True,True,True,True,True
7,3,short,2022-07-13,APEUSDT,4.577,6.506,6.50246593,0.3233333333,0.3081300813,True,True,True,True,True
7,3,short,2022-07-13,AVAXUSDT,18.82,26.38,26.3311582,0.3233333333,0.3266998342,True,True,True,True,True
7,3,short,2022-07-13,ETHUSDT,1114.19,1640,1628.963995,0.3233333333,0.3280212483,True,True,True,True,True
7,3,short,2022-07-13,FTMUSDT,0.2464,0.3579,0.35772372,0.3233333333,0.3221122112,True,True,True,True,True
7,3,short,2022-07-13,GMTUSDT,0.8832,1.17,1.16258132,0.3233333333,0.2984126984,True,False,True,True,True
7,3,short,2022-07-13,MATICUSDT,0.6387,0.9838,0.98333246,0.3233333333,,True,True,False,False,False
7,3,short,2022-07-13,NEARUSDT,3.334,4.666,4.664,0.3233333333,0.3201320132,True,True,True,True,True
7,3,short,2022-07-13,SOLUSDT,34.93,47.4,47.31237057,0.3233333333,0.3266998342,True,True,True,True,True
7,3,short,2022-07-13,WAVESUSDT,4.876,6.621,6.61711764,0.3233333333,0.3056910569,True,True,True,True,True
7,3,short,2022-07-14,APEUSDT,4.684,6.55,6.548,0.3233333333,0.3081300813,True,True,True,True,True
7,3,short,2022-07-14,AVAXUSDT,19.75,26.38,26.3311582,0.3233333333,0.3266998342,True,True,True,True,True
7,3,short,2022-07-14,ETHUSDT,1193.01,1640,1628.963995,0.3233333333,0.3280212483,True,True,True,True,True
7,3,short,2022-07-14,FTMUSDT,0.2536,0.3579,0.35772372,0.3233333333,0.3221122112,True,True,True,True,True
7,3,short,2022-07-14,MATICUSDT,0.7089,0.9838,0.98333246,0.3233333333,,True,True,False,False,False
7,3,short,2022-07-14,NEARUSDT,3.488,4.666,4.664,0.3233333333,0.3201320132,True,True,True,True,True
7,3,short,2022-07-15,APEUSDT,4.599,6.945,6.91469223,0.3233333333,0.3081300813,True,True,True,True,True
7,3,short,2022-07-15,AVAXUSDT,19.35,26.38,26.3311582,0.3233333333,0.3266998342,True,True,True,True,True
7,3,short,2022-07-15,ETHUSDT,1230.58,1646.3,1645.39,0.3233333333,0.3280212483,True,True,True,True,True
7,3,short,2022-07-15,FTMUSDT,0.2566,0.3579,0.35772372,0.3233333333,0.3221122112,True,True,True,True,True
7,3,short,2022-07-15,MATICUSDT,0.703,0.9838,0.98333246,0.3233333333,,True,True,False,False,False
7,3,short,2022-07-15,NEARUSDT,3.499,4.758,4.754,0.3233333333,0.3201320132,True,True,True,True,True
7,3,short,2022-07-16,APEUSDT,4.767,6.945,6.91469223,0.3233333333,0.3081300813,True,True,True,True,True
7,3,short,2022-07-16,FTMUSDT,0.2635,0.3579,0.35772372,0.3233333333,0.3221122112,True,True,True,True,True
7,3,short,2022-07-16,MATICUSDT,0.7285,0.9838,0.98333246,0.3233333333,,True,True,False,False,False
7,3,short,2022-07-17,APEUSDT,4.971,6.945,6.93298899,0.3233333333,0.3081300813,True,True,True,True,True
7,3,short,2022-07-17,FTMUSDT,0.255,0.3683,0.3679,0.3233333333,0.3221122112,True,True,True,True,True
7,3,short,2022-07-17,GMTUSDT,0.8976,1.17,1.16258132,0.3233333333,0.2984126984,False,False,True,False,True
7,3,short,2022-07-17,NEARUSDT,3.522,4.758,4.754,0.3233333333,0.3201320132,True,True,True,True,True
7,3,short,2022-07-17,WAVESUSDT,5.033,6.621,6.61711764,0.3233333333,0.3056910569,False,False,True,True,True
7,3,short,2022-07-21,BELUSDT,0.7603,0.9946,1.00707173,0.3233333333,0.2575757576,False,True,True,True,True
7,3,short,2022-07-22,BELUSDT,0.7407,0.9946,1.00707173,0.3233333333,0.2575757576,True,True,True,True,True
7,3,short,2022-07-22,UNFIUSDT,6.17,13.532,13.47598338,0.3233333333,0.3008130081,True,True,True,True,True
7,3,short,2022-07-23,BELUSDT,0.7558,1.0434,1.0405,0.3233333333,0.2575757576,True,True,True,True,True
7,3,short,2022-07-23,UNFIUSDT,6.352,13.532,13.47598338,0.3233333333,0.3008130081,True,True,True,True,True
7,3,short,2022-07-24,BELUSDT,0.7481,1.0434,1.0405,0.3233333333,0.2575757576,True,True,True,True,True
7,3,short,2022-07-24,UNFIUSDT,6.189,13.532,13.47598338,0.3233333333,0.3008130081,True,True,True,True,True
7,3,short,2022-07-25,UNFIUSDT,5.626,13.532,13.47598338,0.3233333333,0.3008130081,True,True,True,True,True
7,3,short,2022-07-26,UNFIUSDT,5.839,13.532,13.47598338,0.3233333333,0.3008130081,True,True,True,True,True
7,3,short,2022-07-27,UNFIUSDT,6.327,13.532,13.47598338,0.3233333333,0.3008130081,True,True,True,True,True
7,3,short,2022-07-28,UNFIUSDT,6.478,13.532,13.47598338,0.3233333333,0.3008130081,True,True,True,True,True
7,3,short,2022-08-01,NEARUSDT,4.267,5.733,5.72956751,0.3233333333,0.3201320132,True,True,True,True,True
7,3,short,2022-08-01,OPUSDT,1.5092,2.244,2.2319,0.3233333333,0.3240924092,True,True,True,True,True
7,3,short,2022-08-02,AVAXUSDT,22.81,30.89,30.84234739,0.3233333333,0.3266998342,True,True,True,True,True
7,3,short,2022-08-02,NEARUSDT,4.309,5.733,5.72956751,0.3233333333,0.3201320132,True,True,True,True,True
7,3,short,2022-08-02,OPUSDT,1.6337,2.244,2.2319,0.3233333333,0.3240924092,True,True,True,True,True
7,3,short,2022-08-03,AVAXUSDT,23.02,30.89,30.84234739,0.3233333333,0.3266998342,True,True,True,True,True
7,3,short,2022-08-03,NEARUSDT,4.51,6.074,6.06972192,0.3233333333,0.3201320132,True,True,True,True,True
7,3,short,2022-08-04,NEARUSDT,4.417,6.074,6.06972192,0.3233333333,0.3201320132,True,True,True,True,True
7,3,short,2022-08-04,UNFIUSDT,8.111,12.13,11.91297667,0.3233333333,0.3008130081,True,True,True,True,True
7,3,short,2022-08-05,UNFIUSDT,8.448,13.12,13.03646003,0.3233333333,0.3008130081,True,True,True,True,True
7,3,short,2022-08-06,UNFIUSDT,9.206,13.12,13.03646003,0.3233333333,0.3008130081,True,True,True,True,True
7,3,short,2022-08-07,1000SHIBUSDT,0.012037,0.01789,0.017888,0.3233333333,0.3247226362,True,True,True,True,True
7,3,short,2022-08-07,UNFIUSDT,8.938,13.12,13.03646003,0.3233333333,0.3008130081,True,True,True,True,True
7,3,short,2022-08-08,1000SHIBUSDT,0.012311,0.01789,0.017888,0.3233333333,0.3247226362,True,True,True,True,True
7,3,short,2022-08-08,UNFIUSDT,9.083,13.25,13.21709878,0.3233333333,0.3008130081,True,True,True,True,True
7,3,short,2022-08-09,1000SHIBUSDT,0.01203,0.01789,0.017888,0.3233333333,0.3247226362,True,True,True,True,True
7,3,short,2022-08-09,UNFIUSDT,8.382,13.593,13.50987444,0.3233333333,0.3008130081,True,True,True,True,True
7,3,short,2022-08-10,1000SHIBUSDT,0.012381,0.01789,0.017888,0.3233333333,0.3247226362,True,True,True,True,True
7,3,short,2022-08-10,UNFIUSDT,8.912,13.593,13.50987444,0.3233333333,0.3008130081,True,True,True,True,True
7,3,short,2022-08-11,1000SHIBUSDT,0.012305,0.01789,0.017888,0.3233333333,0.3247226362,True,True,True,True,True
7,3,short,2022-08-12,1000SHIBUSDT,0.012679,0.01789,0.017888,0.3233333333,0.3247226362,True,True,True,True,True
7,3,short,2022-08-13,1000SHIBUSDT,0.012629,0.01789,0.017888,0.3233333333,0.3247226362,True,True,True,True,True
7,3,short,2022-09-06,APEUSDT,4.301,5.892,5.887,0.3233333333,0.3081300813,True,True,True,True,True
7,3,short,2022-09-06,EOSUSDT,1.394,1.867,1.866,0.3233333333,,True,True,False,False,False
7,3,short,2022-09-06,OPUSDT,1.0943,1.4799,1.47625665,0.3233333333,0.3240924092,True,True,True,True,True
7,3,short,2022-09-07,APEUSDT,4.418,5.892,5.887,0.3233333333,0.3081300813,True,True,True,True,True
7,3,short,2022-09-08,APEUSDT,4.497,5.892,5.887,0.3233333333,0.3081300813,False,False,True,True,True
7,3,short,2022-09-13,CHZUSDT,0.19316,0.25888,0.2577,0.3233333333,0.3145424837,True,True,True,True,True
7,3,short,2022-09-14,CHZUSDT,0.19226,0.25888,0.2577,0.3233333333,0.3145424837,True,True,True,True,True
7,3,short,2022-09-15,CHZUSDT,0.19105,0.27381,0.27339344,0.3233333333,0.3145424837,True,True,True,True,True
7,3,short,2022-09-15,XRPUSDT,0.326,0.5009,0.49763691,0.3233333333,0.3266998342,True,True,True,True,True
7,3,short,2022-09-16,APEUSDT,4.659,6.4,6.39173602,0.3233333333,0.3081300813,True,True,True,True,True
7,3,short,2022-09-16,CHZUSDT,0.21008,0.28284,0.28243142,0.3233333333,0.3145424837,True,True,True,True,True
7,3,short,2022-09-16,XRPUSDT,0.3551,0.5588,0.55804616,0.3233333333,0.3266998342,True,True,True,True,True
7,3,short,2022-09-17,XRPUSDT,0.3761,0.5588,0.55804616,0.3233333333,0.3266998342,True,True,True,True,True
7,3,short,2022-09-18,XRPUSDT,0.3576,0.5588,0.55804616,0.3233333333,0.3266998342,True,True,True,True,True
7,3,short,2022-09-19,XRPUSDT,0.3844,0.5588,0.55804616,0.3233333333,0.3266998342,True,True,True,True,True
7,3,short,2022-09-20,XRPUSDT,0.4135,0.5588,0.55804616,0.3233333333,0.3266998342,True,True,True,True,True
7,3,short,2022-09-21,XRPUSDT,0.3932,0.5588,0.55804616,0.3233333333,0.3266998342,True,True,True,True,True
7,3,short,2022-10-22,1000SHIBUSDT,0.009991,0.015279,0.01510586,0.3233333333,0.3247226362,True,True,True,True,True
7,3,short,2022-10-23,1000SHIBUSDT,0.010163,0.015279,0.01510586,0.3233333333,0.3247226362,True,True,True,True,True
7,3,short,2022-10-24,1000SHIBUSDT,0.009917,0.015279,0.01510586,0.3233333333,0.3247226362,True,True,True,True,True
7,3,short,2022-10-25,1000SHIBUSDT,0.010217,0.015279,0.01510586,0.3233333333,0.3247226362,True,True,True,True,True
7,3,short,2022-10-26,1000SHIBUSDT,0.010769,0.015279,0.01510586,0.3233333333,0.3247226362,True,True,True,True,True
7,3,short,2022-10-27,1000SHIBUSDT,0.010632,0.015279,0.01510586,0.3233333333,0.3247226362,True,True,True,True,True
7,3,short,2022-10-29,CHZUSDT,0.19712,0.28113,0.28006611,0.3233333333,0.3145424837,True,True,True,True,True
7,3,short,2022-10-29,MATICUSDT,0.9331,1.3112,1.29984629,0.3233333333,,True,True,False,False,False
7,3,short,2022-10-30,MATICUSDT,0.9079,1.3112,1.29984629,0.3233333333,,True,True,False,False,False
7,3,short,2022-10-31,CHZUSDT,0.22097,0.29685,0.29657507,0.3233333333,0.3145424837,True,True,True,True,True
7,3,short,2022-10-31,LTCUSDT,54.99,73.31,73.15,0.3233333333,0.3250825083,True,True,True,True,True
7,3,short,2022-10-31,MATICUSDT,0.902,1.3112,1.29984629,0.3233333333,,True,True,False,False,False
7,3,short,2022-11-01,MATICUSDT,0.8732,1.3112,1.29984629,0.3233333333,,True,True,False,False,False
7,3,short,2022-11-02,GMTUSDT,0.4869,0.6389,0.63757121,0.3233333333,0.2984126984,False,False,True,True,True
7,3,short,2022-11-02,MATICUSDT,0.8727,1.3112,1.29984629,0.3233333333,,True,True,False,False,False
7,3,short,2022-11-02,REEFUSDT,0.005103,0.006525,0.00678259,0.3233333333,0.3071895425,False,True,False,True,True
7,3,short,2022-11-03,MATICUSDT,0.9508,1.3112,1.29984629,0.3233333333,,True,True,False,False,False
7,3,short,2022-11-03,REEFUSDT,0.005136,0.006525,0.00678259,0.3233333333,0.3071895425,False,False,False,True,True
7,3,short,2022-11-06,REEFUSDT,0.005022,0.006525,0.00678259,0.3233333333,0.3071895425,False,True,False,True,True
7,3,short,2022-11-09,CHZUSDT,0.15455,0.23971,0.23969,0.3233333333,0.3145424837,True,True,True,True,True
7,3,short,2022-11-09,KLAYUSDT,0.1498,0.203,0.20283667,0.3233333333,0.3056910569,True,True,True,True,True
7,3,short,2022-11-09,MATICUSDT,0.8159,1.1616,1.15836329,0.3233333333,,True,True,False,False,False
7,3,short,2022-11-09,SOLUSDT,11.7,18.787,18.72741178,0.3233333333,0.3266998342,True,True,True,True,True
7,3,short,2022-11-09,SUSHIUSDT,1.015,1.38,1.37785958,0.3233333333,0.3145424837,True,True,True,True,True
7,3,short,2022-11-13,CHZUSDT,0.20112,0.275,0.27438904,0.3233333333,0.3145424837,True,True,True,True,True
7,3,short,2022-11-14,CHZUSDT,0.19843,0.275,0.27438904,0.3233333333,0.3145424837,True,True,True,True,True
7,3,short,2022-11-20,DOGEUSDT,0.07701,0.108,0.10778352,0.3233333333,0.3247226362,True,True,True,True,True
7,3,short,2022-11-21,DOGEUSDT,0.07464,0.108,0.10778352,0.3233333333,0.3247226362,True,True,True,True,True
7,3,short,2022-11-22,DOGEUSDT,0.07872,0.108,0.10778352,0.3233333333,0.3247226362,True,True,True,True,True
7,3,short,2022-11-23,DOGEUSDT,0.08193,0.11045,0.10982514,0.3233333333,0.3247226362,True,True,True,True,True
7,3,short,2022-11-24,DOGEUSDT,0.08141,0.11045,0.10982514,0.3233333333,0.3247226362,True,True,True,True,True
7,3,short,2022-12-28,SOLUSDT,9.749,14.2,14.16009981,0.3233333333,0.3266998342,True,True,True,True,True
7,3,short,2022-12-29,SOLUSDT,9.614,14.2,14.16009981,0.3233333333,0.3266998342,True,True,True,True,True
7,3,short,2022-12-30,ETCUSDT,15.542,20.783,20.76608077,0.3233333333,0.3250825083,True,True,True,True,True
7,3,short,2022-12-30,SOLUSDT,9.877,14.2,14.16009981,0.3233333333,0.3266998342,True,True,True,True,True
7,3,short,2022-12-31,ETCUSDT,15.688,20.783,20.76608077,0.3233333333,0.3250825083,True,True,False,False,True
7,3,short,2022-12-31,SOLUSDT,9.968,14.2,14.16009981,0.3233333333,0.3266998342,True,True,True,True,True
7,3,short,2023-01-01,OCEANUSDT,0.16302,0.24388,0.23905505,0.3233333333,0.3032520325,True,True,True,True,True
7,3,short,2023-01-01,SOLUSDT,9.977,15.489,14.79785652,0.3233333333,0.3266998342,True,True,True,True,True
7,3,short,2023-01-02,ADAUSDT,0.2535,0.3467,0.34596516,0.3233333333,0.3250825083,True,True,True,True,True
7,3,short,2023-01-02,APTUSDT,3.7563,5.722,5.69432799,0.3233333333,0.3185550082,True,True,True,True,True
7,3,short,2023-01-02,ETCUSDT,16.111,22,21.77716206,0.3233333333,0.3250825083,True,True,True,True,True
7,3,short,2023-01-02,OCEANUSDT,0.16686,0.24388,0.23905505,0.3233333333,0.3032520325,True,True,True,True,True
7,3,short,2023-01-02,SOLUSDT,11.259,17.5,17.46763425,0.3233333333,0.3266998342,True,True,True,True,True
7,3,short,2023-01-03,ADAUSDT,0.2526,0.3467,0.34596516,0.3233333333,0.3250825083,True,True,True,True,True
7,3,short,2023-01-03,APTUSDT,3.8178,5.95,5.9167,0.3233333333,0.3185550082,True,True,True,True,True
7,3,short,2023-01-03,ETCUSDT,15.882,22,21.77716206,0.3233333333,0.3250825083,True,True,True,True,True
7,3,short,2023-01-03,OCEANUSDT,0.16456,0.24388,0.24369,0.3233333333,0.3032520325,True,True,True,True,True
7,3,short,2023-01-04,APTUSDT,3.8093,5.95,5.9167,0.3233333333,0.3185550082,True,True,True,True,True
7,3,short,2023-01-04,OCEANUSDT,0.17718,0.25,0.2462334,0.3233333333,0.3032520325,True,True,True,True,True
7,3,short,2023-01-05,APTUSDT,3.7079,6.5938,6.55642083,0.3233333333,0.3185550082,True,True,True,True,True
7,3,short,2023-01-05,OCEANUSDT,0.18363,0.25831,0.25545848,0.3233333333,0.3032520325,True,True,True,True,True
7,3,short,2023-01-05,WAVESUSDT,1.3937,1.8426,1.8384,0.3233333333,0.3056910569,False,False,True,True,True
7,3,short,2023-01-06,APTUSDT,3.8574,7.2,7.12083631,0.3233333333,0.3185550082,True,True,True,True,True
7,3,short,2023-01-06,AXSUSDT,6.821,9.402,9.34767308,0.3233333333,0.3145424837,True,True,True,True,True
7,3,short,2023-01-06,FTMUSDT,0.2209,0.306,0.30564483,0.3233333333,0.3221122112,True,True,True,True,True
7,3,short,2023-01-06,OCEANUSDT,0.19048,0.2688,0.26769932,0.3233333333,0.3032520325,True,True,True,True,True
7,3,short,2023-01-06,SOLUSDT,13.483,18.658,18.585,0.3233333333,0.3266998342,True,True,True,True,True
7,3,short,2023-01-06,WAVESUSDT,1.4099,1.8426,1.8384,0.3233333333,0.3056910569,False,False,True,False,True
7,3,short,2023-01-07,ADAUSDT,0.2766,0.3706,0.37027459,0.3233333333,0.3250825083,True,True,True,True,True
7,3,short,2023-01-07,APEUSDT,4.161,5.549,5.5420407,0.3233333333,0.3081300813,True,True,True,True,True
7,3,short,2023-01-07,APTUSDT,3.8327,8.3,8.29201181,0.3233333333,0.3185550082,True,True,True,True,True
7,3,short,2023-01-07,AXSUSDT,6.879,10.244,10.23933994,0.3233333333,0.3145424837,True,True,True,True,True
7,3,short,2023-01-07,CHZUSDT,0.10862,0.14457,0.14457,0.3233333333,0.3145424837,True,True,True,True,True
7,3,short,2023-01-07,FTMUSDT,0.2269,0.3583,0.35787103,0.3233333333,0.3221122112,True,True,True,True,True
7,3,short,2023-01-07,MASKUSDT,2.339,3.187,3.18522784,0.3233333333,0.2984126984,True,True,True,True,True
7,3,short,2023-01-07,OCEANUSDT,0.2074,0.29896,0.29867312,0.3233333333,0.3032520325,True,True,True,True,True
7,3,short,2023-01-07,SOLUSDT,13.087,24.848,24.79715312,0.3233333333,0.3266998342,True,True,True,True,True
7,3,short,2023-01-07,WAVESUSDT,1.4046,2.2651,2.25805622,0.3233333333,0.3056910569,True,True,True,True,True
7,3,short,2023-01-08,APTUSDT,3.9317,8.88,8.81045061,0.3233333333,0.3185550082,True,True,True,True,True
7,3,short,2023-01-08,AXSUSDT,7.208,10.244,10.23933994,0.3233333333,0.3145424837,True,True,True,True,True
7,3,short,2023-01-08,FTMUSDT,0.2372,0.3583,0.35787103,0.3233333333,0.3221122112,True,True,True,True,True
7,3,short,2023-01-08,MASKUSDT,2.443,3.187,3.18522784,0.3233333333,0.2984126984,False,False,True,True,True
7,3,short,2023-01-08,OCEANUSDT,0.21451,0.29896,0.29867312,0.3233333333,0.3032520325,True,True,True,True,True
7,3,short,2023-01-08,SOLUSDT,14.465,25.2,25.01473899,0.3233333333,0.3266998342,True,True,True,True,True
7,3,short,2023-01-08,WAVESUSDT,1.5206,2.55,2.54482409,0.3233333333,0.3056910569,True,True,True,True,True
7,3,short,2023-01-09,APTUSDT,5.2094,8.88,8.81045061,0.3233333333,0.3185550082,True,True,True,True,True
7,3,short,2023-01-09,AXSUSDT,7.319,10.244,10.23933994,0.3233333333,0.3145424837,True,True,True,True,True
7,3,short,2023-01-09,FTMUSDT,0.2365,0.3583,0.35787103,0.3233333333,0.3221122112,True,True,True,True,True
7,3,short,2023-01-09,OCEANUSDT,0.20309,0.29896,0.29867312,0.3233333333,0.3032520325,True,True,True,True,True
7,3,short,2023-01-09,SOLUSDT,16.253,25.2,25.01775463,0.3233333333,0.3266998342,True,True,True,True,True
7,3,short,2023-01-09,WAVESUSDT,1.5778,2.5879,2.5866,0.3233333333,0.3056910569,True,True,True,True,True
7,3,short,2023-01-10,APTUSDT,5.4835,8.88,8.81045061,0.3233333333,0.3185550082,True,True,True,True,True
7,3,short,2023-01-10,AXSUSDT,7.487,10.244,10.23933994,0.3233333333,0.3145424837,True,True,True,True,True
7,3,short,2023-01-10,FTMUSDT,0.243,0.3583,0.35787103,0.3233333333,0.3221122112,True,True,True,True,True
7,3,short,2023-01-10,SOLUSDT,16.191,25.2,25.01775463,0.3233333333,0.3266998342,True,True,True,True,True
7,3,short,2023-01-10,WAVESUSDT,1.5937,2.5879,2.5866,0.3233333333,0.3056910569,True,True,True,True,True
7,3,short,2023-01-11,APTUSDT,5.2925,8.88,8.81045061,0.3233333333,0.3185550082,True,True,True,True,True
7,3,short,2023-01-11,AXSUSDT,7.513,10.244,10.23933994,0.3233333333,0.3145424837,True,True,True,True,True
7,3,short,2023-01-11,FTMUSDT,0.2558,0.3583,0.35787103,0.3233333333,0.3221122112,True,True,True,True,True
7,3,short,2023-01-11,OCEANUSDT,0.22292,0.29896,0.29867312,0.3233333333,0.3032520325,True,True,True,True,True
7,3,short,2023-01-11,SOLUSDT,16.355,25.2,25.01775463,0.3233333333,0.3266998342,True,True,True,True,True
7,3,short,2023-01-11,WAVESUSDT,1.6129,2.5879,2.5866,0.3233333333,0.3056910569,True,True,True,True,True
7,3,short,2023-01-12,APTUSDT,6.4495,8.88,8.81045061,0.3233333333,0.3185550082,True,True,True,True,True
7,3,short,2023-01-12,SOLUSDT,16.584,25.2,25.01775463,0.3233333333,0.3266998342,True,True,True,True,True
7,3,short,2023-01-12,WAVESUSDT,1.7415,2.5879,2.5866,0.3233333333,0.3056910569,True,True,True,True,True
7,3,short,2023-01-13,APTUSDT,6.8109,11.5,11.23722194,0.3233333333,0.3185550082,True,True,True,True,True
7,3,short,2023-01-13,SOLUSDT,18.289,25.875,25.82876293,0.3233333333,0.3266998342,True,True,True,True,True
7,3,short,2023-01-13,WAVESUSDT,1.8228,2.5879,2.5866,0.3233333333,0.3056910569,True,True,True,True,True
7,3,short,2023-01-14,APTUSDT,7.7155,13.4782,13.3563148,0.3233333333,0.3185550082,True,True,True,True,True
7,3,short,2023-01-14,OCEANUSDT,0.26366,0.37196,0.36889695,0.3233333333,0.3032520325,True,True,True,True,True
7,3,short,2023-01-15,APTUSDT,7.9277,14.5891,14.54148436,0.3233333333,0.3185550082,True,True,True,True,True
7,3,short,2023-01-15,AXSUSDT,9.289,12.603,12.59170684,0.3233333333,0.3145424837,True,True,True,True,True
7,3,short,2023-01-15,OCEANUSDT,0.26606,0.37196,0.36889695,0.3233333333,0.3032520325,True,True,True,True,True
7,3,short,2023-01-16,APTUSDT,8.1324,14.5891,14.54148436,0.3233333333,0.3185550082,True,True,True,True,True
7,3,short,2023-01-16,AXSUSDT,8.958,13.924,13.92,0.3233333333,0.3145424837,True,True,True,True,True
7,3,short,2023-01-16,OCEANUSDT,0.2491,0.37196,0.36889695,0.3233333333,0.3032520325,True,True,True,True,True
7,3,short,2023-01-17,APTUSDT,7.6113,14.5891,14.54148436,0.3233333333,0.3185550082,True,True,True,True,True
7,3,short,2023-01-17,AXSUSDT,8.81,13.924,13.92,0.3233333333,0.3145424837,True,True,True,True,True
7,3,short,2023-01-17,DYDXUSDT,1.411,1.869,1.868,0.3233333333,0.3145424837,True,True,True,True,True
7,3,short,2023-01-17,MASKUSDT,2.711,3.563,3.55958425,0.3233333333,0.2984126984,False,False,True,True,True
7,3,short,2023-01-17,OCEANUSDT,0.28349,0.38653,0.38539,0.3233333333,0.3032520325,True,True,True,True,True
7,3,short,2023-01-18,APEUSDT,4.502,6.233,6.228,0.3233333333,0.3081300813,True,True,True,True,True
7,3,short,2023-01-18,APTUSDT,7.6262,19,18.79713949,0.3233333333,0.3185550082,True,True,True,True,True
7,3,short,2023-01-18,AXSUSDT,8.015,13.924,13.92,0.3233333333,0.3145424837,True,True,True,True,True
7,3,short,2023-01-18,DYDXUSDT,1.28,2.143,2.139,0.3233333333,0.3145424837,True,True,True,True,True
7,3,short,2023-01-18,FTMUSDT,0.2979,0.4279,0.4276,0.3233333333,0.3221122112,True,True,True,True,True
7,3,short,2023-01-18,MASKUSDT,2.629,3.563,3.55958425,0.3233333333,0.2984126984,True,True,True,True,True
7,3,short,2023-01-18,OCEANUSDT,0.27236,0.38653,0.38539,0.3233333333,0.3032520325,True,True,True,True,True
7,3,short,2023-01-19,APEUSDT,4.828,6.39,6.387,0.3233333333,0.3081300813,True,False,True,True,True
7,3,short,2023-01-19,APTUSDT,7.8696,20.44,20.23724344,0.3233333333,0.3185550082,True,True,True,True,True
7,3,short,2023-01-19,AXSUSDT,8.305,13.924,13.92,0.3233333333,0.3145424837,True,True,True,True,True
7,3,short,2023-01-19,DYDXUSDT,1.315,2.376,2.37539598,0.3233333333,0.3145424837,True,True,True,True,True
7,3,short,2023-01-19,FTMUSDT,0.3041,0.4996,0.4989,0.3233333333,0.3221122112,True,True,True,True,True
7,3,short,2023-01-19,MASKUSDT,2.743,3.563,3.55958425,0.3233333333,0.2984126984,False,False,True,False,True
7,3,short,2023-01-19,OCEANUSDT,0.26607,0.38686,0.3857156,0.3233333333,0.3032520325,True,True,True,True,True
7,3,short,2023-01-20,APTUSDT,10.9529,20.44,20.23724344,0.3233333333,0.3185550082,True,True,True,True,True
7,3,short,2023-01-20,AXSUSDT,9.085,13.924,13.92,0.3233333333,0.3145424837,True,True,True,True,True
7,3,short,2023-01-20,DYDXUSDT,1.675,2.528,2.52375577,0.3233333333,0.3145424837,True,True,True,True,True
7,3,short,2023-01-20,FTMUSDT,0.3468,0.4996,0.4989,0.3233333333,0.3221122112,True,True,True,True,True
7,3,short,2023-01-20,OCEANUSDT,0.2835,0.39879,0.39856054,0.3233333333,0.3032520325,True,True,True,True,True
7,3,short,2023-01-21,APTUSDT,11.76,20.44,20.23724344,0.3233333333,0.3185550082,True,True,True,True,True
7,3,short,2023-01-21,AXSUSDT,8.944,13.924,13.92,0.3233333333,0.3145424837,True,True,True,True,True
7,3,short,2023-01-21,DYDXUSDT,1.618,2.528,2.52375577,0.3233333333,0.3145424837,True,True,True,True,True
7,3,short,2023-01-21,FTMUSDT,0.3413,0.4996,0.4989,0.3233333333,0.3221122112,True,True,True,True,True
7,3,short,2023-01-21,WAVESUSDT,2.235,2.978,2.976,0.3233333333,0.3056910569,True,True,True,True,True
7,3,short,2023-01-22,APTUSDT,13.3001,20.44,20.23724344,0.3233333333,0.3185550082,True,True,True,True,True
7,3,short,2023-01-22,DYDXUSDT,1.658,2.528,2.52375577,0.3233333333,0.3145424837,True,True,True,True,True
7,3,short,2023-01-22,WAVESUSDT,2.2745,2.978,2.976,0.3233333333,0.3056910569,False,False,True,True,True
7,3,short,2023-01-23,APTUSDT,12.677,20.44,20.34346419,0.3233333333,0.3185550082,True,True,True,True,True
7,3,short,2023-01-23,DYDXUSDT,1.741,2.7,2.68848567,0.3233333333,0.3145424837,True,True,True,True,True
7,3,short,2023-01-24,APTUSDT,12.3168,20.44,20.34346419,0.3233333333,0.3185550082,True,True,True,True,True
7,3,short,2023-01-24,DYDXUSDT,1.54,3.58,3.48904917,0.3233333333,0.3145424837,True,True,True,True,True
7,3,short,2023-01-24,FTMUSDT,0.3759,0.5548,0.55423601,0.3233333333,0.3221122112,True,True,True,True,True
7,3,short,2023-01-24,MASKUSDT,2.913,4.5,4.50206764,0.3233333333,0.2984126984,True,True,True,True,True
7,3,short,2023-01-24,WAVESUSDT,2.1743,2.978,2.976,0.3233333333,0.3056910569,True,True,True,True,True
7,3,short,2023-01-25,DYDXUSDT,1.928,3.58,3.50022719,0.3233333333,0.3145424837,True,True,True,True,True
7,3,short,2023-01-25,FTMUSDT,0.4106,0.5979,0.59748603,0.3233333333,0.3221122112,True,True,True,True,True
7,3,short,2023-01-26,DYDXUSDT,2.305,3.68,3.674,0.3233333333,0.3145424837,True,True,True,True,True
7,3,short,2023-01-26,FTMUSDT,0.4845,0.6479,0.64731111,0.3233333333,0.3221122112,True,True,True,True,True
7,3,short,2023-01-27,DYDXUSDT,2.416,3.68,3.674,0.3233333333,0.3145424837,True,True,True,True,True
7,3,short,2023-01-27,FTMUSDT,0.4673,0.6565,0.65603192,0.3233333333,0.3221122112,True,True,True,True,True
7,3,short,2023-01-28,DYDXUSDT,2.297,3.68,3.674,0.3233333333,0.3145424837,True,True,True,True,True
7,3,short,2023-01-28,FTMUSDT,0.4486,0.6565,0.65603192,0.3233333333,0.3221122112,True,True,True,True,True
7,3,short,2023-01-29,DYDXUSDT,2.344,3.68,3.674,0.3233333333,0.3145424837,True,True,True,True,True
7,3,short,2023-01-29,FTMUSDT,0.491,0.6565,0.65603192,0.3233333333,0.3221122112,True,True,True,True,True
7,3,short,2023-01-30,DYDXUSDT,2.5,3.68,3.674,0.3233333333,0.3145424837,True,True,True,True,True
7,3,short,2023-01-30,FTMUSDT,0.4828,0.6565,0.65603192,0.3233333333,0.3221122112,True,True,True,True,True
7,3,short,2023-02-09,FTMUSDT,0.4487,0.5988,0.59850115,0.3233333333,0.3221122112,True,True,True,True,True
7,3,short,2023-02-10,DYDXUSDT,2.442,3.245,3.24298869,0.3233333333,0.3145424837,True,True,True,True,True
7,3,short,2023-02-10,FTMUSDT,0.4357,0.5988,0.59850115,0.3233333333,0.3221122112,True,True,True,True,True
7,3,short,2023-02-12,FTMUSDT,0.4416,0.5988,0.59850115,0.3233333333,0.3221122112,True,True,True,True,True
7,3,short,2023-02-13,DYDXUSDT,2.427,3.245,3.24298869,0.3233333333,0.3145424837,True,True,True,True,True
7,3,short,2023-02-13,MATICUSDT,1.184,1.5689,1.56745595,0.3233333333,,True,True,False,False,False
7,3,short,2023-03-08,APTUSDT,10.512,14.644,14.64227211,0.3233333333,0.3185550082,True,True,True,True,True
7,3,short,2023-03-08,DYDXUSDT,1.994,2.774,2.77174716,0.3233333333,0.3145424837,True,True,True,True,True
7,3,short,2023-03-08,FTMUSDT,0.3586,0.485,0.4849,0.3233333333,0.3221122112,True,True,True,True,True
7,3,short,2023-03-08,OPUSDT,2.2328,2.958,2.95616352,0.3233333333,0.3240924092,True,True,True,False,True
7,3,short,2023-03-09,DYDXUSDT,2.055,2.774,2.77174716,0.3233333333,0.3145424837,True,True,True,True,True
7,3,short,2023-03-09,FILUSDT,5.506,7.59,7.58107725,0.3233333333,0.3253810471,True,True,True,True,True
7,3,short,2023-03-09,FTMUSDT,0.3349,0.485,0.4849,0.3233333333,0.3221122112,True,True,True,True,True
7,3,short,2023-03-09,GRTUSDT,0.1168,0.1634,0.16294347,0.3233333333,0.3145424837,True,True,True,True,True
7,3,short,2023-03-09,OPUSDT,2.2001,2.958,2.95616352,0.3233333333,0.3240924092,True,True,True,True,True
7,3,short,2023-03-10,APTUSDT,10.782,14.644,14.64227211,0.3233333333,0.3185550082,True,True,True,True,True
7,3,short,2023-03-10,BTCUSDT,20140.3,27763.4,27740.92593,0.3233333333,0.3280212483,True,True,True,True,True
7,3,short,2023-03-10,DYDXUSDT,1.996,2.774,2.77174716,0.3233333333,0.3145424837,True,True,True,True,True
7,3,short,2023-03-10,FILUSDT,5.308,7.59,7.58107725,0.3233333333,0.3253810471,True,True,True,True,True
7,3,short,2023-03-10,FTMUSDT,0.3389,0.5163,0.51574656,0.3233333333,0.3221122112,True,True,True,True,True
7,3,short,2023-03-10,GRTUSDT,0.1163,0.1634,0.1634,0.3233333333,0.3145424837,True,True,True,True,True
7,3,short,2023-03-10,OPUSDT,2.1333,2.958,2.95616352,0.3233333333,0.3240924092,True,True,True,True,True
7,3,short,2023-03-11,APTUSDT,10.432,14.644,14.64227211,0.3233333333,0.3185550082,True,True,True,True,True
7,3,short,2023-03-11,BTCUSDT,20447.3,27763.4,27740.92593,0.3233333333,0.3280212483,True,True,True,True,True
7,3,short,2023-03-11,DYDXUSDT,1.876,3.014,3.00178779,0.3233333333,0.3145424837,True,True,True,True,True
7,3,short,2023-03-11,FILUSDT,4.951,7.59,7.58107725,0.3233333333,0.3253810471,True,True,True,True,True
7,3,short,2023-03-11,FTMUSDT,0.3348,0.5327,0.53236353,0.3233333333,0.3221122112,True,True,True,True,True
7,3,short,2023-03-11,GRTUSDT,0.11404,0.17535,0.17514798,0.3233333333,0.3145424837,True,True,True,True,True
7,3,short,2023-03-11,OPUSDT,1.8843,2.958,2.95616352,0.3233333333,0.3240924092,True,True,True,True,True
7,3,short,2023-03-11,SANDUSDT,0.5276,0.7308,0.72968875,0.3233333333,0.3145424837,True,True,True,True,True
7,3,short,2023-03-12,DYDXUSDT,2.233,3.014,3.00178779,0.3233333333,0.3145424837,True,True,True,True,True
7,3,short,2023-03-12,FILUSDT,5.715,7.59,7.58107725,0.3233333333,0.3253810471,True,True,True,True,True
7,3,short,2023-03-12,FTMUSDT,0.3938,0.5327,0.53236353,0.3233333333,0.3221122112,True,True,True,True,True
7,3,short,2023-03-12,GRTUSDT,0.13125,0.17535,0.17514798,0.3233333333,0.3145424837,True,True,True,True,True
7,3,short,2023-03-15,DYDXUSDT,2.271,3.014,3.00178779,0.3233333333,0.3145424837,True,False,True,True,True
7,3,short,2023-03-15,FTMUSDT,0.3892,0.5327,0.53236353,0.3233333333,0.3221122112,True,True,True,True,True
7,3,short,2023-03-15,XRPUSDT,0.3588,0.4927,0.4927,0.3233333333,0.3266998342,True,True,True,True,True
7,3,short,2023-03-16,XRPUSDT,0.3644,0.4927,0.4927,0.3233333333,0.3266998342,True,True,True,True,True
7,3,short,2023-03-22,XRPUSDT,0.4212,0.5856,0.58485703,0.3233333333,0.3266998342,True,True,True,True,True
7,3,short,2023-03-24,XRPUSDT,0.4256,0.5856,0.58485703,0.3233333333,0.3266998342,True,True,True,True,True
7,3,short,2023-03-27,DOGEUSDT,0.07284,0.10523,0.10466827,0.3233333333,0.3247226362,True,True,True,True,True
7,3,short,2023-03-28,DOGEUSDT,0.07378,0.10523,0.10466827,0.3233333333,0.3247226362,True,True,True,True,True
7,3,short,2023-03-29,DOGEUSDT,0.07553,0.10523,0.10466827,0.3233333333,0.3247226362,True,True,True,True,True
7,3,short,2023-03-30,DOGEUSDT,0.07417,0.10523,0.10466827,0.3233333333,0.3247226362,True,True,True,True,True
7,3,short,2023-03-31,DOGEUSDT,0.0769,0.10523,0.10466827,0.3233333333,0.3247226362,True,True,True,True,True
7,3,short,2023-04-02,DOGEUSDT,0.079,0.10523,0.10466827,0.3233333333,0.3247226362,True,True,True,True,True
7,3,short,2023-05-11,MASKUSDT,3.682,4.837,4.80470414,0.3233333333,0.2984126984,False,False,True,True,True
7,3,short,2023-05-12,CFXUSDT,0.2485,0.33,0.32907362,0.3233333333,0.3145424837,True,True,True,True,True
7,3,short,2023-05-12,MASKUSDT,3.724,4.87,4.8551327,0.3233333333,0.2984126984,False,False,True,True,True
7,3,short,2023-05-13,CTSIUSDT,0.1638,0.2164,0.216,0.3233333333,0.3081300813,False,False,True,True,True
7,3,short,2023-05-13,MASKUSDT,3.679,4.87,4.8551327,0.3233333333,0.2984126984,True,False,True,True,True
7,3,short,2023-05-14,MASKUSDT,3.743,4.87,4.8551327,0.3233333333,0.2984126984,False,False,True,False,True
7,3,short,2023-05-21,LINAUSDT,0.00985,0.0165,0.01609353,0.3233333333,0.3008130081,True,True,True,True,True
7,3,short,2023-05-22,LINAUSDT,0.0104,0.02,0.01973087,0.3233333333,0.3008130081,True,True,True,True,True
7,3,short,2023-05-23,LINAUSDT,0.01146,0.02598,0.02593752,0.3233333333,0.3008130081,True,True,True,True,True
7,3,short,2023-05-24,LINAUSDT,0.01081,0.02598,0.02593752,0.3233333333,0.3008130081,True,True,True,True,True
7,3,short,2023-05-25,LINAUSDT,0.01058,0.02598,0.02593752,0.3233333333,0.3008130081,True,True,True,True,True
7,3,short,2023-05-26,LINAUSDT,0.01056,0.02972,0.02882714,0.3233333333,0.3008130081,True,True,True,True,True
7,3,short,2023-05-27,LINAUSDT,0.01236,0.02972,0.02882714,0.3233333333,0.3008130081,True,True,True,True,True
7,3,short,2023-05-28,LINAUSDT,0.01501,0.02972,0.02882714,0.3233333333,0.3008130081,True,True,True,True,True
7,3,short,2023-05-29,LINAUSDT,0.01774,0.02972,0.02882714,0.3233333333,0.3008130081,True,True,True,True,True
7,3,short,2023-05-30,LINAUSDT,0.02265,0.02972,0.02882714,0.3233333333,0.3008130081,False,False,True,False,True
7,3,short,2023-06-05,TOMOUSDT,1.2402,1.7127,1.69673683,0.3233333333,,True,True,False,False,False
7,3,short,2023-06-07,LINAUSDT,0.01274,0.01876,0.0183922,0.3233333333,0.3008130081,True,True,True,True,True
7,3,short,2023-06-07,TOMOUSDT,1.2858,1.7306,1.69673683,0.3233333333,,True,False,False,False,False
7,3,short,2023-06-08,LINAUSDT,0.01242,0.01876,0.0183922,0.3233333333,0.3008130081,True,True,True,True,True
7,3,short,2023-06-09,LINAUSDT,0.0127,0.01876,0.0183922,0.3233333333,0.3008130081,True,True,True,True,True
7,3,short,2023-06-10,LINAUSDT,0.01,0.01876,0.0183922,0.3233333333,0.3008130081,True,True,True,True,True
7,3,short,2023-06-11,LINAUSDT,0.01228,0.01876,0.0183922,0.3233333333,0.3008130081,True,True,True,True,True
7,3,short,2023-06-14,CFXUSDT,0.1758,0.2516,0.25060661,0.3233333333,0.3145424837,True,True,True,True,True
7,3,short,2023-06-14,OPUSDT,1.0839,1.5078,1.50483223,0.3233333333,0.3240924092,True,True,True,True,True
7,3,short,2023-06-15,CFXUSDT,0.1781,0.27,0.26894758,0.3233333333,0.3145424837,True,True,True,True,True
7,3,short,2023-06-15,OPUSDT,1.1096,1.5078,1.50483223,0.3233333333,0.3240924092,True,True,True,True,True
7,3,short,2023-06-16,CFXUSDT,0.1858,0.28,0.27944928,0.3233333333,0.3145424837,True,True,True,True,True
7,3,short,2023-06-16,OPUSDT,1.128,1.5078,1.50483223,0.3233333333,0.3240924092,True,True,True,True,True
7,3,short,2023-06-17,CFXUSDT,0.1866,0.28,0.27944928,0.3233333333,0.3145424837,True,True,True,True,True
7,3,short,2023-06-17,OPUSDT,1.1331,1.5078,1.50483223,0.3233333333,0.3240924092,True,True,True,True,True
7,3,short,2023-06-18,ARPAUSDT,0.04674,0.06236,0.06230941,0.3233333333,0.2984126984,True,True,True,True,True
7,3,short,2023-06-18,CFXUSDT,0.1793,0.28,0.27944928,0.3233333333,0.3145424837,True,True,True,True,True
7,3,short,2023-06-18,OPUSDT,1.0989,1.5078,1.50483223,0.3233333333,0.3240924092,True,True,True,True,True
7,3,short,2023-06-19,ARPAUSDT,0.04794,0.06236,0.06230941,0.3233333333,0.2984126984,False,False,True,True,True
7,3,short,2023-06-19,CFXUSDT,0.1824,0.28,0.27944928,0.3233333333,0.3145424837,True,True,True,True,True
7,3,short,2023-06-19,OPUSDT,1.1323,1.5078,1.50483223,0.3233333333,0.3240924092,True,True,True,True,True
7,3,short,2023-06-19,TOMOUSDT,1.1515,1.5299,1.52620917,0.3233333333,,True,True,False,False,False
7,3,short,2023-06-20,TOMOUSDT,1.1949,1.6,1.59682699,0.3233333333,,True,True,False,False,False
7,3,short,2023-06-21,TOMOUSDT,1.1951,1.6,1.59682699,0.3233333333,,True,True,False,False,False
7,3,short,2023-06-22,TOMOUSDT,1.1896,1.6,1.59682699,0.3233333333,,True,True,False,False,False
7,3,short,2023-06-28,LTCUSDT,82.97,115.05,114.981074,0.3233333333,0.3250825083,True,True,True,True,True
7,3,short,2023-06-29,LTCUSDT,84.68,115.05,114.981074,0.3233333333,0.3250825083,True,True,True,True,True
7,3,short,2023-07-03,WAVESUSDT,1.9179,2.4431,2.58648883,0.3233333333,0.3056910569,False,True,False,True,True
7,3,short,2023-07-04,WAVESUSDT,1.8696,2.4431,2.58648883,0.3233333333,0.3056910569,False,True,True,True,True
7,3,short,2023-07-05,WAVESUSDT,1.9199,2.4431,2.58648883,0.3233333333,0.3056910569,False,True,False,True,True
7,3,short,2023-07-06,MATICUSDT,0.6599,0.894,0.88963928,0.3233333333,,True,True,False,False,False
7,3,short,2023-07-06,SOLUSDT,19.592,26.887,26.75050125,0.3233333333,0.3266998342,True,True,True,True,True
7,3,short,2023-07-06,WAVESUSDT,1.9487,2.4431,2.58648883,0.3233333333,0.3056910569,False,True,False,True,True
7,3,short,2023-07-06,XRPUSDT,0.4618,0.965,0.92996812,0.3233333333,0.3266998342,True,True,True,True,True
7,3,short,2023-07-07,ADAUSDT,0.2843,0.3795,0.37883285,0.3233333333,0.3250825083,True,True,True,True,True
7,3,short,2023-07-07,OPUSDT,1.2259,1.65,1.64015236,0.3233333333,0.3240924092,True,True,True,True,True
7,3,short,2023-07-07,SOLUSDT,21.484,33.579,32.02441358,0.3233333333,0.3266998342,True,True,True,True,True
7,3,short,2023-07-07,WAVESUSDT,1.9081,2.4431,2.58648883,0.3233333333,0.3056910569,False,True,False,True,True
7,3,short,2023-07-07,XRPUSDT,0.4683,0.965,0.92996812,0.3233333333,0.3266998342,True,True,True,True,True
7,3,short,2023-07-08,OPUSDT,1.2157,1.65,1.64015236,0.3233333333,0.3240924092,True,True,True,True,True
7,3,short,2023-07-08,SOLUSDT,21.807,33.579,32.02441358,0.3233333333,0.3266998342,True,True,True,True,True
7,3,short,2023-07-08,XRPUSDT,0.4702,0.965,0.92996812,0.3233333333,0.3266998342,True,True,True,True,True
7,3,short,2023-07-09,ADAUSDT,0.2842,0.3795,0.37883285,0.3233333333,0.3250825083,True,True,True,True,True
7,3,short,2023-07-09,OPUSDT,1.213,1.65,1.64015236,0.3233333333,0.3240924092,True,True,True,True,True
7,3,short,2023-07-09,SOLUSDT,21.314,33.579,32.02441358,0.3233333333,0.3266998342,True,True,True,True,True
7,3,short,2023-07-09,XRPUSDT,0.4677,0.965,0.92996812,0.3233333333,0.3266998342,True,True,True,True,True
7,3,short,2023-07-10,OPUSDT,1.1988,1.65,1.64015236,0.3233333333,0.3240924092,True,True,True,True,True
7,3,short,2023-07-10,SOLUSDT,21.286,33.579,32.02441358,0.3233333333,0.3266998342,True,True,True,True,True
7,3,short,2023-07-10,XRPUSDT,0.4775,0.965,0.92996812,0.3233333333,0.3266998342,True,True,True,True,True
7,3,short,2023-07-11,OPUSDT,1.2236,1.65,1.64015236,0.3233333333,0.3240924092,True,True,True,True,True
7,3,short,2023-07-11,SOLUSDT,22.05,33.579,32.02441358,0.3233333333,0.3266998342,True,True,True,True,True
7,3,short,2023-07-11,XRPUSDT,0.4749,0.965,0.92996812,0.3233333333,0.3266998342,True,True,True,True,True
7,3,short,2023-07-12,OPUSDT,1.2156,1.65,1.64015236,0.3233333333,0.3240924092,True,True,True,True,True
7,3,short,2023-07-12,SOLUSDT,21.928,33.579,32.02441358,0.3233333333,0.3266998342,True,True,True,True,True
7,3,short,2023-07-12,XRPUSDT,0.4707,0.965,0.92996812,0.3233333333,0.3266998342,True,True,True,True,True
7,3,short,2023-07-24,TOMOUSDT,1.326,1.7833,1.58452202,0.3233333333,,True,False,False,False,False
7,3,short,2023-07-25,TOMOUSDT,1.2886,1.7833,1.58452202,0.3233333333,,True,False,False,False,False
7,3,short,2023-07-26,TOMOUSDT,1.3267,1.7833,1.58452202,0.3233333333,,True,False,False,False,False
7,3,short,2023-07-27,TOMOUSDT,1.279,1.7833,1.58452202,0.3233333333,,True,False,False,False,False
7,3,short,2023-07-28,TOMOUSDT,1.3214,1.7833,1.58452202,0.3233333333,,True,False,False,False,False
7,3,short,2023-09-01,UNFIUSDT,7.928,11.272,11.2650798,0.3233333333,0.3008130081,True,True,True,True,True
7,3,short,2023-09-02,BLZUSDT,0.11425,0.1582,0.16034693,0.3233333333,0.3008130081,True,True,True,True,True
7,3,short,2023-09-02,UNFIUSDT,7.489,11.272,11.2650798,0.3233333333,0.3008130081,True,True,True,True,True
7,3,short,2023-09-05,UNFIUSDT,8.572,11.272,11.2650798,0.3233333333,0.3008130081,False,False,True,True,True
7,3,short,2023-09-09,BLZUSDT,0.12173,0.164,0.16389,0.3233333333,0.3008130081,True,True,True,True,True
7,3,short,2023-09-11,BLZUSDT,0.13765,0.19191,0.19368728,0.3233333333,0.3008130081,True,True,True,True,True
7,3,short,2023-09-11,RUNEUSDT,1.46,1.985,1.98400572,0.3233333333,0.3145424837,True,True,True,True,True
7,3,short,2023-09-12,BLZUSDT,0.14319,0.21385,0.21354,0.3233333333,0.3008130081,True,True,True,True,True
7,3,short,2023-09-12,RUNEUSDT,1.482,1.985,1.98400572,0.3233333333,0.3145424837,True,True,True,True,True
7,3,short,2023-09-13,BLZUSDT,0.14294,0.2152,0.21506271,0.3233333333,0.3008130081,True,True,True,True,True
7,3,short,2023-09-14,BLZUSDT,0.15808,0.2152,0.21506271,0.3233333333,0.3008130081,True,True,True,True,True
7,3,short,2023-09-15,BLZUSDT,0.16243,0.2152,0.21506271,0.3233333333,0.3008130081,True,True,True,True,True
7,3,short,2023-09-16,BLZUSDT,0.14876,0.2152,0.21506271,0.3233333333,0.3008130081,True,True,True,True,True
7,3,short,2023-09-17,BLZUSDT,0.15714,0.2152,0.21506271,0.3233333333,0.3008130081,True,True,True,True,True
7,3,short,2023-09-24,RUNEUSDT,1.67,2.268,2.26327085,0.3233333333,0.3145424837,True,True,True,True,True
7,3,short,2023-09-25,RUNEUSDT,1.708,2.268,2.26327085,0.3233333333,0.3145424837,True,True,True,True,True
7,3,short,2023-10-08,TRBUSDT,49.158,81,78.10281692,0.3233333333,0.3081300813,True,True,True,True,True
7,3,short,2023-10-09,TRBUSDT,48.692,81,78.10281692,0.3233333333,0.3081300813,True,True,True,True,True
7,3,short,2023-10-10,TRBUSDT,47.648,81,78.10281692,0.3233333333,0.3081300813,True,True,True,True,True
7,3,short,2023-10-11,BLZUSDT,0.11665,0.15392,0.15389,0.3233333333,0.3008130081,False,False,True,True,True
7,3,short,2023-10-11,TRBUSDT,48.15,81,78.10281692,0.3233333333,0.3081300813,True,True,True,True,True
7,3,short,2023-10-12,BLZUSDT,0.11716,0.15736,0.15633535,0.3233333333,0.3008130081,True,True,True,True,True
7,3,short,2023-10-12,TRBUSDT,46.024,81,78.10281692,0.3233333333,0.3081300813,True,True,True,True,True
7,3,short,2023-10-13,BLZUSDT,0.11565,0.18349,0.1832444,0.3233333333,0.3008130081,True,True,True,True,True
7,3,short,2023-10-13,TRBUSDT,47.237,81,78.10281692,0.3233333333,0.3081300813,True,True,True,True,True
7,3,short,2023-10-14,BLZUSDT,0.12279,0.20106,0.2001482,0.3233333333,0.3008130081,True,True,True,True,True
7,3,short,2023-10-14,SOLUSDT,21.983,30.368,30.28154653,0.3233333333,0.3266998342,True,True,True,True,True
7,3,short,2023-10-14,TRBUSDT,51.707,81,78.10281692,0.3233333333,0.3081300813,True,True,True,True,True
7,3,short,2023-10-15,BLZUSDT,0.11967,0.20106,0.2001482,0.3233333333,0.3008130081,True,True,True,True,True
7,3,short,2023-10-15,LINKUSDT,7.42,10.236,10.229,0.3233333333,0.3250825083,True,True,True,True,True
7,3,short,2023-10-15,SOLUSDT,21.918,30.368,30.28154653,0.3233333333,0.3266998342,True,True,True,True,True
7,3,short,2023-10-16,1000PEPEUSDT,0.0006733,0.001025,0.00102267,0.3233333333,0.3247226362,True,True,True,True,True
7,3,short,2023-10-16,BLZUSDT,0.12821,0.25427,0.25290838,0.3233333333,0.3008130081,True,True,True,True,True
7,3,short,2023-10-16,LINKUSDT,7.519,11.08,11.03025377,0.3233333333,0.3250825083,True,True,True,True,True
7,3,short,2023-10-16,SOLUSDT,23.939,32.929,32.86777254,0.3233333333,0.3266998342,True,True,True,True,True
7,3,short,2023-10-16,TRBUSDT,59.552,98,97.10150617,0.3233333333,0.3081300813,True,True,True,True,True
7,3,short,2023-10-17,1000PEPEUSDT,0.0006351,0.001058,0.00105665,0.3233333333,0.3247226362,True,True,True,True,True
7,3,short,2023-10-17,BLZUSDT,0.13574,0.2894,0.2884305,0.3233333333,0.3008130081,True,True,True,True,True
7,3,short,2023-10-17,LINKUSDT,7.318,11.156,11.141187,0.3233333333,0.3250825083,True,True,True,True,True
7,3,short,2023-10-17,SOLUSDT,23.93,32.929,32.86777254,0.3233333333,0.3266998342,True,True,True,True,True
7,3,short,2023-10-17,TRBUSDT,56.759,98,97.10150617,0.3233333333,0.3081300813,True,True,True,True,True
7,3,short,2023-10-17,UNFIUSDT,6.107,9.45,9.444,0.3233333333,0.3008130081,True,True,True,True,True
7,3,short,2023-10-18,1000PEPEUSDT,0.0006307,0.0012446,0.00124099,0.3233333333,0.3247226362,True,True,True,True,True
7,3,short,2023-10-18,BLZUSDT,0.14932,0.2894,0.2884305,0.3233333333,0.3008130081,True,True,True,True,True
7,3,short,2023-10-18,CYBERUSDT,4.18,6.566,6.51812149,0.3233333333,0.3081300813,True,True,True,True,True
7,3,short,2023-10-18,LINKUSDT,7.354,11.794,11.76225134,0.3233333333,0.3250825083,True,True,True,True,True
7,3,short,2023-10-18,SOLUSDT,23.408,33.96,33.8672642,0.3233333333,0.3266998342,True,True,True,True,True
7,3,short,2023-10-18,TRBUSDT,58.538,119.6,118.9561813,0.3233333333,0.3081300813,True,True,True,True,True
7,3,short,2023-10-18,UNFIUSDT,5.918,9.45,9.444,0.3233333333,0.3008130081,True,True,True,True,True
7,3,short,2023-10-19,1000PEPEUSDT,0.000627,0.001359,0.00135554,0.3233333333,0.3247226362,True,True,True,True,True
7,3,short,2023-10-19,BLZUSDT,0.15048,0.2894,0.2884305,0.3233333333,0.3008130081,True,True,True,True,True
7,3,short,2023-10-19,CYBERUSDT,4.07,6.862,6.85427407,0.3233333333,0.3081300813,True,True,True,True,True
7,3,short,2023-10-19,FLMUSDT,0.0633,0.0828,0.0827,0.3233333333,0.2698412698,False,False,True,True,True
7,3,short,2023-10-19,LINKUSDT,7.301,11.794,11.76225134,0.3233333333,0.3250825083,True,True,True,True,True
7,3,short,2023-10-19,PERPUSDT,0.4996,0.6443,0.64377276,0.3233333333,0.2575757576,False,False,True,True,True
7,3,short,2023-10-19,SOLUSDT,24.91,33.96,33.8672642,0.3233333333,0.3266998342,True,True,True,True,True
7,3,short,2023-10-19,TRBUSDT,59.949,119.6,118.9561813,0.3233333333,0.3081300813,True,True,True,True,True
7,3,short,2023-10-19,UNFIUSDT,5.795,9.45,9.444,0.3233333333,0.3008130081,True,True,True,True,True
7,3,short,2023-10-19,WLDUSDT,1.4516,1.928,1.9245304,0.3233333333,0.3201320132,True,True,True,True,True
7,3,short,2023-10-20,1000PEPEUSDT,0.0006564,0.001359,0.00135554,0.3233333333,0.3247226362,True,True,True,True,True
7,3,short,2023-10-20,BLZUSDT,0.17794,0.2894,0.2884305,0.3233333333,0.3008130081,True,True,True,True,True
7,3,short,2023-10-20,CYBERUSDT,4.185,6.862,6.85427407,0.3233333333,0.3081300813,True,True,True,True,True
7,3,short,2023-10-20,FLMUSDT,0.0652,0.0867,0.08659957,0.3233333333,0.2698412698,True,True,True,True,True
7,3,short,2023-10-20,LINKUSDT,7.567,11.794,11.76225134,0.3233333333,0.3250825083,True,True,True,True,True
7,3,short,2023-10-20,TRBUSDT,71.363,119.6,118.9561813,0.3233333333,0.3081300813,True,True,True,True,True
7,3,short,2023-10-20,UNFIUSDT,5.998,9.45,9.444,0.3233333333,0.3008130081,True,True,True,True,True
7,3,short,2023-10-21,1000PEPEUSDT,0.0006982,0.001359,0.00135554,0.3233333333,0.3247226362,True,True,True,True,True
7,3,short,2023-10-21,BLZUSDT,0.18853,0.2894,0.2884305,0.3233333333,0.3008130081,True,True,True,True,True
7,3,short,2023-10-21,CYBERUSDT,4.285,6.862,6.85427407,0.3233333333,0.3081300813,True,True,True,True,True
7,3,short,2023-10-21,FLMUSDT,0.0698,0.0906,0.09046015,0.3233333333,0.2698412698,False,False,True,True,True
7,3,short,2023-10-21,LINKUSDT,8.91,11.794,11.76225134,0.3233333333,0.3250825083,True,False,False,False,True
7,3,short,2023-10-21,TRBUSDT,70.932,119.6,118.9561813,0.3233333333,0.3081300813,True,True,True,True,True
7,3,short,2023-10-21,UNFIUSDT,6.298,9.45,9.444,0.3233333333,0.3008130081,True,True,True,True,True
7,3,short,2023-10-22,1000PEPEUSDT,0.0007473,0.001359,0.00135554,0.3233333333,0.3247226362,True,True,True,True,True
7,3,short,2023-10-22,BLZUSDT,0.18422,0.2894,0.2884305,0.3233333333,0.3008130081,True,True,True,True,True
7,3,short,2023-10-22,CYBERUSDT,4.267,6.862,6.85427407,0.3233333333,0.3081300813,True,True,True,True,True
7,3,short,2023-10-22,FLMUSDT,0.0703,0.0906,0.09046015,0.3233333333,0.2698412698,False,False,True,True,True
7,3,short,2023-10-22,TRBUSDT,70.343,119.6,118.9561813,0.3233333333,0.3081300813,True,True,True,True,True
7,3,short,2023-10-22,UNFIUSDT,6.535,10.491,10.48465436,0.3233333333,0.3008130081,True,True,True,True,True
7,3,short,2023-10-23,1000PEPEUSDT,0.0010055,0.001359,0.00135554,0.3233333333,0.3247226362,True,True,True,True,True
7,3,short,2023-10-23,CYBERUSDT,4.553,6.862,6.85427407,0.3233333333,0.3081300813,True,True,True,True,True
7,3,short,2023-10-23,TRBUSDT,90.565,124.9,124.7723995,0.3233333333,0.3081300813,True,True,True,True,True
7,3,short,2023-10-23,UNFIUSDT,6.631,11.234,11.202,0.3233333333,0.3008130081,True,True,True,True,True
7,3,short,2023-10-24,1000PEPEUSDT,0.0009254,0.001359,0.00135554,0.3233333333,0.3247226362,True,True,True,True,True
7,3,short,2023-10-24,BLZUSDT,0.234,0.34218,0.34102655,0.3233333333,0.3008130081,True,True,True,True,True
7,3,short,2023-10-24,CYBERUSDT,4.773,7.7,7.68852553,0.3233333333,0.3081300813,True,True,True,True,True
7,3,short,2023-10-24,TRBUSDT,90.499,124.9,124.7723995,0.3233333333,0.3081300813,True,True,True,True,True
7,3,short,2023-10-24,UNFIUSDT,8.338,11.234,11.202,0.3233333333,0.3008130081,True,True,True,True,True
7,3,short,2023-10-25,SOLUSDT,32.446,46.8,46.65792094,0.3233333333,0.3266998342,True,True,True,True,True
7,3,short,2023-10-26,SOLUSDT,32.77,46.8,46.65792094,0.3233333333,0.3266998342,True,True,True,True,True
7,3,short,2023-10-27,SOLUSDT,31.739,46.8,46.65792094,0.3233333333,0.3266998342,True,True,True,True,True
7,3,short,2023-10-28,SOLUSDT,31.614,46.8,46.65792094,0.3233333333,0.3266998342,True,True,True,True,True
7,3,short,2023-10-29,SOLUSDT,32.826,46.8,46.65792094,0.3233333333,0.3266998342,True,True,True,True,True
7,3,short,2023-10-30,SOLUSDT,34.958,46.8,46.65792094,0.3233333333,0.3266998342,True,True,True,True,True
7,3,short,2023-11-01,ARKUSDT,1.0136,1.75,1.74669686,0.3233333333,0.296031746,True,True,True,True,True
7,3,short,2023-11-01,BNTUSDT,0.5414,0.7288,0.728,0.3233333333,0.2984126984,True,True,True,True,True
7,3,short,2023-11-01,STORJUSDT,0.4479,0.7292,0.72171369,0.3233333333,0.3081300813,True,True,True,True,True
7,3,short,2023-11-02,1000PEPEUSDT,0.0010919,0.001461,0.00145793,0.3233333333,0.3247226362,True,True,True,True,True
7,3,short,2023-11-02,ARKUSDT,0.9975,1.8025,1.79618614,0.3233333333,0.296031746,True,True,True,True,True
7,3,short,2023-11-02,BNTUSDT,0.5233,0.8498,0.8490732,0.3233333333,0.2984126984,True,True,True,True,True
7,3,short,2023-11-02,GALAUSDT,0.01827,0.02616,0.02614,0.3233333333,0.3145424837,True,True,True,True,True
7,3,short,2023-11-02,LINKUSDT,11.013,15.999,15.98655725,0.3233333333,0.3250825083,True,True,True,True,True
7,3,short,2023-11-02,RUNEUSDT,2.806,4.033,4.02894919,0.3233333333,0.3145424837,True,True,True,True,True
7,3,short,2023-11-02,STORJUSDT,0.4588,0.8979,0.8978,0.3233333333,0.3081300813,True,True,True,True,True
7,3,short,2023-11-02,TRBUSDT,101.9,143.438,143.1863484,0.3233333333,0.3081300813,True,True,True,True,True
7,3,short,2023-11-03,1000PEPEUSDT,0.0010788,0.001461,0.00145793,0.3233333333,0.3247226362,True,True,True,True,True
7,3,short,2023-11-03,ARKUSDT,1.1377,1.866,1.8645,0.3233333333,0.296031746,True,True,True,True,True
7,3,short,2023-11-03,BNTUSDT,0.5436,0.965,0.96333641,0.3233333333,0.2984126984,True,True,True,True,True
7,3,short,2023-11-03,GALAUSDT,0.01859,0.02616,0.02614,0.3233333333,0.3145424837,True,True,True,True,True
7,3,short,2023-11-03,LINKUSDT,11.472,15.999,15.98655725,0.3233333333,0.3250825083,True,True,True,True,True
7,3,short,2023-11-03,SOLUSDT,39.497,57.573,57.4683955,0.3233333333,0.3266998342,True,True,True,True,True
7,3,short,2023-11-03,STORJUSDT,0.458,0.9575,0.95656172,0.3233333333,0.3081300813,True,True,True,True,True
7,3,short,2023-11-04,AVAXUSDT,12.227,17.026,17.018,0.3233333333,0.3266998342,True,True,True,True,True
7,3,short,2023-11-04,BNTUSDT,0.5401,1.18,1.17606244,0.3233333333,0.2984126984,True,True,True,True,True
7,3,short,2023-11-04,GALAUSDT,0.01959,0.02616,0.02614,0.3233333333,0.3145424837,True,True,True,True,True
7,3,short,2023-11-04,LINKUSDT,11.508,16.68,16.62783617,0.3233333333,0.3250825083,True,True,True,True,True
7,3,short,2023-11-04,RUNEUSDT,3.408,4.84,4.80907988,0.3233333333,0.3145424837,True,True,True,True,True
7,3,short,2023-11-04,SOLUSDT,42.422,64.036,63.84441497,0.3233333333,0.3266998342,True,True,True,True,True
7,3,short,2023-11-04,STORJUSDT,0.4647,0.9575,0.95656172,0.3233333333,0.3081300813,True,True,True,True,True
7,3,short,2023-11-05,AVAXUSDT,12.36,19.775,19.72130085,0.3233333333,0.3266998342,True,True,True,True,True
7,3,short,2023-11-05,BNTUSDT,0.5532,1.49,1.48295509,0.3233333333,0.2984126984,True,True,True,True,True
7,3,short,2023-11-05,LINKUSDT,12.238,16.68,16.62783617,0.3233333333,0.3250825083,True,True,True,True,True
7,3,short,2023-11-05,MATICUSDT,0.6921,0.9291,0.92793225,0.3233333333,,True,True,False,False,False
7,3,short,2023-11-05,RUNEUSDT,3.352,5.399,5.3894972,0.3233333333,0.3145424837,True,True,True,True,True
7,3,short,2023-11-05,SOLUSDT,41.167,64.036,63.84441497,0.3233333333,0.3266998342,True,True,True,True,True
7,3,short,2023-11-05,STORJUSDT,0.4501,0.9575,0.95656172,0.3233333333,0.3081300813,True,True,True,True,True
7,3,short,2023-11-06,ARKUSDT,1.4282,1.866,1.8645,0.3233333333,0.296031746,False,False,True,True,True
7,3,short,2023-11-06,AVAXUSDT,13.085,19.778,19.76740424,0.3233333333,0.3266998342,True,True,True,True,True
7,3,short,2023-11-06,BNTUSDT,0.571,1.95,1.95125295,0.3233333333,0.2984126984,True,True,True,True,True
7,3,short,2023-11-06,RUNEUSDT,3.555,5.399,5.3894972,0.3233333333,0.3145424837,True,True,True,True,True
7,3,short,2023-11-06,SOLUSDT,42.181,64.036,63.84441497,0.3233333333,0.3266998342,True,True,True,True,True
7,3,short,2023-11-06,STORJUSDT,0.4606,0.9575,0.95656172,0.3233333333,0.3081300813,True,True,True,True,True
7,3,short,2023-11-06,WLDUSDT,1.8224,2.6204,2.60061881,0.3233333333,0.3201320132,True,True,True,True,True
7,3,short,2023-11-07,ARKUSDT,1.4008,1.866,1.8645,0.3233333333,0.296031746,True,True,True,True,True
7,3,short,2023-11-07,AVAXUSDT,12.813,19.778,19.76740424,0.3233333333,0.3266998342,True,True,True,True,True
7,3,short,2023-11-07,BNTUSDT,0.5804,1.95,1.95125295,0.3233333333,0.2984126984,True,True,True,True,True
7,3,short,2023-11-07,MATICUSDT,0.7407,0.9864,0.98350262,0.3233333333,,True,True,False,False,False
7,3,short,2023-11-07,RUNEUSDT,3.387,5.399,5.3894972,0.3233333333,0.3145424837,True,True,True,True,True
7,3,short,2023-11-07,SOLUSDT,42.976,64.036,63.84441497,0.3233333333,0.3266998342,True,True,True,True,True
7,3,short,2023-11-07,STORJUSDT,0.4565,0.9575,0.95656172,0.3233333333,0.3081300813,True,True,True,True,True
7,3,short,2023-11-07,WLDUSDT,1.8437,2.6204,2.60061881,0.3233333333,0.3201320132,True,True,True,True,True
7,3,short,2023-11-08,ARKUSDT,1.4168,1.866,1.8645,0.3233333333,0.296031746,False,False,True,True,True
7,3,short,2023-11-08,AVAXUSDT,12.994,20.97,20.96352168,0.3233333333,0.3266998342,True,True,True,True,True
7,3,short,2023-11-08,BNTUSDT,0.7114,1.95,1.95125295,0.3233333333,0.2984126984,True,True,True,True,True
7,3,short,2023-11-08,RUNEUSDT,3.332,6.198,6.18430557,0.3233333333,0.3145424837,True,True,True,True,True
7,3,short,2023-11-08,SOLUSDT,43.142,67.228,67.10820242,0.3233333333,0.3266998342,True,True,True,True,True
7,3,short,2023-11-08,STORJUSDT,0.6878,0.9575,0.95656172,0.3233333333,0.3081300813,True,True,True,True,True
7,3,short,2023-11-08,WLDUSDT,1.8336,2.6204,2.60061881,0.3233333333,0.3201320132,True,True,True,True,True
7,3,short,2023-11-09,AVAXUSDT,12.972,24.12,24.0533629,0.3233333333,0.3266998342,True,True,True,True,True
7,3,short,2023-11-09,BNTUSDT,0.826,1.95,1.95125295,0.3233333333,0.2984126984,True,True,True,True,True
7,3,short,2023-11-09,RUNEUSDT,3.931,6.68,6.66560441,0.3233333333,0.3145424837,True,True,True,True,True
7,3,short,2023-11-09,SOLUSDT,45.305,68.356,68.19483278,0.3233333333,0.3266998342,True,True,True,True,True
7,3,short,2023-11-09,WLDUSDT,1.7591,2.6204,2.60061881,0.3233333333,0.3201320132,True,True,True,True,True
7,3,short,2023-11-10,AVAXUSDT,14.76,24.68,24.66977665,0.3233333333,0.3266998342,True,True,True,True,True
7,3,short,2023-11-10,BNTUSDT,0.9613,1.95,1.95125295,0.3233333333,0.2984126984,True,True,True,True,True
7,3,short,2023-11-10,RUNEUSDT,4.015,6.68,6.66560441,0.3233333333,0.3145424837,True,True,True,True,True
7,3,short,2023-11-10,WLDUSDT,1.9617,2.6204,2.60061881,0.3233333333,0.3201320132,True,True,True,True,True
7,3,short,2023-11-11,AVAXUSDT,16.808,24.68,24.66977665,0.3233333333,0.3266998342,True,True,True,True,True
7,3,short,2023-11-11,BNTUSDT,1.1529,1.95,1.95125295,0.3233333333,0.2984126984,True,True,True,True,True
7,3,short,2023-11-11,RUNEUSDT,4.73,6.68,6.66560441,0.3233333333,0.3145424837,True,True,True,True,True
7,3,short,2023-11-11,WLDUSDT,1.939,2.6204,2.60061881,0.3233333333,0.3201320132,True,True,True,True,True
7,3,short,2023-11-12,BNTUSDT,1.4689,1.95,1.95125295,0.3233333333,0.2984126984,True,True,True,True,True
7,3,short,2023-11-12,WLDUSDT,1.9492,2.6204,2.60061881,0.3233333333,0.3201320132,True,True,True,True,True
7,3,short,2023-11-13,AVAXUSDT,16.122,24.68,24.66977665,0.3233333333,0.3266998342,True,True,True,True,True
7,3,short,2023-11-13,RUNEUSDT,4.825,6.68,6.66560441,0.3233333333,0.3145424837,True,True,True,True,True
7,3,short,2023-11-14,AVAXUSDT,17.053,24.68,24.66977665,0.3233333333,0.3266998342,True,True,True,True,True
7,3,short,2023-11-14,RUNEUSDT,4.906,6.68,6.66560441,0.3233333333,0.3145424837,True,True,True,True,True
7,3,short,2023-11-17,WLDUSDT,1.9952,2.7239,2.7081,0.3233333333,0.3201320132,True,True,True,True,True
7,3,short,2023-11-18,WLDUSDT,2.0581,2.8807,2.87563372,0.3233333333,0.3201320132,True,True,True,True,True
7,3,short,2023-11-29,DOGEUSDT,0.08047,0.10659,0.10638,0.3233333333,0.3247226362,True,False,False,False,True
7,3,short,2023-12-01,ADAUSDT,0.3845,0.5723,0.57108773,0.3233333333,0.3250825083,True,True,True,True,True
7,3,short,2023-12-01,AVAXUSDT,21.875,30.825,30.81872029,0.3233333333,0.3266998342,True,True,True,True,True
7,3,short,2023-12-01,TIAUSDT,7.0917,11.53,11.45999001,0.3233333333,0.3185550082,True,True,True,True,True
7,3,short,2023-12-02,ADAUSDT,0.3982,0.6485,0.64670233,0.3233333333,0.3250825083,True,True,True,True,True
7,3,short,2023-12-02,AVAXUSDT,22.252,34.324,34.30749324,0.3233333333,0.3266998342,True,True,True,True,True
7,3,short,2023-12-02,GALAUSDT,0.02653,0.03515,0.03510085,0.3233333333,0.3145424837,True,False,True,True,True
7,3,short,2023-12-03,ADAUSDT,0.3952,0.6485,0.64670233,0.3233333333,0.3250825083,True,True,True,True,True
7,3,short,2023-12-03,AVAXUSDT,21.957,38.061,37.96825603,0.3233333333,0.3266998342,True,True,True,True,True
7,3,short,2023-12-03,GALAUSDT,0.02669,0.03515,0.03510085,0.3233333333,0.3145424837,False,False,True,True,True
7,3,short,2023-12-03,TIAUSDT,8.5899,11.53,11.45999001,0.3233333333,0.3185550082,True,True,True,True,True
7,3,short,2023-12-04,ADAUSDT,0.4071,0.6485,0.64670233,0.3233333333,0.3250825083,True,True,True,True,True
7,3,short,2023-12-04,AVAXUSDT,22.709,39.465,39.41850066,0.3233333333,0.3266998342,True,True,True,True,True
7,3,short,2023-12-04,TRBUSDT,79.376,109.79,108.998683,0.3233333333,0.3081300813,True,True,True,True,True
7,3,short,2023-12-05,ADAUSDT,0.4261,0.6485,0.64670233,0.3233333333,0.3250825083,True,True,True,True,True
7,3,short,2023-12-05,AVAXUSDT,24.557,42.939,42.91355066,0.3233333333,0.3266998342,True,True,True,True,True
7,3,short,2023-12-05,TRBUSDT,78.667,114.173,114.0542007,0.3233333333,0.3081300813,True,True,True,True,True
7,3,short,2023-12-06,ADAUSDT,0.4433,0.6799,0.67920448,0.3233333333,0.3250825083,True,True,True,True,True
7,3,short,2023-12-06,AVAXUSDT,26.238,42.939,42.91355066,0.3233333333,0.3266998342,True,True,True,True,True
7,3,short,2023-12-06,TIAUSDT,9.6257,13.1174,13.08324442,0.3233333333,0.3185550082,True,True,True,True,True
7,3,short,2023-12-06,TRBUSDT,73.746,128.888,128.833,0.3233333333,0.3081300813,True,True,True,True,True
7,3,short,2023-12-07,ADAUSDT,0.4558,0.6815,0.67994666,0.3233333333,0.3250825083,True,True,True,True,True
7,3,short,2023-12-07,AVAXUSDT,26.28,42.939,42.91355066,0.3233333333,0.3266998342,True,True,True,True,True
7,3,short,2023-12-07,TIAUSDT,9.5099,14.7795,14.7597111,0.3233333333,0.3185550082,True,True,True,True,True
7,3,short,2023-12-07,TRBUSDT,75.863,129.951,129.8240844,0.3233333333,0.3081300813,True,True,True,True,True
7,3,short,2023-12-08,AVAXUSDT,30.466,42.939,42.91355066,0.3233333333,0.3266998342,True,True,True,True,True
7,3,short,2023-12-08,TIAUSDT,9.2894,14.7795,14.7597111,0.3233333333,0.3185550082,True,True,True,True,True
7,3,short,2023-12-08,TRBUSDT,89.764,131.724,131.3183956,0.3233333333,0.3081300813,True,True,True,True,True
7,3,short,2023-12-09,AVAXUSDT,31.94,45.418,45.34777906,0.3233333333,0.3266998342,True,True,True,True,True
7,3,short,2023-12-09,TIAUSDT,9.3244,14.922,14.90197349,0.3233333333,0.3185550082,True,True,True,True,True
7,3,short,2023-12-09,TRBUSDT,95.017,134.7,134.0286311,0.3233333333,0.3081300813,True,True,True,True,True
7,3,short,2023-12-09,WLDUSDT,2.4892,4.6126,4.56946584,0.3233333333,0.3201320132,True,True,True,True,True
7,3,short,2023-12-10,TIAUSDT,9.8339,14.922,14.90197349,0.3233333333,0.3185550082,True,True,True,True,True
7,3,short,2023-12-10,TRBUSDT,92.736,134.7,134.0286311,0.3233333333,0.3081300813,True,True,True,True,True
7,3,short,2023-12-10,WLDUSDT,2.6913,4.79,4.7835,0.3233333333,0.3201320132,True,True,True,True,True
7,3,short,2023-12-11,TIAUSDT,10.8191,14.922,14.90197349,0.3233333333,0.3185550082,True,True,True,True,True
7,3,short,2023-12-11,WLDUSDT,2.4484,4.79,4.7835,0.3233333333,0.3201320132,True,True,True,True,True
7,3,short,2023-12-12,WLDUSDT,2.4165,4.79,4.7835,0.3233333333,0.3201320132,True,True,True,True,True
7,3,short,2023-12-13,TRBUSDT,123.895,185.8,181.197,0.3233333333,0.3081300813,True,True,True,True,True
7,3,short,2023-12-13,WLDUSDT,2.5206,4.79,4.7835,0.3233333333,0.3201320132,True,True,True,True,True
7,3,short,2023-12-14,TRBUSDT,124.883,185.8,181.197,0.3233333333,0.3081300813,True,True,True,True,True
7,3,short,2023-12-14,WLDUSDT,2.6136,4.79,4.7835,0.3233333333,0.3201320132,True,True,True,True,True
7,3,short,2023-12-15,SOLUSDT,72.552,99.733,99.529,0.3233333333,0.3266998342,True,True,True,True,True
7,3,short,2023-12-15,TRBUSDT,123.117,185.8,181.197,0.3233333333,0.3081300813,True,True,True,True,True
7,3,short,2023-12-15,WLDUSDT,2.4668,4.79,4.7835,0.3233333333,0.3201320132,True,True,True,True,True
7,3,short,2023-12-16,SOLUSDT,73.737,110.388,110.0633194,0.3233333333,0.3266998342,True,True,True,True,True
7,3,short,2023-12-16,TRBUSDT,109.816,185.8,181.197,0.3233333333,0.3081300813,True,True,True,True,True
7,3,short,2023-12-17,ARBUSDT,1.1074,1.4662,1.46488684,0.3233333333,0.3221122112,True,False,True,True,True
7,3,short,2023-12-17,SOLUSDT,70.902,118.7,118.0632302,0.3233333333,0.3266998342,True,True,True,True,True
7,3,short,2023-12-17,TRBUSDT,110.982,189,188.8397708,0.3233333333,0.3081300813,True,True,True,True,True
7,3,short,2023-12-18,ARBUSDT,1.102,1.4662,1.46488684,0.3233333333,0.3221122112,True,True,True,True,True
7,3,short,2023-12-18,SOLUSDT,74.429,126.938,126.3805354,0.3233333333,0.3266998342,True,True,True,True,True
7,3,short,2023-12-18,TRBUSDT,114.807,189.25,188.8397708,0.3233333333,0.3081300813,True,True,True,True,True
7,3,short,2023-12-19,ARBUSDT,1.0744,1.4662,1.46488684,0.3233333333,0.3221122112,True,True,True,True,True
7,3,short,2023-12-19,MATICUSDT,0.7663,1.0315,1.03097058,0.3233333333,,True,True,False,False,False
7,3,short,2023-12-19,SOLUSDT,73.04,126.938,126.3805354,0.3233333333,0.3266998342,True,True,True,True,True
7,3,short,2023-12-19,TRBUSDT,138.001,196.3,193.7364331,0.3233333333,0.3081300813,True,True,True,True,True
7,3,short,2023-12-20,ARBUSDT,1.1061,1.5449,1.5433,0.3233333333,0.3221122112,True,True,True,True,True
7,3,short,2023-12-20,GMTUSDT,0.2615,0.3458,0.34537713,0.3233333333,0.2984126984,False,False,True,True,True
7,3,short,2023-12-20,MATICUSDT,0.7764,1.0947,1.0934,0.3233333333,,True,True,False,False,False
7,3,short,2023-12-20,SOLUSDT,82.243,126.938,126.3805354,0.3233333333,0.3266998342,True,True,True,True,True
7,3,short,2023-12-20,TRBUSDT,128.863,196.3,193.8411427,0.3233333333,0.3081300813,True,True,True,True,True
7,3,short,2023-12-21,ARBUSDT,1.1596,1.6713,1.67042177,0.3233333333,0.3221122112,True,True,True,True,True
7,3,short,2023-12-21,MATICUSDT,0.8171,1.0947,1.0934,0.3233333333,,True,True,False,False,False
7,3,short,2023-12-21,SOLUSDT,93.927,126.938,126.3805354,0.3233333333,0.3266998342,True,True,True,True,True
7,3,short,2023-12-21,TRBUSDT,159.962,217.8,217.44,0.3233333333,0.3081300813,True,True,True,True,True
7,3,short,2023-12-22,TRBUSDT,169.934,249.2,246.867,0.3233333333,0.3081300813,True,True,True,True,True
7,3,short,2023-12-23,TRBUSDT,172.254,260.8,260.599,0.3233333333,0.3081300813,True,True,True,True,True
7,3,short,2023-12-24,TRBUSDT,181.77,555,571.9942833,0.3233333333,0.3081300813,True,True,True,True,True
7,3,short,2023-12-25,TRBUSDT,182.248,555,571.9942833,0.3233333333,0.3081300813,True,True,True,True,True
7,3,short,2023-12-26,ARBUSDT,1.3276,1.8433,1.84188423,0.3233333333,0.3221122112,True,True,True,True,True
7,3,short,2023-12-26,TRBUSDT,186.392,555,571.9942833,0.3233333333,0.3081300813,True,True,True,True,True
7,3,short,2023-12-27,ARBUSDT,1.5063,2.0918,2.08941759,0.3233333333,0.3221122112,True,True,True,True,True
7,3,short,2023-12-27,TRBUSDT,187.398,555,571.9942833,0.3233333333,0.3081300813,True,True,True,True,True
7,3,short,2023-12-28,ARBUSDT,1.4694,2.12,2.11774789,0.3233333333,0.3221122112,True,True,True,True,True
7,3,short,2023-12-28,TIAUSDT,11.8417,16.794,16.732,0.3233333333,0.3185550082,True,True,True,True,True
7,3,short,2023-12-28,TRBUSDT,216.006,555,571.9942833,0.3233333333,0.3081300813,True,True,True,True,True
7,3,short,2023-12-29,ARBUSDT,1.5107,2.12,2.11774789,0.3233333333,0.3221122112,True,True,True,True,True
7,3,short,2023-12-29,TIAUSDT,12.3826,17.2999,17.2644343,0.3233333333,0.3185550082,True,True,True,True,True
7,3,short,2023-12-29,TRBUSDT,242.008,555,571.9942833,0.3233333333,0.3081300813,True,True,True,True,True
7,3,short,2023-12-30,ARBUSDT,1.4814,2.12,2.11774789,0.3233333333,0.3221122112,True,True,True,True,True
7,3,short,2023-12-30,TIAUSDT,11.9057,17.2999,17.2644343,0.3233333333,0.3185550082,True,True,True,True,True
7,3,short,2023-12-30,TRBUSDT,259.89,555,571.9942833,0.3233333333,0.3081300813,True,True,True,True,True
7,3,short,2023-12-31,ARBUSDT,1.5626,2.12,2.11774789,0.3233333333,0.3221122112,True,True,True,True,True
7,3,short,2023-12-31,TIAUSDT,11.8893,17.2999,17.2644343,0.3233333333,0.3185550082,True,True,True,True,True
7,3,short,2024-01-02,TIAUSDT,12.7952,17.2999,17.2644343,0.3233333333,0.3185550082,True,True,True,True,True
7,3,short,2024-01-03,1000BONKUSDT,0.011634,0.017969,0.01795193,0.3233333333,0.3201320132,True,True,True,True,True
7,3,short,2024-01-03,INJUSDT,34.181,45.293,45.22952398,0.3233333333,0.3185550082,True,False,True,True,True
7,3,short,2024-01-03,TIAUSDT,12.1895,17.2999,17.2644343,0.3233333333,0.3185550082,True,True,True,True,True
7,3,short,2024-01-04,1000BONKUSDT,0.011943,0.017969,0.01795193,0.3233333333,0.3201320132,True,True,True,True,True
7,3,short,2024-01-05,1000BONKUSDT,0.01117,0.017969,0.01795193,0.3233333333,0.3201320132,True,True,True,True,True
7,3,short,2024-01-05,BIGTIMEUSDT,0.3645,0.4895,0.488782,0.3233333333,0.2984126984,True,True,True,True,True
7,3,short,2024-01-06,1000BONKUSDT,0.010751,0.017969,0.01795193,0.3233333333,0.3201320132,True,True,True,True,True
7,3,short,2024-01-06,ARBUSDT,1.7516,2.4074,2.40519255,0.3233333333,0.3221122112,True,True,True,True,True
7,3,short,2024-01-06,BIGTIMEUSDT,0.3537,0.4895,0.488782,0.3233333333,0.2984126984,True,True,True,True,True
7,3,short,2024-01-06,OPUSDT,3.226,4.2861,4.2811,0.3233333333,0.3240924092,True,True,True,True,True
7,3,short,2024-01-07,1000BONKUSDT,0.010307,0.017969,0.01795193,0.3233333333,0.3201320132,True,True,True,True,True
7,3,short,2024-01-07,ARBUSDT,1.7209,2.4074,2.40519255,0.3233333333,0.3221122112,True,True,True,True,True
7,3,short,2024-01-07,BAKEUSDT,0.3445,0.4432,0.44282995,0.3233333333,0.2698412698,False,False,True,True,True
7,3,short,2024-01-07,BIGTIMEUSDT,0.3292,0.4895,0.488782,0.3233333333,0.2984126984,True,True,True,True,True
7,3,short,2024-01-07,OPUSDT,3.1696,4.2861,4.2811,0.3233333333,0.3240924092,True,True,True,True,True
7,3,short,2024-01-07,TIAUSDT,14.3134,19.8706,19.8539,0.3233333333,0.3185550082,True,True,True,True,True
7,3,short,2024-01-08,1000BONKUSDT,0.012125,0.017969,0.01795193,0.3233333333,0.3201320132,True,True,True,True,True
7,3,short,2024-01-08,TIAUSDT,14.2088,20.3764,20.32410781,0.3233333333,0.3185550082,True,True,True,True,True
7,3,short,2024-01-09,BAKEUSDT,0.3265,0.4432,0.44282995,0.3233333333,0.2698412698,True,True,True,True,True
7,3,short,2024-01-09,TIAUSDT,14.9304,20.3764,20.32410781,0.3233333333,0.3185550082,True,True,True,True,True
7,3,short,2024-01-10,TRBUSDT,123.841,167,166.4156164,0.3233333333,0.3081300813,True,True,True,True,True
7,3,short,2024-01-11,TRBUSDT,124.509,167,166.4156164,0.3233333333,0.3081300813,True,True,True,True,True
7,3,short,2024-01-12,TRBUSDT,119.99,167,166.4156164,0.3233333333,0.3081300813,True,True,True,True,True
7,3,short,2024-01-13,TRBUSDT,121.345,167,166.4156164,0.3233333333,0.3081300813,True,True,True,True,True
7,3,short,2024-01-14,TRBUSDT,116.212,167,166.4156164,0.3233333333,0.3081300813,True,True,True,True,True
7,3,short,2024-01-15,TRBUSDT,120.612,167,166.4156164,0.3233333333,0.3081300813,True,True,True,True,True
7,3,short,2024-01-16,TRBUSDT,126.886,167,166.4156164,0.3233333333,0.3081300813,False,False,True,True,True
7,3,short,2024-01-26,LINKUSDT,14.184,18.887,18.86337307,0.3233333333,0.3250825083,True,True,True,True,True
7,3,short,2024-02-05,ORDIUSDT,54.463,72.494,72.40963286,0.3233333333,0.3145424837,True,True,True,True,True
7,3,short,2024-02-06,ORDIUSDT,54.273,72.494,72.40963286,0.3233333333,0.3145424837,True,True,True,True,True
7,3,short,2024-02-07,SEIUSDT,0.6243,0.8932,0.8911,0.3233333333,0.3173234811,True,True,True,True,True
7,3,short,2024-02-08,SEIUSDT,0.6374,0.9947,0.99380088,0.3233333333,0.3173234811,True,True,True,True,True
7,3,short,2024-02-09,SEIUSDT,0.7021,1.0317,1.03063433,0.3233333333,0.3173234811,True,True,True,True,True
7,3,short,2024-02-10,SEIUSDT,0.6869,1.0317,1.03063433,0.3233333333,0.3173234811,True,True,True,True,True
7,3,short,2024-02-11,SEIUSDT,0.6782,1.0386,1.03776705,0.3233333333,0.3173234811,True,True,True,True,True
7,3,short,2024-02-12,FILUSDT,5.456,7.816,7.80653589,0.3233333333,0.3253810471,True,True,True,True,True
7,3,short,2024-02-12,SEIUSDT,0.7569,1.0386,1.03776705,0.3233333333,0.3173234811,True,True,True,True,True
7,3,short,2024-02-13,FILUSDT,5.493,8.016,8.00299946,0.3233333333,0.3253810471,True,True,True,True,True
7,3,short,2024-02-13,SEIUSDT,0.7557,1.0386,1.03776705,0.3233333333,0.3173234811,True,True,True,True,True
7,3,short,2024-02-14,FILUSDT,5.597,8.016,8.00299946,0.3233333333,0.3253810471,True,True,True,True,True
7,3,short,2024-02-15,FILUSDT,5.874,8.487,8.485,0.3233333333,0.3253810471,True,True,True,True,True
7,3,short,2024-02-16,FILUSDT,5.794,8.586,8.572,0.3233333333,0.3253810471,True,True,True,True,True
7,3,short,2024-02-17,FILUSDT,6.217,8.586,8.572,0.3233333333,0.3253810471,True,True,True,True,True
7,3,short,2024-02-18,FILUSDT,6.284,8.633,8.626,0.3233333333,0.3253810471,True,True,True,True,True
7,3,short,2024-02-21,DOGEUSDT,0.08462,0.12369,0.12318986,0.3233333333,0.3247226362,True,True,True,True,True
7,3,short,2024-02-22,DOGEUSDT,0.08417,0.13523,0.13505813,0.3233333333,0.3247226362,True,True,True,True,True
7,3,short,2024-02-22,PEOPLEUSDT,0.02881,0.05529,0.05519461,0.3233333333,0.2984126984,True,True,True,True,True
7,3,short,2024-02-22,SOLUSDT,101.805,134.835,134.7274768,0.3233333333,0.3266998342,True,True,False,False,True
7,3,short,2024-02-23,DOGEUSDT,0.08457,0.1458,0.14556548,0.3233333333,0.3247226362,True,True,True,True,True
7,3,short,2024-02-23,ORDIUSDT,59.354,83.128,82.98156589,0.3233333333,0.3145424837,True,True,True,True,True
7,3,short,2024-02-23,SOLUSDT,99.973,137.996,137.9397557,0.3233333333,0.3266998342,True,True,True,True,True
7,3,short,2024-02-24,DOGEUSDT,0.08622,0.15147,0.15100633,0.3233333333,0.3247226362,True,True,True,True,True
7,3,short,2024-02-24,ORDIUSDT,64.017,87.594,87.47994055,0.3233333333,0.3145424837,True,True,True,True,True
7,3,short,2024-02-24,SOLUSDT,104.114,137.996,137.9397557,0.3233333333,0.3266998342,True,True,False,False,True
7,3,short,2024-02-25,DOGEUSDT,0.08618,0.15655,0.15638989,0.3233333333,0.3247226362,True,True,True,True,True
7,3,short,2024-02-25,FILUSDT,8.125,10.9,10.89324852,0.3233333333,0.3253810471,True,True,True,True,True
7,3,short,2024-02-25,ORDIUSDT,66.292,87.594,87.47994055,0.3233333333,0.3145424837,False,False,True,True,True
7,3,short,2024-02-25,SOLUSDT,103.569,137.996,137.9397557,0.3233333333,0.3266998342,True,True,True,True,True
7,3,short,2024-02-26,DOGEUSDT,0.08933,0.18586,0.18527498,0.3233333333,0.3247226362,True,True,True,True,True
7,3,short,2024-02-26,FILUSDT,8.149,10.9,10.89324852,0.3233333333,0.3253810471,True,True,True,True,True
7,3,short,2024-02-26,ORDIUSDT,67.652,89.736,89.64144066,0.3233333333,0.3145424837,True,True,True,True,True
7,3,short,2024-02-27,DOGEUSDT,0.09768,0.20711,0.20694164,0.3233333333,0.3247226362,True,True,True,True,True
7,3,short,2024-02-27,FILUSDT,7.672,10.9,10.89324852,0.3233333333,0.3253810471,True,True,True,True,True
7,3,short,2024-02-27,ORDIUSDT,67.67,96.953,96.58067938,0.3233333333,0.3145424837,True,True,True,True,True
7,3,short,2024-02-28,DOGEUSDT,0.11596,0.20711,0.20694164,0.3233333333,0.3247226362,True,True,True,True,True
7,3,short,2024-02-28,FILUSDT,7.717,10.9,10.89324852,0.3233333333,0.3253810471,True,True,True,True,True
7,3,short,2024-02-29,DOGEUSDT,0.11743,0.20711,0.20694164,0.3233333333,0.3247226362,True,True,True,True,True
7,3,short,2024-02-29,FILUSDT,8.155,10.9,10.89324852,0.3233333333,0.3253810471,True,True,True,True,True
7,3,short,2024-02-29,ORDIUSDT,70.979,96.953,96.58067938,0.3233333333,0.3145424837,True,True,True,True,True
7,3,short,2024-03-01,1000PEPEUSDT,0.0039945,0.0095621,0.00953553,0.3233333333,0.3247226362,True,True,True,True,True
7,3,short,2024-03-01,CKBUSDT,0.015568,0.02246,0.022422,0.3233333333,0.3081300813,True,True,True,True,True
7,3,short,2024-03-01,DOGEUSDT,0.13953,0.20711,0.20694164,0.3233333333,0.3247226362,True,True,True,True,True
7,3,short,2024-03-01,FILUSDT,8.208,11.824,11.812,0.3233333333,0.3253810471,True,True,True,True,True
7,3,short,2024-03-01,UNIUSDT,11.577,17.065,17.01219059,0.3233333333,0.3240924092,True,True,True,True,True
7,3,short,2024-03-02,1000PEPEUSDT,0.0043776,0.009955,0.00994474,0.3233333333,0.3247226362,True,True,True,True,True
7,3,short,2024-03-02,CKBUSDT,0.01553,0.02393,0.023912,0.3233333333,0.3081300813,True,True,True,True,True
7,3,short,2024-03-02,DOGEUSDT,0.14219,0.20711,0.20694164,0.3233333333,0.3247226362,True,True,True,True,True
7,3,short,2024-03-02,UNIUSDT,12.628,17.065,17.01219059,0.3233333333,0.3240924092,True,True,True,True,True
7,3,short,2024-03-02,WLDUSDT,7.6777,11.915,11.83581714,0.3233333333,0.3201320132,True,True,True,True,True
7,3,short,2024-03-03,1000PEPEUSDT,0.0059277,0.009955,0.00994474,0.3233333333,0.3247226362,True,True,True,True,True
7,3,short,2024-03-03,CKBUSDT,0.015206,0.024467,0.024435,0.3233333333,0.3081300813,True,True,True,True,True
7,3,short,2024-03-03,DOGEUSDT,0.15365,0.20711,0.20694164,0.3233333333,0.3247226362,True,True,True,True,True
7,3,short,2024-03-03,UNIUSDT,12.648,17.065,17.01219059,0.3233333333,0.3240924092,True,True,True,True,True
7,3,short,2024-03-03,WLDUSDT,7.9223,11.99,11.96947991,0.3233333333,0.3201320132,True,True,True,True,True
7,3,short,2024-03-04,1000PEPEUSDT,0.0070265,0.009955,0.00994474,0.3233333333,0.3247226362,True,True,True,True,True
7,3,short,2024-03-04,UNIUSDT,12.372,17.065,17.01219059,0.3233333333,0.3240924092,True,True,True,True,True
7,3,short,2024-03-04,WLDUSDT,7.3784,11.99,11.96947991,0.3233333333,0.3201320132,True,True,True,True,True
7,3,short,2024-03-05,1000PEPEUSDT,0.0063028,0.009955,0.00994474,0.3233333333,0.3247226362,True,True,True,True,True
7,3,short,2024-03-05,AVAXUSDT,39.437,57.434,57.41,0.3233333333,0.3266998342,True,True,True,True,True
7,3,short,2024-03-05,BNBUSDT,394.19,548.87,548.1151006,0.3233333333,0.3263750828,True,True,True,True,True
7,3,short,2024-03-05,CKBUSDT,0.017947,0.025591,0.02553083,0.3233333333,0.3081300813,True,True,True,True,True
7,3,short,2024-03-05,FILUSDT,8.885,11.88,11.8640375,0.3233333333,0.3253810471,True,True,True,True,True
7,3,short,2024-03-05,SEIUSDT,0.7215,0.9782,0.97745653,0.3233333333,0.3173234811,True,True,True,True,True
7,3,short,2024-03-05,WLDUSDT,6.4308,11.99,11.96947991,0.3233333333,0.3201320132,True,True,True,True,True
7,3,short,2024-03-06,1000PEPEUSDT,0.0072109,0.009955,0.00994474,0.3233333333,0.3247226362,True,True,True,True,True
7,3,short,2024-03-06,AVAXUSDT,41.598,57.434,57.41,0.3233333333,0.3266998342,True,True,True,True,True
7,3,short,2024-03-06,BNBUSDT,429.64,634.68,633.910948,0.3233333333,0.3263750828,True,True,True,True,True
7,3,short,2024-03-06,CKBUSDT,0.019108,0.025591,0.02553083,0.3233333333,0.3081300813,True,True,True,True,True
7,3,short,2024-03-06,WLDUSDT,7.3266,11.99,11.96947991,0.3233333333,0.3201320132,True,True,True,True,True
7,3,short,2024-03-07,1000PEPEUSDT,0.006815,0.010888,0.01082974,0.3233333333,0.3247226362,True,True,True,True,True
7,3,short,2024-03-07,AVAXUSDT,43.26,59.369,59.32261078,0.3233333333,0.3266998342,True,True,True,True,True
7,3,short,2024-03-07,BNBUSDT,474.55,634.68,633.910948,0.3233333333,0.3263750828,True,True,True,True,True
7,3,short,2024-03-07,WLDUSDT,7.1858,11.99,11.96947991,0.3233333333,0.3201320132,True,True,True,True,True
7,3,short,2024-03-08,AVAXUSDT,42.666,59.369,59.32261078,0.3233333333,0.3266998342,True,True,True,True,True
7,3,short,2024-03-08,WLDUSDT,7.5386,11.99,11.96947991,0.3233333333,0.3201320132,True,True,True,True,True
7,3,short,2024-03-09,AVAXUSDT,42.973,61.515,61.47537555,0.3233333333,0.3266998342,True,True,True,True,True
7,3,short,2024-03-09,BNBUSDT,488.05,646.09,644.9331197,0.3233333333,0.3263750828,True,False,False,False,True
7,3,short,2024-03-09,SOLUSDT,144.424,198.269,198.072,0.3233333333,0.3266998342,True,True,True,True,True
7,3,short,2024-03-10,AVAXUSDT,42.084,61.515,61.47537555,0.3233333333,0.3266998342,True,True,True,True,True
7,3,short,2024-03-10,SEIUSDT,0.8679,1.147,1.14582814,0.3233333333,0.3173234811,False,False,True,True,True
7,3,short,2024-03-10,SOLUSDT,144.497,205,204.7776196,0.3233333333,0.3266998342,True,True,True,True,True
7,3,short,2024-03-11,AVAXUSDT,49.194,65.48,65.43367864,0.3233333333,0.3266998342,True,True,True,True,True
7,3,short,2024-03-11,SOLUSDT,149.062,210.425,210.1770009,0.3233333333,0.3266998342,True,True,True,True,True
7,3,short,2024-03-12,SOLUSDT,151.201,210.425,210.1770009,0.3233333333,0.3266998342,True,True,True,True,True
7,3,short,2024-03-14,SEIUSDT,0.8659,1.147,1.14582814,0.3233333333,0.3173234811,True,False,True,True,True
7,3,short,2024-03-16,CKBUSDT,0.017265,0.023,0.02297548,0.3233333333,0.3081300813,True,True,True,True,True
7,3,short,2024-03-18,CKBUSDT,0.017308,0.024075,0.024071,0.3233333333,0.3081300813,True,True,True,True,True
7,3,short,2024-03-19,1000PEPEUSDT,0.0066026,0.0087674,0.0087558,0.3233333333,0.3247226362,True,True,True,True,True
7,3,short,2024-03-19,CKBUSDT,0.017696,0.024075,0.024071,0.3233333333,0.3081300813,True,True,True,True,True
7,3,short,2024-03-19,DOGEUSDT,0.12887,0.1875,0.18717305,0.3233333333,0.3247226362,True,True,True,True,True
7,3,short,2024-03-21,DOGEUSDT,0.15549,0.2293,0.22883465,0.3233333333,0.3247226362,True,True,True,True,True
7,3,short,2024-03-22,DOGEUSDT,0.15304,0.2293,0.22883465,0.3233333333,0.3247226362,True,True,True,True,True
7,3,short,2024-03-23,DOGEUSDT,0.16202,0.2293,0.22883465,0.3233333333,0.3247226362,True,True,True,True,True
7,3,short,2024-03-23,SUIUSDT,1.6454,2.185,2.1831,0.3233333333,0.3201320132,True,True,True,True,True
7,3,short,2024-04-02,ORDIUSDT,58.12,79.52,79.47337132,0.3233333333,0.3145424837,True,True,True,True,True
7,3,short,2024-04-03,ORDIUSDT,57.64,79.52,79.47337132,0.3233333333,0.3145424837,True,True,True,True,True
7,3,short,2024-04-05,ORDIUSDT,60.341,79.52,79.47337132,0.3233333333,0.3145424837,False,False,True,True,True
7,3,short,2024-04-05,WIFUSDT,3.2215,4.3499,4.34346394,0.3233333333,0.3145424837,True,True,True,True,True
7,3,short,2024-04-13,WIFUSDT,2.3276,3.1419,3.13793588,0.3233333333,0.3145424837,True,True,True,True,True
7,3,short,2024-04-15,1000PEPEUSDT,0.0050914,0.0069841,0.0069788,0.3233333333,0.3247226362,True,True,True,True,True
7,3,short,2024-04-15,NEARUSDT,5.217,7.246,7.245,0.3233333333,0.3201320132,True,True,True,True,True
7,3,short,2024-04-16,1000FLOKIUSDT,0.14184,0.2044,0.20426,0.3233333333,0.3145424837,True,True,True,True,True
7,3,short,2024-04-16,1000PEPEUSDT,0.0054015,0.0078658,0.0078594,0.3233333333,0.3247226362,True,True,True,True,True
7,3,short,2024-04-16,NEARUSDT,5.49,7.278,7.26739128,0.3233333333,0.3201320132,True,True,True,True,True
7,3,short,2024-04-17,1000FLOKIUSDT,0.13324,0.20592,0.20594015,0.3233333333,0.3145424837,True,True,True,True,True
7,3,short,2024-04-17,1000PEPEUSDT,0.0049111,0.0081888,0.00818168,0.3233333333,0.3247226362,True,True,True,True,True
7,3,short,2024-04-17,NEARUSDT,5.405,7.333,7.32936457,0.3233333333,0.3201320132,True,True,True,True,True
7,3,short,2024-04-17,WIFUSDT,2.4211,3.5598,3.55857318,0.3233333333,0.3145424837,True,True,True,True,True
7,3,short,2024-04-18,1000FLOKIUSDT,0.13825,0.20592,0.20594015,0.3233333333,0.3145424837,True,True,True,True,True
7,3,short,2024-04-18,1000PEPEUSDT,0.00508,0.0081888,0.00818168,0.3233333333,0.3247226362,True,True,True,True,True
7,3,short,2024-04-18,WIFUSDT,2.5667,3.5598,3.55857318,0.3233333333,0.3145424837,True,True,True,True,True
7,3,short,2024-04-19,1000FLOKIUSDT,0.13886,0.20592,0.20594015,0.3233333333,0.3145424837,True,True,True,True,True
7,3,short,2024-04-19,1000PEPEUSDT,0.0051359,0.0081888,0.00818168,0.3233333333,0.3247226362,True,True,True,True,True
7,3,short,2024-04-19,NEARUSDT,5.583,7.53,7.528,0.3233333333,0.3201320132,True,True,True,True,True
7,3,short,2024-04-20,1000PEPEUSDT,0.005802,0.0081888,0.00818168,0.3233333333,0.3247226362,True,True,True,True,True
7,3,short,2024-04-21,1000PEPEUSDT,0.0059511,0.0081888,0.00818168,0.3233333333,0.3247226362,True,True,True,True,True
7,3,short,2024-04-28,WIFUSDT,2.65,3.4998,3.49653052,0.3233333333,0.3145424837,False,False,True,True,True
7,3,short,2024-04-29,WIFUSDT,2.77,3.68,3.67781708,0.3233333333,0.3145424837,True,True,True,True,True
7,3,short,2024-04-29,WLDUSDT,4.7315,6.5383,6.53285021,0.3233333333,0.3201320132,True,True,True,True,True
7,3,short,2024-04-30,1000PEPEUSDT,0.0066672,0.0091856,0.00918229,0.3233333333,0.3247226362,True,True,True,True,True
7,3,short,2024-04-30,NEARUSDT,6.186,8.244,7.86969906,0.3233333333,0.3201320132,True,False,True,False,True
7,3,short,2024-04-30,WIFUSDT,2.5017,3.68,3.67781708,0.3233333333,0.3145424837,True,True,True,True,True
7,3,short,2024-04-30,WLDUSDT,4.5371,6.5383,6.53285021,0.3233333333,0.3201320132,True,True,True,True,True
7,3,short,2024-05-01,BOMEUSDT,0.009165,0.012785,0.01277201,0.3233333333,0.2984126984,True,True,True,True,True
7,3,short,2024-05-01,NEARUSDT,6.136,8.244,7.86969906,0.3233333333,0.3201320132,True,False,True,False,True
7,3,short,2024-05-01,WIFUSDT,2.6114,3.68,3.67781708,0.3233333333,0.3145424837,True,True,True,True,True
7,3,short,2024-05-01,WLDUSDT,4.6481,6.5383,6.53285021,0.3233333333,0.3201320132,True,True,True,True,True
7,3,short,2024-05-02,BOMEUSDT,0.00939,0.012785,0.01277201,0.3233333333,0.2984126984,True,True,True,True,True
7,3,short,2024-05-02,NEARUSDT,6.081,8.244,7.86969906,0.3233333333,0.3201320132,True,False,True,False,True
7,3,short,2024-05-02,WIFUSDT,2.7303,3.68,3.67781708,0.3233333333,0.3145424837,True,True,True,True,True
7,3,short,2024-05-02,WLDUSDT,4.6023,6.5383,6.53285021,0.3233333333,0.3201320132,True,True,True,True,True
7,3,short,2024-05-06,1000PEPEUSDT,0.0083491,0.01131,0.01109485,0.3233333333,0.3247226362,True,True,True,True,True
7,3,short,2024-05-07,1000PEPEUSDT,0.0079026,0.0114949,0.01141871,0.3233333333,0.3247226362,True,True,True,True,True
7,3,short,2024-05-08,1000PEPEUSDT,0.0079604,0.0115999,0.01159223,0.3233333333,0.3247226362,True,True,True,True,True
7,3,short,2024-05-09,1000PEPEUSDT,0.0085376,0.0115999,0.01159223,0.3233333333,0.3247226362,True,True,True,True,True
7,3,short,2024-05-10,1000PEPEUSDT,0.0084032,0.0115999,0.01159223,0.3233333333,0.3247226362,True,True,True,True,True
7,3,short,2024-05-11,1000PEPEUSDT,0.0085075,0.0115999,0.01159223,0.3233333333,0.3247226362,True,True,True,True,True
7,3,short,2024-05-12,1000PEPEUSDT,0.0087449,0.0115999,0.01159223,0.3233333333,0.3247226362,True,True,True,True,True
7,3,short,2024-05-14,1000PEPEUSDT,0.0105653,0.014298,0.01408723,0.3233333333,0.3247226362,True,True,True,True,True
7,3,short,2024-05-14,BOMEUSDT,0.010152,0.013315,0.013293,0.3233333333,0.2984126984,False,False,True,True,True
7,3,short,2024-05-14,ETHFIUSDT,3.299,4.353,4.352462,0.3233333333,0.3145424837,False,False,True,True,True
7,3,short,2024-05-14,ETHUSDT,2880.87,3849.26,3843.163909,0.3233333333,0.3280212483,True,True,True,True,True
7,3,short,2024-05-14,SOLUSDT,141.963,188.955,188.88,0.3233333333,0.3266998342,True,True,True,True,True
7,3,short,2024-05-15,1000PEPEUSDT,0.010501,0.0143491,0.01429681,0.3233333333,0.3247226362,True,True,True,True,True
7,3,short,2024-05-16,1000PEPEUSDT,0.0100336,0.01582,0.01576213,0.3233333333,0.3247226362,True,True,True,True,True
7,3,short,2024-05-16,ETHFIUSDT,3.23,5.176,5.1712012,0.3233333333,0.3145424837,True,True,True,True,True
7,3,short,2024-05-16,ETHUSDT,2943.22,3952.89,3949.249705,0.3233333333,0.3280212483,True,True,True,True,True
7,3,short,2024-05-17,1000PEPEUSDT,0.010165,0.01582,0.01576213,0.3233333333,0.3247226362,True,True,True,True,True
7,3,short,2024-05-17,ETHFIUSDT,3.458,5.176,5.1712012,0.3233333333,0.3145424837,True,True,True,True,True
7,3,short,2024-05-18,1000PEPEUSDT,0.0095332,0.015888,0.01585885,0.3233333333,0.3247226362,True,True,True,True,True
7,3,short,2024-05-18,ETHFIUSDT,3.418,5.344,5.342,0.3233333333,0.3145424837,True,True,True,True,True
7,3,short,2024-05-19,1000PEPEUSDT,0.0091465,0.0164371,0.01638257,0.3233333333,0.3247226362,True,True,True,True,True
7,3,short,2024-05-19,ETHFIUSDT,3.26,5.39,5.386,0.3233333333,0.3145424837,True,True,True,True,True
7,3,short,2024-05-20,1000PEPEUSDT,0.0114217,0.0172768,0.0172404,0.3233333333,0.3247226362,True,True,True,True,True
7,3,short,2024-05-20,ETHFIUSDT,4.019,5.398,5.39593186,0.3233333333,0.3145424837,True,True,True,True,True
7,3,short,2024-05-21,WIFUSDT,2.7533,3.85,3.84583583,0.3233333333,0.3145424837,True,True,True,True,True
7,3,short,2024-05-22,ETHFIUSDT,4.029,5.398,5.39593186,0.3233333333,0.3145424837,True,True,True,True,True
7,3,short,2024-05-22,WIFUSDT,3.0357,4.0817,4.0802,0.3233333333,0.3145424837,True,True,True,True,True
7,3,short,2024-05-23,ORDIUSDT,37.876,49.8,49.60474413,0.3233333333,0.3145424837,False,False,True,False,True
7,3,short,2024-05-23,WIFUSDT,2.9259,4.0817,4.0802,0.3233333333,0.3145424837,True,True,True,True,True
7,3,short,2024-05-24,ORDIUSDT,37.647,51.8,51.765,0.3233333333,0.3145424837,True,True,True,True,True
7,3,short,2024-05-24,WIFUSDT,2.87,4.0817,4.0802,0.3233333333,0.3145424837,True,True,True,True,True
7,3,short,2024-05-25,ORDIUSDT,38.387,51.8,51.765,0.3233333333,0.3145424837,True,True,True,True,True
7,3,short,2024-05-25,WIFUSDT,3.0933,4.0817,4.0802,0.3233333333,0.3145424837,False,False,True,True,True
7,3,short,2024-05-26,WIFUSDT,2.9528,4.0817,4.0802,0.3233333333,0.3145424837,True,True,True,True,True
7,3,short,2024-05-28,ORDIUSDT,40.986,56.774,56.698,0.3233333333,0.3145424837,True,True,True,True,True
7,3,short,2024-05-29,ORDIUSDT,40.766,58.888,58.7540587,0.3233333333,0.3145424837,True,True,True,True,True
7,3,short,2024-05-31,ORDIUSDT,47.128,65.616,65.538,0.3233333333,0.3145424837,True,True,True,True,True
7,3,short,2024-06-01,1000FLOKIUSDT,0.25272,0.34929,0.34897326,0.3233333333,0.3145424837,True,True,True,True,True
7,3,short,2024-06-01,ORDIUSDT,47.16,65.616,65.538,0.3233333333,0.3145424837,True,True,True,True,True
7,3,short,2024-06-01,PEOPLEUSDT,0.11024,0.14416,0.1392174,0.3233333333,0.2984126984,False,False,True,False,True
7,3,short,2024-06-02,1000FLOKIUSDT,0.24392,0.34929,0.34897326,0.3233333333,0.3145424837,True,True,True,True,True
7,3,short,2024-06-02,ORDIUSDT,45.01,65.616,65.538,0.3233333333,0.3145424837,True,True,True,True,True
7,3,short,2024-06-03,ORDIUSDT,47.879,65.616,65.538,0.3233333333,0.3145424837,True,True,True,True,True
7,3,short,2024-06-03,PEOPLEUSDT,0.10709,0.144,0.14383,0.3233333333,0.2984126984,True,True,True,True,True
7,3,short,2024-06-04,PEOPLEUSDT,0.10504,0.144,0.14383,0.3233333333,0.2984126984,True,True,True,True,True
7,3,short,2024-06-07,PEOPLEUSDT,0.10907,0.144,0.14383,0.3233333333,0.2984126984,False,False,True,True,True
7,3,short,2024-06-18,TRBUSDT,85.3,122,121.0375244,0.3233333333,0.3081300813,True,True,True,True,True
7,3,short,2024-06-19,TRBUSDT,86.959,122,121.0375244,0.3233333333,0.3081300813,True,True,True,True,True
7,3,short,2024-06-20,TRBUSDT,93.146,122,121.0375244,0.3233333333,0.3081300813,False,False,True,False,True
7,3,short,2024-06-23,BOMEUSDT,0.008376,0.010911,0.01089914,0.3233333333,0.2984126984,False,False,True,True,True
7,3,short,2024-06-23,WIFUSDT,1.5852,2.2599,2.2583,0.3233333333,0.3145424837,True,True,True,True,True
7,3,short,2024-07-02,NOTUSDT,0.013499,0.017644,0.01758148,0.3233333333,0.2984126984,False,False,True,True,True
7,3,short,2024-07-03,NOTUSDT,0.012928,0.017644,0.01758148,0.3233333333,0.2984126984,True,True,True,True,True
7,3,short,2024-07-04,NOTUSDT,0.011193,0.017644,0.01758148,0.3233333333,0.2984126984,True,True,True,True,True
7,3,short,2024-07-05,BBUSDT,0.3167,0.455,0.4548,0.3233333333,0.3081300813,True,True,True,True,True
7,3,short,2024-07-05,HIGHUSDT,1.2818,1.612,1.61027457,0.3233333333,0.2575757576,False,False,True,False,True
7,3,short,2024-07-05,NOTUSDT,0.010166,0.017644,0.01758148,0.3233333333,0.2984126984,True,True,True,True,True
7,3,short,2024-07-05,PEOPLEUSDT,0.04683,0.06425,0.06424,0.3233333333,0.2984126984,True,True,True,True,True
7,3,short,2024-07-06,NOTUSDT,0.013072,0.017644,0.01758148,0.3233333333,0.2984126984,True,True,True,True,True
7,3,short,2024-07-07,PEOPLEUSDT,0.05143,0.07165,0.07142242,0.3233333333,0.2984126984,True,True,True,True,True
7,3,short,2024-07-07,XRPUSDT,0.4194,0.5658,0.5656,0.3233333333,0.3266998342,True,True,True,True,True
7,3,short,2024-07-08,1000RATSUSDT,0.08084,0.11578,0.11552983,0.3233333333,0.296031746,True,True,True,True,True
7,3,short,2024-07-08,JASMYUSDT,0.022507,0.031764,0.031764,0.3233333333,0.3145424837,True,True,True,True,True
7,3,short,2024-07-08,PEOPLEUSDT,0.05548,0.07799,0.07780117,0.3233333333,0.2984126984,True,True,True,True,True
7,3,short,2024-07-09,1000FLOKIUSDT,0.144,0.19777,0.19775,0.3233333333,0.3145424837,True,True,True,True,True
7,3,short,2024-07-09,1000PEPEUSDT,0.0090815,0.0132225,0.01265715,0.3233333333,0.3247226362,True,True,True,True,True
7,3,short,2024-07-09,1000RATSUSDT,0.08074,0.11696,0.11664,0.3233333333,0.296031746,True,True,True,True,True
7,3,short,2024-07-09,JASMYUSDT,0.023485,0.03183,0.031801,0.3233333333,0.3145424837,True,True,True,True,True
7,3,short,2024-07-09,PEOPLEUSDT,0.05745,0.08277,0.08276912,0.3233333333,0.2984126984,True,True,True,True,True
7,3,short,2024-07-09,WIFUSDT,1.7027,2.3038,2.2991,0.3233333333,0.3145424837,True,True,True,True,True
7,3,short,2024-07-09,WLDUSDT,1.9226,2.8734,2.8728,0.3233333333,0.3201320132,True,True,True,True,True
7,3,short,2024-07-09,XRPUSDT,0.4355,0.5946,0.59409455,0.3233333333,0.3266998342,True,True,True,True,True
7,3,short,2024-07-10,1000FLOKIUSDT,0.14911,0.19777,0.19775,0.3233333333,0.3145424837,True,True,True,True,True
7,3,short,2024-07-10,1000PEPEUSDT,0.0091949,0.0132225,0.01288936,0.3233333333,0.3247226362,True,True,True,True,True
7,3,short,2024-07-10,PEOPLEUSDT,0.06325,0.08541,0.08539194,0.3233333333,0.2984126984,True,True,True,True,True
7,3,short,2024-07-10,WIFUSDT,1.6467,2.3038,2.2991,0.3233333333,0.3145424837,True,True,True,True,True
7,3,short,2024-07-10,WLDUSDT,1.951,3.2539,3.2452,0.3233333333,0.3201320132,True,True,True,True,True
7,3,short,2024-07-10,XRPUSDT,0.4385,0.6376,0.6374,0.3233333333,0.3266998342,True,True,True,True,True
7,3,short,2024-07-11,1000FLOKIUSDT,0.14326,0.19777,0.19775,0.3233333333,0.3145424837,True,True,True,True,True
7,3,short,2024-07-11,1000PEPEUSDT,0.0088945,0.0132225,0.01288936,0.3233333333,0.3247226362,True,True,True,True,True
7,3,short,2024-07-11,1000RATSUSDT,0.08446,0.11948,0.11935379,0.3233333333,0.296031746,True,True,True,True,True
7,3,short,2024-07-11,HIGHUSDT,1.4478,2.03,2.02787838,0.3233333333,0.2575757576,True,True,True,True,True
7,3,short,2024-07-11,JASMYUSDT,0.023199,0.031834,0.03182,0.3233333333,0.3145424837,True,True,True,True,True
7,3,short,2024-07-11,ORDIUSDT,29.98,39.701,39.662,0.3233333333,0.3145424837,True,False,True,True,True
7,3,short,2024-07-11,PEOPLEUSDT,0.05745,0.08541,0.08539194,0.3233333333,0.2984126984,True,True,True,True,True
7,3,short,2024-07-11,WIFUSDT,1.5426,2.4957,2.4955,0.3233333333,0.3145424837,True,True,True,True,True
7,3,short,2024-07-11,WLDUSDT,1.7901,3.2539,3.2452,0.3233333333,0.3201320132,True,True,True,True,True
7,3,short,2024-07-11,XRPUSDT,0.4488,0.6376,0.6374,0.3233333333,0.3266998342,True,True,True,True,True
7,3,short,2024-07-12,1000FLOKIUSDT,0.14061,0.19777,0.19775,0.3233333333,0.3145424837,True,True,True,True,True
7,3,short,2024-07-12,1000PEPEUSDT,0.0086816,0.0132225,0.01304046,0.3233333333,0.3247226362,True,True,True,True,True
7,3,short,2024-07-12,HIGHUSDT,1.438,2.0344,2.03327498,0.3233333333,0.2575757576,True,True,True,True,True
7,3,short,2024-07-12,PEOPLEUSDT,0.05878,0.08764,0.08750327,0.3233333333,0.2984126984,True,True,True,True,True
7,3,short,2024-07-12,WIFUSDT,1.5666,2.5844,2.58421803,0.3233333333,0.3145424837,True,True,True,True,True
7,3,short,2024-07-12,WLDUSDT,1.781,3.2539,3.2452,0.3233333333,0.3201320132,True,True,True,True,True
7,3,short,2024-07-12,XRPUSDT,0.4742,0.6376,0.6374,0.3233333333,0.3266998342,True,True,True,True,True
7,3,short,2024-07-13,1000FLOKIUSDT,0.14193,0.2101,0.20999485,0.3233333333,0.3145424837,True,True,True,True,True
7,3,short,2024-07-13,1000PEPEUSDT,0.008686,0.0132225,0.01304046,0.3233333333,0.3247226362,True,True,True,True,True
7,3,short,2024-07-13,1000RATSUSDT,0.09309,0.12684,0.12665069,0.3233333333,0.296031746,True,True,True,True,True
7,3,short,2024-07-13,HIGHUSDT,1.4603,2.0874,2.08572626,0.3233333333,0.2575757576,True,True,True,True,True
7,3,short,2024-07-13,JASMYUSDT,0.023848,0.031834,0.03182,0.3233333333,0.3145424837,True,True,True,True,True
7,3,short,2024-07-13,PEOPLEUSDT,0.05663,0.0892,0.08912563,0.3233333333,0.2984126984,True,True,True,True,True
7,3,short,2024-07-13,WIFUSDT,1.602,2.6822,2.67386286,0.3233333333,0.3145424837,True,True,True,True,True
7,3,short,2024-07-13,WLDUSDT,1.8232,3.2539,3.2452,0.3233333333,0.3201320132,True,True,True,True,True
7,3,short,2024-07-14,1000FLOKIUSDT,0.15161,0.2101,0.20999485,0.3233333333,0.3145424837,True,True,True,True,True
7,3,short,2024-07-14,1000PEPEUSDT,0.0091998,0.0132225,0.01304046,0.3233333333,0.3247226362,True,True,True,True,True
7,3,short,2024-07-14,HIGHUSDT,1.5199,2.0874,2.08572626,0.3233333333,0.2575757576,True,True,True,True,True
7,3,short,2024-07-14,PEOPLEUSDT,0.0668,0.08976,0.08973175,0.3233333333,0.2984126984,True,True,True,True,True
7,3,short,2024-07-14,WIFUSDT,1.7306,2.845,2.84259893,0.3233333333,0.3145424837,True,True,True,True,True
7,3,short,2024-07-14,WLDUSDT,1.8571,3.2539,3.2452,0.3233333333,0.3201320132,True,True,True,True,True
7,3,short,2024-07-15,WIFUSDT,2.1565,2.8942,2.89362922,0.3233333333,0.3145424837,True,True,True,True,True
7,3,short,2024-07-15,WLDUSDT,2.3361,3.2539,3.2452,0.3233333333,0.3201320132,True,True,True,True,True
7,3,short,2024-07-17,WIFUSDT,2.1693,2.8942,2.89362922,0.3233333333,0.3145424837,True,True,True,True,True
7,3,short,2024-07-22,1000RATSUSDT,0.11171,0.15315,0.15279308,0.3233333333,0.296031746,True,True,True,True,True
7,3,short,2024-07-23,1000RATSUSDT,0.09804,0.15315,0.15279308,0.3233333333,0.296031746,True,True,True,True,True
7,3,short,2024-07-24,1000RATSUSDT,0.10034,0.15315,0.15279308,0.3233333333,0.296031746,True,True,True,True,True
7,3,short,2024-08-04,1000SATSUSDT,0.0001902,0.0002804,0.0002804,0.3233333333,0.3081300813,True,True,True,True,True
7,3,short,2024-08-04,MEWUSDT,0.004525,0.006285,0.00627837,0.3233333333,0.3081300813,True,True,True,True,True
7,3,short,2024-08-04,WIFUSDT,1.4394,1.9584,1.95440323,0.3233333333,0.3145424837,True,True,True,True,True
7,3,short,2024-08-05,1000SATSUSDT,0.0002088,0.0003231,0.00032272,0.3233333333,0.3081300813,True,True,True,True,True
7,3,short,2024-08-05,BOMEUSDT,0.005989,0.00791,0.007904,0.3233333333,0.2984126984,False,False,True,True,True
7,3,short,2024-08-05,IOUSDT,1.5,1.958,1.95837827,0.3233333333,0.2984126984,False,False,True,True,True
7,3,short,2024-08-05,MEWUSDT,0.004115,0.006285,0.00627837,0.3233333333,0.3081300813,True,True,True,True,True
7,3,short,2024-08-05,NOTUSDT,0.009553,0.012716,0.01271,0.3233333333,0.2984126984,True,True,True,True,True
7,3,short,2024-08-05,ORDIUSDT,23.631,31.656,31.64021056,0.3233333333,0.3145424837,True,True,True,True,True
7,3,short,2024-08-05,PEOPLEUSDT,0.04832,0.06295,0.0629347,0.3233333333,0.2984126984,False,False,True,True,True
7,3,short,2024-08-05,WIFUSDT,1.2616,1.9584,1.95440323,0.3233333333,0.3145424837,True,True,True,True,True
7,3,short,2024-08-06,1000SATSUSDT,0.000237,0.00034,0.00033961,0.3233333333,0.3081300813,True,True,True,True,True
7,3,short,2024-08-06,WIFUSDT,1.4154,1.9584,1.95440323,0.3233333333,0.3145424837,True,True,True,True,True
7,3,short,2024-08-07,1000SATSUSDT,0.0002262,0.0003446,0.00034367,0.3233333333,0.3081300813,True,True,True,True,True
7,3,short,2024-08-08,1000SATSUSDT,0.0002519,0.0003446,0.00034367,0.3233333333,0.3081300813,True,True,True,True,True
7,3,short,2024-08-09,1000SATSUSDT,0.0002627,0.0003446,0.00034367,0.3233333333,0.3081300813,False,False,True,True,True
7,3,short,2024-08-11,1000SATSUSDT,0.0002577,0.0003446,0.00034367,0.3233333333,0.3081300813,True,True,True,True,True
7,3,short,2024-08-16,1000SATSUSDT,0.0002792,0.0004082,0.00040709,0.3233333333,0.3081300813,True,True,True,True,True
7,3,short,2024-08-16,AVAXUSDT,20.359,27.011,26.98374213,0.3233333333,0.3266998342,True,True,True,False,True
7,3,short,2024-08-16,IOUSDT,1.691,2.284,2.28184386,0.3233333333,0.2984126984,True,True,True,True,True
7,3,short,2024-08-16,MEWUSDT,0.004348,0.005854,0.00583974,0.3233333333,0.3081300813,True,True,True,True,True
7,3,short,2024-08-16,PEOPLEUSDT,0.04968,0.0705,0.07045618,0.3233333333,0.2984126984,True,True,True,True,True
7,3,short,2024-08-16,WIFUSDT,1.3912,1.8909,1.88424599,0.3233333333,0.3145424837,True,True,True,True,True
7,3,short,2024-08-17,1000SATSUSDT,0.0002838,0.0004295,0.00042513,0.3233333333,0.3081300813,True,True,True,True,True
7,3,short,2024-08-17,AVAXUSDT,20.688,27.985,27.978,0.3233333333,0.3266998342,True,True,True,True,True
7,3,short,2024-08-17,IOUSDT,1.745,2.562,2.54309672,0.3233333333,0.2984126984,True,True,True,True,True
7,3,short,2024-08-17,PEOPLEUSDT,0.05129,0.07957,0.07951849,0.3233333333,0.2984126984,True,True,True,True,True
7,3,short,2024-08-17,WIFUSDT,1.4189,2.0358,2.03104531,0.3233333333,0.3145424837,True,True,True,True,True
7,3,short,2024-08-18,1000PEPEUSDT,0.007288,0.0098538,0.00984189,0.3233333333,0.3247226362,True,True,True,True,True
7,3,short,2024-08-18,1000SATSUSDT,0.0002936,0.0004295,0.00042516,0.3233333333,0.3081300813,True,True,True,True,True
7,3,short,2024-08-18,AVAXUSDT,20.803,27.985,27.978,0.3233333333,0.3266998342,True,True,True,True,True
7,3,short,2024-08-18,IOUSDT,1.723,2.562,2.54309672,0.3233333333,0.2984126984,True,True,True,True,True
7,3,short,2024-08-18,MEWUSDT,0.004508,0.006,0.005998,0.3233333333,0.3081300813,True,True,True,True,True
7,3,short,2024-08-18,ORDIUSDT,28,36.945,36.945,0.3233333333,0.3145424837,False,False,True,True,True
7,3,short,2024-08-18,PEOPLEUSDT,0.05308,0.07957,0.07951849,0.3233333333,0.2984126984,True,True,True,True,True
7,3,short,2024-08-18,WIFUSDT,1.3909,2.0358,2.03104531,0.3233333333,0.3145424837,True,True,True,True,True
7,3,short,2024-08-19,1000SATSUSDT,0.0002897,0.0004295,0.00042516,0.3233333333,0.3081300813,True,True,True,True,True
7,3,short,2024-08-19,IOUSDT,1.727,2.562,2.54309672,0.3233333333,0.2984126984,True,True,True,True,True
7,3,short,2024-08-19,PEOPLEUSDT,0.05419,0.07957,0.07951849,0.3233333333,0.2984126984,True,True,True,True,True
7,3,short,2024-08-19,WIFUSDT,1.4356,2.0358,2.03104531,0.3233333333,0.3145424837,True,True,True,True,True
7,3,short,2024-08-19,ZROUSDT,3.397,4.52,4.51376907,0.3233333333,0.3145424837,True,True,True,True,True
7,3,short,2024-08-20,1000SATSUSDT,0.0002963,0.0004295,0.00042516,0.3233333333,0.3081300813,True,True,True,True,True
7,3,short,2024-08-20,IOUSDT,1.663,2.562,2.54309672,0.3233333333,0.2984126984,True,True,True,True,True
7,3,short,2024-08-20,PEOPLEUSDT,0.05645,0.07957,0.07951849,0.3233333333,0.2984126984,True,True,True,True,True
7,3,short,2024-08-20,ZROUSDT,3.373,4.52,4.51376907,0.3233333333,0.3145424837,True,True,True,True,True
7,3,short,2024-08-21,1000SATSUSDT,0.0003208,0.0004295,0.00042516,0.3233333333,0.3081300813,True,True,True,True,True
7,3,short,2024-08-21,IOUSDT,1.681,2.562,2.54309672,0.3233333333,0.2984126984,True,True,True,True,True
7,3,short,2024-08-21,PEOPLEUSDT,0.06003,0.07957,0.07951849,0.3233333333,0.2984126984,True,True,True,True,True
7,3,short,2024-08-22,1000SATSUSDT,0.0003158,0.0004295,0.00042516,0.3233333333,0.3081300813,True,True,True,True,True
7,3,short,2024-08-22,PEOPLEUSDT,0.06099,0.07957,0.07951849,0.3233333333,0.2984126984,False,False,True,True,True
7,3,short,2024-09-05,SUIUSDT,0.7964,1.0726,1.06718496,0.3233333333,0.3201320132,True,True,True,True,True
7,3,short,2024-09-11,SUIUSDT,0.9297,1.3176,1.3168,0.3233333333,0.3201320132,True,True,True,True,True
7,3,short,2024-09-11,TIAUSDT,4.1098,5.4535,5.4518,0.3233333333,0.3185550082,True,True,True,True,True
7,3,short,2024-09-12,SUIUSDT,1.0385,1.4098,1.40842758,0.3233333333,0.3201320132,True,True,True,True,True
7,3,short,2024-09-12,TIAUSDT,4.2372,6.4719,6.4676,0.3233333333,0.3185550082,True,True,True,True,True
7,3,short,2024-09-13,SUIUSDT,1.0271,1.5767,1.57441484,0.3233333333,0.3201320132,True,True,True,True,True
7,3,short,2024-09-13,TIAUSDT,4.4999,6.4719,6.4676,0.3233333333,0.3185550082,True,True,True,True,True
7,3,short,2024-09-14,SUIUSDT,1.044,1.5767,1.57441484,0.3233333333,0.3201320132,True,True,True,True,True
7,3,short,2024-09-14,TIAUSDT,4.6454,6.4719,6.4676,0.3233333333,0.3185550082,True,True,True,True,True
7,3,short,2024-09-15,SUIUSDT,1.0781,1.6335,1.63028992,0.3233333333,0.3201320132,True,True,True,True,True
7,3,short,2024-09-15,TIAUSDT,4.7933,6.4719,6.4676,0.3233333333,0.3185550082,True,True,True,True,True
7,3,short,2024-09-16,AAVEUSDT,140.21,185.24,178.5428696,0.3233333333,0.3201320132,False,False,True,False,True
7,3,short,2024-09-16,SUIUSDT,1.0412,1.6462,1.64576018,0.3233333333,0.3201320132,True,True,True,True,True
7,3,short,2024-09-16,TIAUSDT,4.5262,6.7211,6.71428286,0.3233333333,0.3185550082,True,True,True,True,True
7,3,short,2024-09-17,SUIUSDT,1.1685,1.793,1.79194198,0.3233333333,0.3201320132,True,True,True,True,True
7,3,short,2024-09-17,TIAUSDT,5.2208,6.89,6.8897,0.3233333333,0.3185550082,False,False,True,True,True
7,3,short,2024-09-17,WIFUSDT,1.5356,2.0424,2.03889125,0.3233333333,0.3145424837,True,True,True,True,True
7,3,short,2024-09-18,SUIUSDT,1.3128,1.793,1.79194198,0.3233333333,0.3201320132,True,True,True,True,True
7,3,short,2024-09-18,WIFUSDT,1.6171,2.137,2.1354,0.3233333333,0.3145424837,False,False,True,True,True
7,3,short,2024-09-18,WLDUSDT,1.558,2.1462,2.14543804,0.3233333333,0.3201320132,True,True,True,True,True
7,3,short,2024-09-19,WLDUSDT,1.5974,2.18,2.17887081,0.3233333333,0.3201320132,True,True,True,True,True
7,3,short,2024-09-20,1000FLOKIUSDT,0.13433,0.17688,0.17684001,0.3233333333,0.3145424837,False,False,True,True,True
7,3,short,2024-09-20,1000PEPEUSDT,0.0082411,0.0109436,0.01093467,0.3233333333,0.3247226362,True,True,True,True,True
7,3,short,2024-09-20,NOTUSDT,0.007636,0.01065,0.01064382,0.3233333333,0.2984126984,True,True,True,True,True
7,3,short,2024-09-20,WIFUSDT,1.7791,2.428,2.4274,0.3233333333,0.3145424837,True,True,True,True,True
7,3,short,2024-09-20,WLDUSDT,1.6194,2.18,2.17887081,0.3233333333,0.3201320132,True,True,True,True,True
7,3,short,2024-09-21,1000PEPEUSDT,0.0084089,0.0115587,0.01153551,0.3233333333,0.3247226362,True,True,True,True,True
7,3,short,2024-09-21,NOTUSDT,0.007651,0.01065,0.01064382,0.3233333333,0.2984126984,True,True,True,True,True
7,3,short,2024-09-21,WIFUSDT,1.7752,2.428,2.4274,0.3233333333,0.3145424837,True,True,True,True,True
7,3,short,2024-09-21,WLDUSDT,1.6447,2.18,2.17887081,0.3233333333,0.3201320132,True,True,True,True,True
7,3,short,2024-09-22,1000FLOKIUSDT,0.13002,0.17688,0.17684001,0.3233333333,0.3145424837,True,True,True,True,True
7,3,short,2024-09-22,1000PEPEUSDT,0.0080046,0.01197,0.01193621,0.3233333333,0.3247226362,True,True,True,True,True
7,3,short,2024-09-22,1000SATSUSDT,0.0002898,0.0003818,0.00038088,0.3233333333,0.3081300813,False,False,True,True,True
7,3,short,2024-09-22,NOTUSDT,0.007336,0.01065,0.01064382,0.3233333333,0.2984126984,True,True,True,True,True
7,3,short,2024-09-22,WIFUSDT,1.6923,2.5814,2.5791,0.3233333333,0.3145424837,True,True,True,True,True
7,3,short,2024-09-22,WLDUSDT,1.5618,2.18,2.17887081,0.3233333333,0.3201320132,True,True,True,True,True
7,3,short,2024-09-23,1000FLOKIUSDT,0.13403,0.17688,0.17684001,0.3233333333,0.3145424837,False,False,True,True,True
7,3,short,2024-09-23,1000PEPEUSDT,0.0081273,0.01197,0.01193621,0.3233333333,0.3247226362,True,True,True,True,True
7,3,short,2024-09-23,NOTUSDT,0.007657,0.01065,0.01064382,0.3233333333,0.2984126984,True,True,True,True,True
7,3,short,2024-09-23,WIFUSDT,1.7432,2.6426,2.63934631,0.3233333333,0.3145424837,True,True,True,True,True
7,3,short,2024-09-24,1000PEPEUSDT,0.0085892,0.01197,0.01193621,0.3233333333,0.3247226362,True,True,True,True,True
7,3,short,2024-09-24,WIFUSDT,1.9909,2.6426,2.63934631,0.3233333333,0.3145424837,True,True,True,True,True
7,3,short,2024-09-25,1000PEPEUSDT,0.0084426,0.01197,0.01193621,0.3233333333,0.3247226362,True,True,True,True,True
7,3,short,2024-10-01,REEFUSDT,0.004992,0.007698,0.007693,0.3233333333,0.3071895425,True,True,True,True,True
7,3,short,2024-10-02,REEFUSDT,0.005119,0.007698,0.007693,0.3233333333,0.3071895425,True,True,True,True,True
7,3,short,2024-10-03,WIFUSDT,2.0363,2.807,2.80311479,0.3233333333,0.3145424837,True,True,True,True,True
7,3,short,2024-10-07,REEFUSDT,0.006358,0.010492,0.010477,0.3233333333,0.3071895425,True,True,True,True,True
7,3,short,2024-10-08,REEFUSDT,0.0063,0.010492,0.010477,0.3233333333,0.3071895425,True,True,True,True,True
7,3,short,2024-10-08,WLDUSDT,1.8504,2.65,2.64726453,0.3233333333,0.3201320132,True,True,True,True,True
7,3,short,2024-10-09,DOGSUSDT,0.0006679,0.0008794,0.00087859,0.3233333333,0.3081300813,False,False,True,True,True
7,3,short,2024-10-09,REEFUSDT,0.006678,0.010492,0.010477,0.3233333333,0.3071895425,True,True,True,True,True
7,3,short,2024-10-09,TIAUSDT,4.8114,6.5072,6.50173622,0.3233333333,0.3185550082,True,True,True,True,True
7,3,short,2024-10-09,WLDUSDT,1.7343,2.65,2.64726453,0.3233333333,0.3201320132,True,True,True,True,True
7,3,short,2024-10-10,DOGSUSDT,0.0006515,0.0008794,0.00087859,0.3233333333,0.3081300813,True,True,True,True,True
7,3,short,2024-10-10,REEFUSDT,0.007236,0.010492,0.010477,0.3233333333,0.3071895425,True,True,True,True,True
7,3,short,2024-10-10,WLDUSDT,1.6994,2.65,2.64726453,0.3233333333,0.3201320132,True,True,True,True,True
7,3,short,2024-10-11,REEFUSDT,0.007242,0.010492,0.010477,0.3233333333,0.3071895425,True,True,True,True,True
7,3,short,2024-10-11,WLDUSDT,1.9328,2.65,2.64726453,0.3233333333,0.3201320132,True,True,True,True,True
7,3,short,2024-10-12,REEFUSDT,0.007063,0.010492,0.010477,0.3233333333,0.3071895425,True,True,True,True,True
7,3,short,2024-10-13,REEFUSDT,0.007025,0.010492,0.010477,0.3233333333,0.3071895425,True,True,True,True,True
7,3,short,2024-10-16,REEFUSDT,0.001976,0.002899,0.002885,0.3233333333,0.3071895425,True,True,True,True,True
7,3,short,2024-10-17,REEFUSDT,0.001908,0.002899,0.002885,0.3233333333,0.3071895425,True,True,True,True,True
7,3,short,2024-10-25,DOGEUSDT,0.13154,0.17974,0.17968314,0.3233333333,0.3247226362,True,True,True,True,True
7,3,short,2024-10-25,REEFUSDT,0.001403,0.001868,0.001865,0.3233333333,0.3071895425,True,True,True,True,True
7,3,short,2024-10-31,DOGEUSDT,0.16162,0.22,0.21862514,0.3233333333,0.3247226362,True,True,True,True,True
7,3,short,2024-11-01,DOGEUSDT,0.15913,0.22,0.21862514,0.3233333333,0.3247226362,True,True,True,True,True
7,3,short,2024-11-01,NEIROETHUSDT,0.0965,0.1186,0.11852213,0.3233333333,0.2121212121,False,False,True,True,True
7,3,short,2024-11-01,NEIROUSDT,0.0014707,0.00251,0.00250789,0.3233333333,0.2984126984,True,True,True,True,True
7,3,short,2024-11-02,DOGEUSDT,0.15952,0.22025,0.22011,0.3233333333,0.3247226362,True,True,True,True,True
7,3,short,2024-11-02,NEIROETHUSDT,0.0855,0.1186,0.11852213,0.3233333333,0.2121212121,True,True,True,True,True
7,3,short,2024-11-02,NEIROUSDT,0.001417,0.0026896,0.00268398,0.3233333333,0.2984126984,True,True,True,True,True
7,3,short,2024-11-02,SUIUSDT,1.9071,2.8525,2.84956293,0.3233333333,0.3201320132,True,True,True,True,True
7,3,short,2024-11-03,1000PEPEUSDT,0.0081725,0.0130052,0.01300017,0.3233333333,0.3247226362,True,True,True,True,True
7,3,short,2024-11-03,1MBABYDOGEUSDT,0.002166,0.003085,0.003085,0.3233333333,0.3145424837,True,True,True,True,True
7,3,short,2024-11-03,APTUSDT,8.1919,11.5239,11.52177581,0.3233333333,0.3185550082,True,True,True,True,True
7,3,short,2024-11-03,BOMEUSDT,0.007248,0.009921,0.00990985,0.3233333333,0.2984126984,True,True,True,True,True
7,3,short,2024-11-03,DOGEUSDT,0.15129,0.298,0.29789,0.3233333333,0.3247226362,True,True,True,True,True
7,3,short,2024-11-03,ETHUSDT,2457.29,3252.28,3251.02,0.3233333333,0.3280212483,True,False,False,False,True
7,3,short,2024-11-03,NEIROETHUSDT,0.0866,0.1186,0.11852213,0.3233333333,0.2121212121,True,True,True,True,True
7,3,short,2024-11-03,NEIROUSDT,0.0013367,0.002896,0.00289233,0.3233333333,0.2984126984,True,True,True,True,True
7,3,short,2024-11-03,REEFUSDT,0.001273,0.001712,0.0017023,0.3233333333,0.3071895425,True,True,True,True,True
7,3,short,2024-11-03,SOLUSDT,162.44,215.64,215.5385051,0.3233333333,0.3266998342,True,True,True,True,True
7,3,short,2024-11-03,SUIUSDT,1.9447,3.1662,3.15423874,0.3233333333,0.3201320132,True,True,True,True,True
7,3,short,2024-11-03,TURBOUSDT,0.0075981,0.0109382,0.01093111,0.3233333333,0.3145424837,True,True,True,True,True
7,3,short,2024-11-03,WIFUSDT,2.0764,2.8863,2.87603236,0.3233333333,0.3145424837,True,True,True,True,True
7,3,short,2024-11-04,1000PEPEUSDT,0.007915,0.0134725,0.01345793,0.3233333333,0.3247226362,True,True,True,True,True
7,3,short,2024-11-04,1MBABYDOGEUSDT,0.0020214,0.003085,0.003085,0.3233333333,0.3145424837,True,True,True,True,True
7,3,short,2024-11-04,APTUSDT,8.0588,14.131,14.0941,0.3233333333,0.3185550082,True,True,True,True,True
7,3,short,2024-11-04,BOMEUSDT,0.006991,0.010418,0.01040338,0.3233333333,0.2984126984,True,True,True,True,True
7,3,short,2024-11-04,BTCUSDT,67834.3,89800,89716.91907,0.3233333333,0.3280212483,True,False,False,False,True
7,3,short,2024-11-04,DOGEUSDT,0.15817,0.352,0.35165879,0.3233333333,0.3247226362,True,True,True,True,True
7,3,short,2024-11-04,ETHUSDT,2397.37,3392.06,3390.886826,0.3233333333,0.3280212483,True,True,True,True,True
7,3,short,2024-11-04,NEIROETHUSDT,0.0731,0.1186,0.11852213,0.3233333333,0.2121212121,True,True,True,True,True
7,3,short,2024-11-04,NEIROUSDT,0.0012662,0.002896,0.00289233,0.3233333333,0.2984126984,True,True,True,True,True
7,3,short,2024-11-04,POPCATUSDT,1.2159,1.7425,1.74180167,0.3233333333,0.2984126984,True,True,True,True,True
7,3,short,2024-11-04,REEFUSDT,0.001247,0.001712,0.0017023,0.3233333333,0.3071895425,True,True,True,True,True
7,3,short,2024-11-04,SOLUSDT,157.87,224.35,224.26,0.3233333333,0.3266998342,True,True,True,True,True
7,3,short,2024-11-04,SUIUSDT,1.8482,3.3186,3.31460312,0.3233333333,0.3201320132,True,True,True,True,True
7,3,short,2024-11-04,TIAUSDT,4.2225,5.9058,5.89847646,0.3233333333,0.3185550082,True,True,True,True,True
7,3,short,2024-11-04,TURBOUSDT,0.0072506,0.0109382,0.01093111,0.3233333333,0.3145424837,True,True,True,True,True
7,3,short,2024-11-04,WIFUSDT,1.9221,3.222,3.22038674,0.3233333333,0.3145424837,True,True,True,True,True
7,3,short,2024-11-04,WLDUSDT,1.6564,2.5068,2.50497596,0.3233333333,0.3201320132,True,True,True,True,True
7,3,short,2024-11-05,1000PEPEUSDT,0.0085603,0.014921,0.01490409,0.3233333333,0.3247226362,True,True,True,True,True
7,3,short,2024-11-05,1MBABYDOGEUSDT,0.0020858,0.003085,0.003085,0.3233333333,0.3145424837,True,True,True,True,True
7,3,short,2024-11-05,APTUSDT,8.4599,14.131,14.0941,0.3233333333,0.3185550082,True,True,True,True,True
7,3,short,2024-11-05,BOMEUSDT,0.007546,0.010695,0.01068098,0.3233333333,0.2984126984,True,True,True,True,True
7,3,short,2024-11-05,DOGEUSDT,0.16991,0.43995,0.43858979,0.3233333333,0.3247226362,True,True,True,True,True
7,3,short,2024-11-05,ETHUSDT,2421.42,3449,3446.568106,0.3233333333,0.3280212483,True,True,True,True,True
7,3,short,2024-11-05,NEIROETHUSDT,0.07552,0.1186,0.11852213,0.3233333333,0.2121212121,True,True,True,True,True
7,3,short,2024-11-05,NEIROUSDT,0.0013502,0.0031221,0.0031189,0.3233333333,0.2984126984,True,True,True,True,True
7,3,short,2024-11-05,POPCATUSDT,1.2672,1.7575,1.7508275,0.3233333333,0.2984126984,True,True,True,True,True
7,3,short,2024-11-05,SOLUSDT,166.55,225.69,225.552657,0.3233333333,0.3266998342,True,True,True,True,True
7,3,short,2024-11-05,SUIUSDT,2.0075,3.3352,3.33236831,0.3233333333,0.3201320132,True,True,True,True,True
7,3,short,2024-11-05,TIAUSDT,4.2275,5.9058,5.89847646,0.3233333333,0.3185550082,True,True,True,True,True
7,3,short,2024-11-05,TURBOUSDT,0.0080997,0.0109382,0.01093111,0.3233333333,0.3145424837,True,True,True,True,True
7,3,short,2024-11-05,WIFUSDT,2.1019,3.38,3.3746,0.3233333333,0.3145424837,True,True,True,True,True
7,3,short,2024-11-05,WLDUSDT,1.7708,2.8562,2.85364237,0.3233333333,0.3201320132,True,True,True,True,True
7,3,short,2024-11-05,XRPUSDT,0.514,0.7404,0.7398,0.3233333333,0.3266998342,True,True,True,True,True
7,3,short,2024-11-06,1000PEPEUSDT,0.009901,0.0224698,0.02242399,0.3233333333,0.3247226362,True,True,True,True,True
7,3,short,2024-11-06,APTUSDT,9.5647,14.131,14.0941,0.3233333333,0.3185550082,True,True,True,True,True
7,3,short,2024-11-06,BOMEUSDT,0.008455,0.012028,0.01200836,0.3233333333,0.2984126984,True,True,True,True,True
7,3,short,2024-11-06,DOGEUSDT,0.19646,0.43995,0.43858979,0.3233333333,0.3247226362,True,True,True,True,True
7,3,short,2024-11-06,NEIROUSDT,0.0020908,0.0031221,0.0031189,0.3233333333,0.2984126984,True,True,True,True,True
7,3,short,2024-11-06,SUIUSDT,2.3035,3.4472,3.44329443,0.3233333333,0.3201320132,True,True,True,True,True
7,3,short,2024-11-06,WIFUSDT,2.407,4.8524,4.79382986,0.3233333333,0.3145424837,True,True,True,True,True
7,3,short,2024-11-06,WLDUSDT,1.9823,2.8562,2.85364237,0.3233333333,0.3201320132,True,True,True,True,True
7,3,short,2024-11-06,XRPUSDT,0.5421,0.7491,0.74860533,0.3233333333,0.3266998342,True,True,True,True,True
7,3,short,2024-11-07,1000PEPEUSDT,0.0110044,0.026,0.02571901,0.3233333333,0.3247226362,True,True,True,True,True
7,3,short,2024-11-07,APTUSDT,9.8277,14.131,14.0941,0.3233333333,0.3185550082,True,True,True,True,True
7,3,short,2024-11-07,BOMEUSDT,0.008788,0.012561,0.012546,0.3233333333,0.2984126984,True,True,True,True,True
7,3,short,2024-11-07,DOGEUSDT,0.19334,0.43995,0.43858979,0.3233333333,0.3247226362,True,True,True,True,True
7,3,short,2024-11-07,NEIROUSDT,0.002253,0.0031221,0.0031189,0.3233333333,0.2984126984,True,True,True,True,True
7,3,short,2024-11-07,SUIUSDT,2.3193,3.5315,3.5301898,0.3233333333,0.3201320132,True,True,True,True,True
7,3,short,2024-11-07,WIFUSDT,2.39,4.8524,4.79382986,0.3233333333,0.3145424837,True,True,True,True,True
7,3,short,2024-11-07,WLDUSDT,1.9976,2.8562,2.85364237,0.3233333333,0.3201320132,True,True,True,True,True
7,3,short,2024-11-07,XRPUSDT,0.5559,0.8478,0.84705416,0.3233333333,0.3266998342,True,True,True,True,True
7,3,short,2024-11-08,1000PEPEUSDT,0.0107748,0.026,0.02571901,0.3233333333,0.3247226362,True,True,True,True,True
7,3,short,2024-11-08,APTUSDT,9.7257,14.131,14.0941,0.3233333333,0.3185550082,True,True,True,True,True
7,3,short,2024-11-08,BOMEUSDT,0.008246,0.012561,0.012546,0.3233333333,0.2984126984,True,True,True,True,True
7,3,short,2024-11-08,DOGEUSDT,0.20203,0.43995,0.43858979,0.3233333333,0.3247226362,True,True,True,True,True
7,3,short,2024-11-08,NEIROUSDT,0.0022582,0.0031221,0.0031189,0.3233333333,0.2984126984,True,True,True,True,True
7,3,short,2024-11-08,POPCATUSDT,1.5237,2.0116,2.00677389,0.3233333333,0.2984126984,False,False,True,True,True
7,3,short,2024-11-08,REEFUSDT,0.001277,0.001712,0.0017023,0.3233333333,0.3071895425,True,True,True,True,True
7,3,short,2024-11-08,SUIUSDT,2.2874,3.681,3.67995433,0.3233333333,0.3201320132,True,True,True,True,True
7,3,short,2024-11-08,WIFUSDT,2.3187,4.8524,4.79382986,0.3233333333,0.3145424837,True,True,True,True,True
7,3,short,2024-11-08,WLDUSDT,1.9195,2.8562,2.85364237,0.3233333333,0.3201320132,True,True,True,True,True
7,3,short,2024-11-08,XRPUSDT,0.5541,0.9283,0.9271123,0.3233333333,0.3266998342,True,True,True,True,True
7,3,short,2024-11-09,1000PEPEUSDT,0.0112065,0.026,0.02571901,0.3233333333,0.3247226362,True,True,True,True,True
7,3,short,2024-11-09,APTUSDT,10.4428,14.131,14.0941,0.3233333333,0.3185550082,True,True,True,True,True
7,3,short,2024-11-09,BOMEUSDT,0.008762,0.012561,0.012546,0.3233333333,0.2984126984,True,True,True,True,True
7,3,short,2024-11-09,DOGEUSDT,0.219,0.43995,0.43858979,0.3233333333,0.3247226362,True,True,True,True,True
7,3,short,2024-11-09,POPCATUSDT,1.42,2.0116,2.00677389,0.3233333333,0.2984126984,True,True,True,True,True
7,3,short,2024-11-09,SUIUSDT,2.7497,3.936,3.93335534,0.3233333333,0.3201320132,True,True,True,True,True
7,3,short,2024-11-09,WIFUSDT,2.4869,4.8524,4.79382986,0.3233333333,0.3145424837,True,True,True,True,True
7,3,short,2024-11-09,WLDUSDT,2.0804,2.8562,2.85364237,0.3233333333,0.3201320132,True,True,True,True,True
7,3,short,2024-11-09,XRPUSDT,0.5596,1.27,1.26482818,0.3233333333,0.3266998342,True,True,True,True,True
7,3,short,2024-11-10,1000PEPEUSDT,0.0123271,0.026,0.02571901,0.3233333333,0.3247226362,True,True,True,True,True
7,3,short,2024-11-10,BOMEUSDT,0.009342,0.012561,0.012546,0.3233333333,0.2984126984,True,True,True,True,True
7,3,short,2024-11-10,DOGEUSDT,0.27794,0.43995,0.43858979,0.3233333333,0.3247226362,True,True,True,True,True
7,3,short,2024-11-10,POPCATUSDT,1.506,2.089,2.08500611,0.3233333333,0.2984126984,True,True,True,True,True
7,3,short,2024-11-10,WIFUSDT,2.7458,4.8524,4.79382986,0.3233333333,0.3145424837,True,True,True,True,True
7,3,short,2024-11-10,WLDUSDT,2.1159,2.8562,2.85364237,0.3233333333,0.3201320132,True,True,True,True,True
7,3,short,2024-11-10,XRPUSDT,0.5888,1.27,1.26482818,0.3233333333,0.3266998342,True,True,True,True,True
7,3,short,2024-11-11,1000PEPEUSDT,0.0130032,0.026,0.02571901,0.3233333333,0.3247226362,True,True,True,True,True
7,3,short,2024-11-11,BOMEUSDT,0.009664,0.012561,0.012546,0.3233333333,0.2984126984,False,False,True,False,True
7,3,short,2024-11-11,WIFUSDT,3.1285,4.8524,4.79382986,0.3233333333,0.3145424837,True,True,True,True,True
7,3,short,2024-11-11,XRPUSDT,0.6216,1.27,1.26482818,0.3233333333,0.3266998342,True,True,True,True,True
7,3,short,2024-11-12,1000PEPEUSDT,0.0141371,0.026,0.02571901,0.3233333333,0.3247226362,True,True,True,True,True
7,3,short,2024-11-12,NEIROETHUSDT,0.08877,0.12273,0.1222,0.3233333333,0.2121212121,True,True,True,True,True
7,3,short,2024-11-12,WIFUSDT,3.2497,4.8524,4.79382986,0.3233333333,0.3145424837,True,True,True,True,True
7,3,short,2024-11-12,XRPUSDT,0.7048,1.27,1.26482818,0.3233333333,0.3266998342,True,True,True,True,True
7,3,short,2024-11-13,NEIROETHUSDT,0.08758,0.12273,0.1222,0.3233333333,0.2121212121,True,True,True,True,True
7,3,short,2024-11-13,XRPUSDT,0.6901,1.27,1.26482818,0.3233333333,0.3266998342,True,True,True,True,True
7,3,short,2024-11-14,NEIROETHUSDT,0.08609,0.12273,0.1222,0.3233333333,0.2121212121,True,True,True,True,True
7,3,short,2024-11-14,XRPUSDT,0.7741,1.27,1.26482818,0.3233333333,0.3266998342,True,True,True,True,True
7,3,short,2024-11-15,NEIROETHUSDT,0.0945,0.12273,0.1222,0.3233333333,0.2121212121,False,False,True,True,True
7,3,short,2024-11-15,XRPUSDT,0.8924,1.5036,1.49974142,0.3233333333,0.3266998342,True,True,True,True,True
7,3,short,2024-11-16,NEIROETHUSDT,0.09182,0.12273,0.1222,0.3233333333,0.2121212121,True,True,True,True,True
7,3,short,2024-11-16,TIAUSDT,5.2369,7.6517,7.6266,0.3233333333,0.3185550082,True,True,True,True,True
7,3,short,2024-11-16,XRPUSDT,1.122,1.635,1.632,0.3233333333,0.3266998342,True,True,True,True,True
7,3,short,2024-11-17,APEUSDT,1.0782,1.4443,1.44164775,0.3233333333,0.3081300813,True,True,True,True,True
7,3,short,2024-11-17,NEIROETHUSDT,0.09304,0.12273,0.1222,0.3233333333,0.2121212121,False,False,True,True,True
7,3,short,2024-11-17,TIAUSDT,5.0285,8.516,8.50196856,0.3233333333,0.3185550082,True,True,True,True,True
7,3,short,2024-11-17,XRPUSDT,1.055,1.635,1.632,0.3233333333,0.3266998342,True,True,True,True,True
7,3,short,2024-11-18,NEIROETHUSDT,0.0936,0.12273,0.1222,0.3233333333,0.2121212121,False,False,True,True,True
7,3,short,2024-11-18,TIAUSDT,5.563,8.5418,8.50196856,0.3233333333,0.3185550082,True,True,True,True,True
7,3,short,2024-11-18,XRPUSDT,1.1151,1.635,1.632,0.3233333333,0.3266998342,True,True,True,True,True
7,3,short,2024-11-19,TIAUSDT,5.1629,8.5993,8.59093662,0.3233333333,0.3185550082,True,True,True,True,True
7,3,short,2024-11-19,XRPUSDT,1.1012,1.635,1.632,0.3233333333,0.3266998342,True,True,True,True,True
7,3,short,2024-11-20,REEFUSDT,0.001258,0.001777,0.001772,0.3233333333,0.3071895425,True,True,True,True,True
7,3,short,2024-11-20,TIAUSDT,4.9406,8.6502,8.63701928,0.3233333333,0.3185550082,True,True,True,True,True
7,3,short,2024-11-20,WLDUSDT,2.1144,2.798,2.79314692,0.3233333333,0.3201320132,False,False,True,True,True
7,3,short,2024-11-20,XRPUSDT,1.1045,1.635,1.632,0.3233333333,0.3266998342,True,True,True,True,True
7,3,short,2024-11-21,REEFUSDT,0.001319,0.001777,0.001772,0.3233333333,0.3071895425,True,True,True,True,True
7,3,short,2024-11-21,TIAUSDT,5.4224,8.9468,8.94164,0.3233333333,0.3185550082,True,True,True,True,True
7,3,short,2024-11-21,WLDUSDT,2.2374,3.066,3.06207076,0.3233333333,0.3201320132,True,True,True,True,True
7,3,short,2024-11-22,REEFUSDT,0.001353,0.001777,0.001772,0.3233333333,0.3071895425,False,False,True,True,True
7,3,short,2024-11-22,TIAUSDT,5.7118,8.9468,8.94164,0.3233333333,0.3185550082,True,True,True,True,True
7,3,short,2024-11-22,WLDUSDT,2.2581,3.066,3.06207076,0.3233333333,0.3201320132,True,True,True,True,True
7,3,short,2024-11-23,WLDUSDT,2.4494,3.7383,3.73388808,0.3233333333,0.3201320132,True,True,True,True,True
7,3,short,2024-11-23,XRPUSDT,1.4697,1.9593,1.95867907,0.3233333333,0.3266998342,True,True,True,True,True
7,3,short,2024-11-24,WLDUSDT,2.5516,3.7383,3.73388808,0.3233333333,0.3201320132,True,True,True,True,True
7,3,short,2024-11-24,XRPUSDT,1.4334,2.3549,2.35085273,0.3233333333,0.3266998342,True,True,True,True,True
7,3,short,2024-11-25,WLDUSDT,2.4424,3.7383,3.73388808,0.3233333333,0.3201320132,True,True,True,True,True
7,3,short,2024-11-25,XRPUSDT,1.4151,2.8767,2.8722819,0.3233333333,0.3266998342,True,True,True,True,True
7,3,short,2024-11-26,WLDUSDT,2.3504,3.7383,3.73388808,0.3233333333,0.3201320132,True,True,True,True,True
7,3,short,2024-11-26,XRPUSDT,1.3993,2.916,2.91446212,0.3233333333,0.3266998342,True,True,True,True,True
7,3,short,2024-11-27,WLDUSDT,2.5541,3.7383,3.73388808,0.3233333333,0.3201320132,True,True,True,True,True
7,3,short,2024-11-27,XRPUSDT,1.4709,2.916,2.91446212,0.3233333333,0.3266998342,True,True,True,True,True
7,3,short,2024-11-28,WLDUSDT,2.9459,4.0938,4.08947502,0.3233333333,0.3201320132,True,True,True,True,True
7,3,short,2024-11-28,XRPUSDT,1.5431,2.916,2.91446212,0.3233333333,0.3266998342,True,True,True,True,True
7,3,short,2024-11-29,WLDUSDT,2.9243,4.2,4.19131161,0.3233333333,0.3201320132,True,True,True,True,True
7,3,short,2024-11-29,XRPUSDT,1.8019,2.916,2.91446212,0.3233333333,0.3266998342,True,True,True,True,True
7,3,short,2024-11-30,1000PEPEUSDT,0.020204,0.02699,0.02692287,0.3233333333,0.3247226362,True,True,True,True,True
7,3,short,2024-11-30,1MBABYDOGEUSDT,0.0025394,0.004699,0.00466108,0.3233333333,0.3145424837,True,True,True,True,True
7,3,short,2024-11-30,XRPUSDT,1.953,2.916,2.91446212,0.3233333333,0.3266998342,True,True,True,True,True
7,3,short,2024-12-01,MOODENGUSDT,0.35209,0.68145,0.6750535,0.3233333333,0.3081300813,True,True,True,True,True
7,3,short,2024-12-01,SANDUSDT,0.67371,1.06868,1.06744,0.3233333333,0.3145424837,True,True,True,True,True
7,3,short,2024-12-02,1000PEPEUSDT,0.0204426,0.0283795,0.0283719,0.3233333333,0.3247226362,True,True,True,True,True
7,3,short,2024-12-02,SANDUSDT,0.71274,1.06868,1.06744,0.3233333333,0.3145424837,True,True,True,True,True
7,3,short,2024-12-02,SUIUSDT,3.3926,4.4891,4.4865,0.3233333333,0.3201320132,False,False,True,True,True
7,3,short,2024-12-03,1000PEPEUSDT,0.0202737,0.0283795,0.0283719,0.3233333333,0.3247226362,True,True,True,True,True
7,3,short,2024-12-03,NEIROUSDT,0.0016892,0.00232,0.0023175,0.3233333333,0.2984126984,True,True,True,True,True
7,3,short,2024-12-03,SANDUSDT,0.77336,1.06868,1.06744,0.3233333333,0.3145424837,True,True,True,True,True
7,3,short,2024-12-04,NEIROUSDT,0.0017345,0.00232,0.0023175,0.3233333333,0.2984126984,True,True,True,True,True
7,3,short,2024-12-05,1000PEPEUSDT,0.0212024,0.0283795,0.0283719,0.3233333333,0.3247226362,True,True,True,True,True
7,3,short,2024-12-05,NEIROUSDT,0.0017581,0.00232,0.0023175,0.3233333333,0.2984126984,False,False,True,True,True
7,3,short,2024-12-09,GOATUSDT,0.605,0.9275,0.92630996,0.3233333333,0.296031746,True,True,True,True,True
7,3,short,2024-12-10,GOATUSDT,0.5541,0.9275,0.92630996,0.3233333333,0.296031746,True,True,True,True,True
7,3,short,2024-12-10,SUIUSDT,3.7106,4.9591,4.95786862,0.3233333333,0.3201320132,True,True,True,True,True
7,3,short,2024-12-11,GOATUSDT,0.679,0.9275,0.92630996,0.3233333333,0.296031746,True,True,True,True,True
7,3,short,2024-12-28,XLMUSDT,0.35601,0.48585,0.48569436,0.3233333333,0.3185550082,True,True,True,True,True
7,3,short,2024-12-29,XLMUSDT,0.33801,0.48585,0.48569436,0.3233333333,0.3185550082,True,True,True,True,True
7,3,short,2024-12-30,WLDUSDT,2.077,2.8039,2.80126745,0.3233333333,0.3201320132,True,True,True,True,True
7,3,short,2024-12-30,XLMUSDT,0.33177,0.48585,0.48569436,0.3233333333,0.3185550082,True,True,True,True,True
7,3,short,2024-12-31,ADAUSDT,0.8447,1.152,1.15167881,0.3233333333,0.3250825083,True,True,True,True,True
7,3,short,2024-12-31,WLDUSDT,2.09,2.8039,2.80126745,0.3233333333,0.3201320132,True,True,True,True,True
7,3,short,2024-12-31,XLMUSDT,0.33255,0.48585,0.48569436,0.3233333333,0.3185550082,True,True,True,True,True
7,3,short,2025-01-01,ENAUSDT,0.959,1.312,1.31158798,0.3233333333,0.3201320132,True,True,True,True,True
7,3,short,2025-01-01,UXLINKUSDT,1.4516,1.7638,1.76295893,0.3233333333,0.2121212121,False,False,True,True,True
7,3,short,2025-01-08,XRPUSDT,2.3722,3.1992,3.199,0.3233333333,0.3266998342,True,True,True,True,True
7,3,short,2025-01-09,HBARUSDT,0.2685,0.38694,0.38679099,0.3233333333,0.3185550082,True,True,True,True,True
7,3,short,2025-01-09,XRPUSDT,2.271,3.4043,3.3992,0.3233333333,0.3266998342,True,True,True,True,True
7,3,short,2025-01-10,HBARUSDT,0.28144,0.4015,0.40137356,0.3233333333,0.3185550082,True,True,True,True,True
7,3,short,2025-01-10,LTCUSDT,103.88,141.25,141.09,0.3233333333,0.3250825083,True,True,True,True,True
7,3,short,2025-01-10,XRPUSDT,2.3411,3.4043,3.3992,0.3233333333,0.3266998342,True,True,True,True,True
7,3,short,2025-01-11,HBARUSDT,0.29205,0.4015,0.40137356,0.3233333333,0.3185550082,True,True,True,True,True
7,3,short,2025-01-11,LTCUSDT,104.3,141.25,141.09,0.3233333333,0.3250825083,True,True,True,True,True
7,3,short,2025-01-11,SOLUSDT,187.99,270.7,270.4218926,0.3233333333,0.3266998342,True,True,True,True,True
7,3,short,2025-01-12,HBARUSDT,0.27791,0.4015,0.40137356,0.3233333333,0.3185550082,True,True,True,True,True
7,3,short,2025-01-12,LINKUSDT,19.833,26.696,26.68534885,0.3233333333,0.3250825083,True,True,True,True,True
7,3,short,2025-01-12,LTCUSDT,102.3,141.25,141.09,0.3233333333,0.3250825083,True,True,True,True,True
7,3,short,2025-01-12,SOLUSDT,188.43,295.6,295.42,0.3233333333,0.3266998342,True,True,True,True,True
7,3,short,2025-01-12,XRPUSDT,2.5031,3.4043,3.3992,0.3233333333,0.3266998342,True,True,True,True,True
7,3,short,2025-01-13,HBARUSDT,0.27492,0.4015,0.40137356,0.3233333333,0.3185550082,True,True,True,True,True
7,3,short,2025-01-13,LINKUSDT,19.349,26.952,26.94492035,0.3233333333,0.3250825083,True,True,True,True,True
7,3,short,2025-01-13,LTCUSDT,98.33,141.25,141.09,0.3233333333,0.3250825083,True,True,True,True,True
7,3,short,2025-01-13,SOLUSDT,182.78,295.6,295.42,0.3233333333,0.3266998342,True,True,True,True,True
7,3,short,2025-01-13,WIFUSDT,1.4903,1.9891,1.98929626,0.3233333333,0.3145424837,True,True,True,True,True
7,3,short,2025-01-13,XRPUSDT,2.5225,3.4043,3.3992,0.3233333333,0.3266998342,True,True,True,True,True
7,3,short,2025-01-14,HBARUSDT,0.28711,0.4015,0.40137356,0.3233333333,0.3185550082,True,True,True,True,True
7,3,short,2025-01-14,LINKUSDT,20.323,27.089,27.08368342,0.3233333333,0.3250825083,True,True,True,True,True
7,3,short,2025-01-14,LTCUSDT,102.4,141.25,141.09,0.3233333333,0.3250825083,True,True,True,True,True
7,3,short,2025-01-14,SOLUSDT,187.46,295.6,295.42,0.3233333333,0.3266998342,True,True,True,True,True
7,3,short,2025-01-15,SOLUSDT,205.76,295.6,295.42,0.3233333333,0.3266998342,True,True,True,True,True
7,3,short,2025-01-16,SOLUSDT,211.02,295.6,295.42,0.3233333333,0.3266998342,True,True,True,True,True
7,3,short,2025-01-17,SOLUSDT,219.46,295.6,295.42,0.3233333333,0.3266998342,True,True,True,True,True
7,3,short,2025-01-27,NEIROUSDT,0.0005135,0.0006678,0.00066767,0.3233333333,0.2984126984,False,False,True,True,True
7,3,short,2025-01-28,NEIROUSDT,0.0004445,0.0006678,0.00066767,0.3233333333,0.2984126984,True,True,True,True,True
7,3,short,2025-01-29,NEIROUSDT,0.0004974,0.0006678,0.00066767,0.3233333333,0.2984126984,True,True,True,True,True
7,3,short,2025-02-01,FARTCOINUSDT,0.6318,0.8868,0.8848348,0.3233333333,0.3145424837,True,True,True,True,True
7,3,short,2025-02-05,FARTCOINUSDT,0.4944,0.7199,0.716,0.3233333333,0.3145424837,True,True,True,True,True
7,3,short,2025-02-06,AIXBTUSDT,0.24308,0.31712,0.3170314,0.3233333333,0.2984126984,False,False,True,True,True
7,3,short,2025-02-06,FARTCOINUSDT,0.4236,0.7199,0.716,0.3233333333,0.3145424837,True,True,True,True,True
7,3,short,2025-02-07,AIXBTUSDT,0.23764,0.31712,0.3170314,0.3233333333,0.2984126984,True,True,True,True,True
7,3,short,2025-02-07,FARTCOINUSDT,0.4212,0.7199,0.716,0.3233333333,0.3145424837,True,True,True,True,True
7,3,short,2025-02-07,PNUTUSDT,0.15289,0.2039,0.20345231,0.3233333333,0.2984126984,True,True,True,True,True
7,3,short,2025-02-08,FARTCOINUSDT,0.5421,0.7199,0.716,0.3233333333,0.3145424837,True,False,True,True,True
7,3,short,2025-02-09,AIXBTUSDT,0.22766,0.31712,0.3170314,0.3233333333,0.2984126984,True,True,True,True,True
7,3,short,2025-02-09,FARTCOINUSDT,0.4846,0.7199,0.716,0.3233333333,0.3145424837,True,True,True,True,True
7,3,short,2025-02-12,PNUTUSDT,0.15376,0.2039,0.20345231,0.3233333333,0.2984126984,True,False,True,True,True
7,3,short,2025-02-12,WIFUSDT,0.6047,0.7979,0.79700433,0.3233333333,0.3145424837,False,False,True,True,True
7,3,short,2025-02-13,PNUTUSDT,0.14781,0.2039,0.20345231,0.3233333333,0.2984126984,True,True,True,True,True
7,3,short,2025-02-13,WIFUSDT,0.5899,0.7979,0.79700433,0.3233333333,0.3145424837,True,True,True,True,True
7,3,short,2025-02-15,PNUTUSDT,0.1547,0.25,0.24921,0.3233333333,0.2984126984,True,True,True,True,True
7,3,short,2025-02-16,PNUTUSDT,0.15115,0.25,0.24921,0.3233333333,0.2984126984,True,True,True,True,True
7,3,short,2025-02-17,PNUTUSDT,0.15004,0.25,0.24921,0.3233333333,0.2984126984,True,True,True,True,True
7,3,short,2025-02-18,AIXBTUSDT,0.182,0.23787,0.23758161,0.3233333333,0.2984126984,False,False,True,True,True
7,3,short,2025-02-18,PNUTUSDT,0.14337,0.25,0.24921,0.3233333333,0.2984126984,True,True,True,True,True
7,3,short,2025-02-19,AIXBTUSDT,0.17824,0.23787,0.23758161,0.3233333333,0.2984126984,True,True,True,True,True
7,3,short,2025-02-19,FARTCOINUSDT,0.298,0.4093,0.40822907,0.3233333333,0.3145424837,True,True,True,True,True
7,3,short,2025-02-19,PNUTUSDT,0.13915,0.25,0.24921,0.3233333333,0.2984126984,True,True,True,True,True
7,3,short,2025-02-20,PNUTUSDT,0.1441,0.25,0.24921,0.3233333333,0.2984126984,True,True,True,True,True
7,3,short,2025-02-21,PNUTUSDT,0.14449,0.30947,0.30840096,0.3233333333,0.2984126984,True,True,True,True,True
7,3,short,2025-02-22,PNUTUSDT,0.2199,0.30947,0.30840096,0.3233333333,0.2984126984,True,True,True,True,True
7,3,short,2025-02-23,ADAUSDT,0.7692,1.1508,1.143,0.3233333333,0.3250825083,True,True,True,True,True
7,3,short,2025-02-23,PNUTUSDT,0.17879,0.30947,0.30840096,0.3233333333,0.2984126984,True,True,True,True,True
7,3,short,2025-02-24,ADAUSDT,0.6811,1.1753,1.17062756,0.3233333333,0.3250825083,True,True,True,True,True
7,3,short,2025-02-24,FARTCOINUSDT,0.2778,0.3981,0.3962,0.3233333333,0.3145424837,True,True,True,True,True
7,3,short,2025-02-24,PNUTUSDT,0.14963,0.30947,0.30840096,0.3233333333,0.2984126984,True,True,True,True,True
7,3,short,2025-02-24,WIFUSDT,0.5557,0.7891,0.78914778,0.3233333333,0.3145424837,True,True,True,True,True
7,3,short,2025-02-25,ADAUSDT,0.6829,1.1753,1.17062756,0.3233333333,0.3250825083,True,True,True,True,True
7,3,short,2025-02-25,FARTCOINUSDT,0.2892,0.3981,0.3962,0.3233333333,0.3145424837,True,True,True,True,True
7,3,short,2025-02-25,PNUTUSDT,0.17451,0.30947,0.30840096,0.3233333333,0.2984126984,True,True,True,True,True
7,3,short,2025-02-25,WIFUSDT,0.5495,0.7891,0.78914778,0.3233333333,0.3145424837,True,True,True,True,True
7,3,short,2025-02-26,ADAUSDT,0.6469,1.1753,1.17062756,0.3233333333,0.3250825083,True,True,True,True,True
7,3,short,2025-02-26,PNUTUSDT,0.20968,0.30947,0.30840096,0.3233333333,0.2984126984,True,True,True,True,True
7,3,short,2025-02-26,SOLUSDT,135.27,180,179.66,0.3233333333,0.3266998342,True,True,True,True,True
7,3,short,2025-02-26,WIFUSDT,0.5789,0.7891,0.78914778,0.3233333333,0.3145424837,True,True,True,True,True
7,3,short,2025-02-26,XRPUSDT,2.1971,3.0065,2.9981,0.3233333333,0.3266998342,True,True,True,True,True
7,3,short,2025-02-27,ADAUSDT,0.6448,1.1753,1.17062756,0.3233333333,0.3250825083,True,True,True,True,True
7,3,short,2025-02-27,PNUTUSDT,0.18579,0.30947,0.30840096,0.3233333333,0.2984126984,True,True,True,True,True
7,3,short,2025-02-27,WIFUSDT,0.5851,0.7891,0.78914778,0.3233333333,0.3145424837,True,True,True,True,True
7,3,short,2025-02-27,XRPUSDT,2.1973,3.0065,2.9981,0.3233333333,0.3266998342,True,True,True,True,True
7,3,short,2025-02-28,ADAUSDT,0.6326,1.1753,1.17062756,0.3233333333,0.3250825083,True,True,True,True,True
7,3,short,2025-02-28,FARTCOINUSDT,0.2972,0.3981,0.3962,0.3233333333,0.3145424837,True,True,True,True,True
7,3,short,2025-02-28,XRPUSDT,2.1443,3.0065,2.9981,0.3233333333,0.3266998342,True,True,True,True,True
7,3,short,2025-03-01,ADAUSDT,0.6589,1.1753,1.17062756,0.3233333333,0.3250825083,True,True,True,True,True
7,3,short,2025-03-01,FARTCOINUSDT,0.2516,0.3981,0.3962,0.3233333333,0.3145424837,True,True,True,True,True
7,3,short,2025-03-01,TRUMPUSDT,13.161,17.747,17.725,0.3233333333,0.316091954,True,True,True,True,True
7,3,short,2025-03-01,XRPUSDT,2.1904,3.0065,2.9981,0.3233333333,0.3266998342,True,True,True,True,True
7,3,short,2025-03-03,BNXUSDT,0.8302,1.092,1.0899,0.3233333333,0.2698412698,False,False,True,True,True
7,3,short,2025-03-03,FARTCOINUSDT,0.2686,0.361,0.360315,0.3233333333,0.3145424837,True,True,True,True,True
7,3,short,2025-03-04,BNXUSDT,0.8785,1.29,1.27574841,0.3233333333,0.2698412698,True,True,True,True,True
7,3,short,2025-03-04,FARTCOINUSDT,0.258,0.361,0.360315,0.3233333333,0.3145424837,True,True,True,True,True
7,3,short,2025-03-05,BNXUSDT,0.8174,1.29,1.27574841,0.3233333333,0.2698412698,True,True,True,True,True
7,3,short,2025-03-05,ENAUSDT,0.3435,0.4794,0.47910727,0.3233333333,0.3201320132,True,True,True,True,True
7,3,short,2025-03-06,BNXUSDT,0.728,1.29,1.27574841,0.3233333333,0.2698412698,True,True,True,True,True
7,3,short,2025-03-07,BNXUSDT,0.9644,1.29,1.27574841,0.3233333333,0.2698412698,True,False,True,True,True
7,3,short,2025-03-08,BNXUSDT,0.9659,1.29,1.27574841,0.3233333333,0.2698412698,True,False,True,True,True
7,3,short,2025-03-08,FARTCOINUSDT,0.2373,0.3485,0.3476871,0.3233333333,0.3145424837,True,True,True,True,True
7,3,short,2025-03-09,BNXUSDT,1.0137,1.59,1.5514,0.3233333333,0.2698412698,True,True,True,True,True
7,3,short,2025-03-09,FARTCOINUSDT,0.232,0.3591,0.35855752,0.3233333333,0.3145424837,True,True,True,True,True
7,3,short,2025-03-09,PNUTUSDT,0.15678,0.21633,0.21614,0.3233333333,0.2984126984,True,True,True,True,True
7,3,short,2025-03-10,1000PEPEUSDT,0.0056983,0.007609,0.00760492,0.3233333333,0.3247226362,True,True,True,True,True
7,3,short,2025-03-10,BNXUSDT,0.9792,2,1.97428117,0.3233333333,0.2698412698,True,True,True,True,True
7,3,short,2025-03-10,FARTCOINUSDT,0.2187,0.3591,0.35855752,0.3233333333,0.3145424837,True,True,True,True,True
7,3,short,2025-03-10,PNUTUSDT,0.1532,0.21633,0.21614,0.3233333333,0.2984126984,True,True,True,True,True
7,3,short,2025-03-11,BNXUSDT,1.232,2,2.04836834,0.3233333333,0.2698412698,True,True,True,True,True
7,3,short,2025-03-11,FARTCOINUSDT,0.2622,0.3591,0.35855752,0.3233333333,0.3145424837,True,True,True,True,True
7,3,short,2025-03-11,PNUTUSDT,0.16224,0.21633,0.21614,0.3233333333,0.2984126984,True,True,True,True,True
7,3,short,2025-03-12,BNXUSDT,1.0259,2,2.04836834,0.3233333333,0.2698412698,True,True,True,True,True
7,3,short,2025-03-12,FARTCOINUSDT,0.2908,0.4159,0.41485763,0.3233333333,0.3145424837,True,True,True,True,True
7,3,short,2025-03-12,PNUTUSDT,0.16624,0.21633,0.21614,0.3233333333,0.2984126984,False,False,True,True,True
7,3,short,2025-03-13,BNXUSDT,0.8364,2,2.04836834,0.3233333333,0.2698412698,True,True,True,True,True
7,3,short,2025-03-13,FARTCOINUSDT,0.2428,0.4199,0.41485763,0.3233333333,0.3145424837,True,True,True,True,True
7,3,short,2025-03-14,ARCUSDT,0.05255,0.072,0.07159498,0.3233333333,0.2621212121,True,True,True,True,True
7,3,short,2025-03-14,BNXUSDT,0.9985,2,2.04836834,0.3233333333,0.2698412698,True,True,True,True,True
7,3,short,2025-03-14,FARTCOINUSDT,0.2841,0.437,0.436,0.3233333333,0.3145424837,True,True,True,True,True
7,3,short,2025-03-15,ARCUSDT,0.04866,0.072,0.07159498,0.3233333333,0.2621212121,True,True,True,True,True
7,3,short,2025-03-15,BNXUSDT,1.1148,2,2.04836834,0.3233333333,0.2698412698,True,True,True,True,True
7,3,short,2025-03-15,FARTCOINUSDT,0.3354,0.4859,0.48411887,0.3233333333,0.3145424837,True,True,True,True,True
7,3,short,2025-03-16,BNXUSDT,1.4285,2,2.04836834,0.3233333333,0.2698412698,True,True,True,True,True
7,3,short,2025-03-16,FARTCOINUSDT,0.2956,0.5583,0.552898,0.3233333333,0.3145424837,True,True,True,True,True
7,3,short,2025-03-17,ARCUSDT,0.0621,0.08364,0.08357373,0.3233333333,0.2621212121,True,True,True,True,True
7,3,short,2025-03-17,FARTCOINUSDT,0.3223,0.6476,0.63885887,0.3233333333,0.3145424837,True,True,True,True,True
7,3,short,2025-03-17,PNUTUSDT,0.18125,0.2381,0.23731164,0.3233333333,0.2984126984,False,False,True,True,True
7,3,short,2025-03-18,ARCUSDT,0.04073,0.08364,0.08357373,0.3233333333,0.2621212121,True,True,True,True,True
7,3,short,2025-03-18,FARTCOINUSDT,0.2953,0.6476,0.63885887,0.3233333333,0.3145424837,True,True,True,True,True
7,3,short,2025-03-18,PNUTUSDT,0.17177,0.2381,0.23731164,0.3233333333,0.2984126984,True,True,True,True,True
7,3,short,2025-03-19,ARCUSDT,0.05051,0.08364,0.08357373,0.3233333333,0.2621212121,True,True,True,True,True
7,3,short,2025-03-19,FARTCOINUSDT,0.3976,0.6476,0.63957977,0.3233333333,0.3145424837,True,True,True,True,True
7,3,short,2025-03-19,PNUTUSDT,0.17761,0.2381,0.23731164,0.3233333333,0.2984126984,True,True,True,True,True
7,3,short,2025-03-20,ARCUSDT,0.05836,0.08364,0.08357373,0.3233333333,0.2621212121,True,True,True,True,True
7,3,short,2025-03-20,FARTCOINUSDT,0.3601,0.6476,0.63957977,0.3233333333,0.3145424837,True,True,True,True,True
7,3,short,2025-03-20,PNUTUSDT,0.17215,0.2381,0.23731164,0.3233333333,0.2984126984,True,True,True,True,True
7,3,short,2025-03-21,ARCUSDT,0.06244,0.08364,0.08357373,0.3233333333,0.2621212121,True,True,True,True,True
7,3,short,2025-03-21,FARTCOINUSDT,0.4276,0.6476,0.63957977,0.3233333333,0.3145424837,True,True,True,True,True
7,3,short,2025-03-21,PNUTUSDT,0.17434,0.2381,0.23731164,0.3233333333,0.2984126984,True,True,True,True,True
7,3,short,2025-03-22,ARCUSDT,0.0579,0.08364,0.08357373,0.3233333333,0.2621212121,True,True,True,True,True
7,3,short,2025-03-22,FARTCOINUSDT,0.442,0.6476,0.63957977,0.3233333333,0.3145424837,True,True,True,True,True
7,3,short,2025-03-23,ARCUSDT,0.05291,0.08364,0.08357373,0.3233333333,0.2621212121,True,True,True,True,True
7,3,short,2025-03-29,FARTCOINUSDT,0.4195,0.5692,0.5685,0.3233333333,0.3145424837,True,True,True,True,True
7,3,short,2025-04-01,RAREUSDT,0.05689,0.07747,0.07830847,0.3233333333,0.2984126984,True,True,True,True,True
7,3,short,2025-04-02,FARTCOINUSDT,0.4229,0.7864,0.78334957,0.3233333333,0.3145424837,True,True,True,True,True
7,3,short,2025-04-02,RAREUSDT,0.05356,0.07747,0.07830847,0.3233333333,0.2984126984,True,True,True,True,True
7,3,short,2025-04-03,FARTCOINUSDT,0.4174,0.7864,0.78334957,0.3233333333,0.3145424837,True,True,True,True,True
7,3,short,2025-04-04,FARTCOINUSDT,0.5124,0.988,0.98291117,0.3233333333,0.3145424837,True,True,True,True,True
7,3,short,2025-04-05,FARTCOINUSDT,0.4965,0.988,0.98291117,0.3233333333,0.3145424837,True,True,True,True,True
7,3,short,2025-04-06,FARTCOINUSDT,0.4446,0.988,0.98291117,0.3233333333,0.3145424837,True,True,True,True,True
7,3,short,2025-04-06,WIFUSDT,0.3346,0.4805,0.4806694,0.3233333333,0.3145424837,True,True,True,True,True
7,3,short,2025-04-07,FARTCOINUSDT,0.5533,0.988,0.98291117,0.3233333333,0.3145424837,True,True,True,True,True
7,3,short,2025-04-07,WIFUSDT,0.3433,0.4818,0.48172324,0.3233333333,0.3145424837,True,True,True,True,True
7,3,short,2025-04-08,FARTCOINUSDT,0.5105,0.988,0.98291117,0.3233333333,0.3145424837,True,True,True,True,True
7,3,short,2025-04-08,WIFUSDT,0.3193,0.4818,0.48172324,0.3233333333,0.3145424837,True,True,True,True,True
7,3,short,2025-04-10,WIFUSDT,0.3655,0.4818,0.48172324,0.3233333333,0.3145424837,False,False,True,True,True
7,3,short,2025-04-15,FARTCOINUSDT,0.8099,1.2097,1.2068,0.3233333333,0.3145424837,True,True,True,True,True
7,3,short,2025-04-15,WIFUSDT,0.3882,0.5111,0.51069599,0.3233333333,0.3145424837,False,False,True,True,True
7,3,short,2025-04-16,1000PEPEUSDT,0.0071305,0.0096727,0.00929906,0.3233333333,0.3247226362,True,False,True,False,True
7,3,short,2025-04-16,ENAUSDT,0.27,0.3578,0.35712978,0.3233333333,0.3201320132,True,False,True,True,True
7,3,short,2025-04-16,FARTCOINUSDT,0.8982,1.2097,1.2068,0.3233333333,0.3145424837,True,True,True,True,True
7,3,short,2025-04-16,KAITOUSDT,0.6931,0.9256,0.9225,0.3233333333,0.3145424837,True,True,True,True,True
7,3,short,2025-04-16,PNUTUSDT,0.12362,0.18097,0.18042114,0.3233333333,0.2984126984,True,True,True,True,True
7,3,short,2025-04-16,SUIUSDT,2.0541,3.0797,3.0757,0.3233333333,0.3201320132,True,True,True,True,True
7,3,short,2025-04-16,TRUMPUSDT,7.715,16.092,16.05345245,0.3233333333,0.316091954,True,True,True,True,True
7,3,short,2025-04-16,WIFUSDT,0.3782,0.584,0.58393262,0.3233333333,0.3145424837,True,True,True,True,True
7,3,short,2025-04-17,1000PEPEUSDT,0.0072316,0.0096727,0.00929906,0.3233333333,0.3247226362,True,False,True,False,True
7,3,short,2025-04-17,ENAUSDT,0.276,0.3664,0.3663,0.3233333333,0.3201320132,True,True,True,True,True
7,3,short,2025-04-17,FARTCOINUSDT,0.8342,1.2097,1.2068,0.3233333333,0.3145424837,True,True,True,True,True
7,3,short,2025-04-17,KAITOUSDT,0.6971,0.9487,0.9486,0.3233333333,0.3145424837,True,True,True,True,True
7,3,short,2025-04-17,PNUTUSDT,0.12825,0.18097,0.18042114,0.3233333333,0.2984126984,True,True,True,True,True
7,3,short,2025-04-17,SUIUSDT,2.1218,3.393,3.3905,0.3233333333,0.3201320132,True,True,True,True,True
7,3,short,2025-04-17,TRUMPUSDT,7.556,16.092,16.05345245,0.3233333333,0.316091954,True,True,True,True,True
7,3,short,2025-04-17,WIFUSDT,0.3761,0.584,0.58393262,0.3233333333,0.3145424837,True,True,True,True,True
7,3,short,2025-04-18,ENAUSDT,0.2809,0.3777,0.37727696,0.3233333333,0.3201320132,True,True,True,True,True
7,3,short,2025-04-18,FARTCOINUSDT,0.733,1.2097,1.2068,0.3233333333,0.3145424837,True,True,True,True,True
7,3,short,2025-04-18,KAITOUSDT,0.7234,0.9683,0.96766714,0.3233333333,0.3145424837,True,True,True,True,True
7,3,short,2025-04-18,PNUTUSDT,0.12959,0.18288,0.18267352,0.3233333333,0.2984126984,True,True,True,True,True
7,3,short,2025-04-18,SUIUSDT,2.1189,3.8114,3.8021,0.3233333333,0.3201320132,True,True,True,True,True
7,3,short,2025-04-18,TRUMPUSDT,7.786,16.092,16.05345245,0.3233333333,0.316091954,True,True,True,True,True
7,3,short,2025-04-18,WIFUSDT,0.4018,0.6697,0.66851346,0.3233333333,0.3145424837,True,True,True,True,True
7,3,short,2025-04-19,ENAUSDT,0.285,0.3795,0.37944327,0.3233333333,0.3201320132,True,True,True,True,True
7,3,short,2025-04-19,FARTCOINUSDT,0.8144,1.2097,1.2068,0.3233333333,0.3145424837,True,True,True,True,True
7,3,short,2025-04-19,KAITOUSDT,0.7507,1.0545,1.0544,0.3233333333,0.3145424837,True,True,True,True,True
7,3,short,2025-04-19,PNUTUSDT,0.13391,0.19712,0.19692469,0.3233333333,0.2984126984,True,True,True,True,True
7,3,short,2025-04-19,SUIUSDT,2.1541,3.8114,3.8021,0.3233333333,0.3201320132,True,True,True,True,True
7,3,short,2025-04-19,TRUMPUSDT,8.411,16.442,16.41076842,0.3233333333,0.316091954,True,True,True,True,True
7,3,short,2025-04-19,WIFUSDT,0.4174,0.7202,0.71956992,0.3233333333,0.3145424837,True,True,True,True,True
7,3,short,2025-04-20,ENAUSDT,0.2857,0.3795,0.37944327,0.3233333333,0.3201320132,True,True,True,True,True
7,3,short,2025-04-20,FARTCOINUSDT,0.8951,1.2097,1.2068,0.3233333333,0.3145424837,True,True,True,True,True
7,3,short,2025-04-20,KAITOUSDT,0.7754,1.0583,1.0581,0.3233333333,0.3145424837,True,True,True,True,True
7,3,short,2025-04-20,PNUTUSDT,0.13521,0.19712,0.19692469,0.3233333333,0.2984126984,True,True,True,True,True
7,3,short,2025-04-20,SUIUSDT,2.1124,3.8114,3.8021,0.3233333333,0.3201320132,True,True,True,True,True
7,3,short,2025-04-20,TRUMPUSDT,8.171,16.442,16.41076842,0.3233333333,0.316091954,True,True,True,True,True
7,3,short,2025-04-20,WIFUSDT,0.4283,0.7202,0.71956992,0.3233333333,0.3145424837,True,True,True,True,True
7,3,short,2025-04-21,ENAUSDT,0.2872,0.3795,0.37944327,0.3233333333,0.3201320132,False,False,True,True,True
7,3,short,2025-04-21,FARTCOINUSDT,0.9343,1.2364,1.22302761,0.3233333333,0.3145424837,True,False,True,False,True
7,3,short,2025-04-21,KAITOUSDT,0.7734,1.0583,1.0581,0.3233333333,0.3145424837,True,True,True,True,True
7,3,short,2025-04-21,PNUTUSDT,0.13379,0.19869,0.1985064,0.3233333333,0.2984126984,True,True,True,True,True
7,3,short,2025-04-21,SUIUSDT,2.1953,3.87,3.87,0.3233333333,0.3201320132,True,True,True,True,True
7,3,short,2025-04-21,TRUMPUSDT,8.314,16.442,16.41076842,0.3233333333,0.316091954,True,True,True,True,True
7,3,short,2025-04-21,WIFUSDT,0.4226,0.7202,0.71956992,0.3233333333,0.3145424837,True,True,True,True,True
7,3,short,2025-04-22,PNUTUSDT,0.15078,0.19869,0.1985064,0.3233333333,0.2984126984,False,False,True,True,True
7,3,short,2025-04-22,SUIUSDT,2.6666,3.87,3.87,0.3233333333,0.3201320132,True,True,True,True,True
7,3,short,2025-04-22,TRUMPUSDT,9.222,16.442,16.41076842,0.3233333333,0.316091954,True,True,True,True,True
7,3,short,2025-04-22,WIFUSDT,0.5007,0.7202,0.71956992,0.3233333333,0.3145424837,True,True,True,True,True
7,3,short,2025-04-23,WIFUSDT,0.5389,0.7202,0.71956992,0.3233333333,0.3145424837,True,True,True,True,True
7,3,short,2025-04-24,TRUMPUSDT,12.201,16.442,16.41076842,0.3233333333,0.316091954,True,True,True,True,True
7,3,short,2025-04-30,KAITOUSDT,0.8386,1.52,1.5144,0.3233333333,0.3145424837,True,True,True,True,True
7,3,short,2025-05-01,1000PEPEUSDT,0.0087265,0.0117921,0.0117698,0.3233333333,0.3247226362,True,True,True,True,True
7,3,short,2025-05-02,1000PEPEUSDT,0.0086911,0.0139697,0.01394514,0.3233333333,0.3247226362,True,True,True,True,True
7,3,short,2025-05-02,ETHUSDT,1841.22,2490.75,2487.539998,0.3233333333,0.3280212483,True,True,True,True,True
7,3,short,2025-05-03,1000PEPEUSDT,0.0081707,0.014071,0.0140323,0.3233333333,0.3247226362,True,True,True,True,True
7,3,short,2025-05-03,DOGEUSDT,0.17555,0.2512,0.25056833,0.3233333333,0.3247226362,True,True,True,True,True
7,3,short,2025-05-03,ENAUSDT,0.2914,0.4273,0.4271,0.3233333333,0.3201320132,True,True,True,True,True
7,3,short,2025-05-03,EOSUSDT,0.724,0.999,0.99760337,0.3233333333,,True,True,False,False,False
7,3,short,2025-05-03,ETHUSDT,1832.55,2600.76,2598.560394,0.3233333333,0.3280212483,True,True,True,True,True
7,3,short,2025-05-03,FARTCOINUSDT,1.0882,1.459,1.45336549,0.3233333333,0.3145424837,True,True,True,True,True
7,3,short,2025-05-03,TRUMPUSDT,11.307,15.25,15.23738048,0.3233333333,0.316091954,True,True,True,True,True
7,3,short,2025-05-04,1000PEPEUSDT,0.0080764,0.0142666,0.0142289,0.3233333333,0.3247226362,True,True,True,True,True
7,3,short,2025-05-04,DOGEUSDT,0.1704,0.25973,0.25942,0.3233333333,0.3247226362,True,True,True,True,True
7,3,short,2025-05-04,ENAUSDT,0.2858,0.4355,0.43509148,0.3233333333,0.3201320132,True,True,True,True,True
7,3,short,2025-05-04,EOSUSDT,0.694,0.999,0.99760337,0.3233333333,,True,True,False,False,False
7,3,short,2025-05-04,ETHUSDT,1807.87,2608,2604.12503,0.3233333333,0.3280212483,True,True,True,True,True
7,3,short,2025-05-04,FARTCOINUSDT,1.0851,1.459,1.45336549,0.3233333333,0.3145424837,True,True,True,True,True
7,3,short,2025-05-04,OMUSDT,0.39025,0.51748,0.51597024,0.3233333333,0.2736507937,True,False,True,True,True
7,3,short,2025-05-04,TRUMPUSDT,10.957,15.25,15.23738048,0.3233333333,0.316091954,True,True,True,True,True
7,3,short,2025-05-05,1000PEPEUSDT,0.0079342,0.0153987,0.01539125,0.3233333333,0.3247226362,True,True,True,True,True
7,3,short,2025-05-05,AVAXUSDT,19.672,26.834,26.82552603,0.3233333333,0.3266998342,True,True,True,True,True
7,3,short,2025-05-05,DOGEUSDT,0.1705,0.25973,0.25942,0.3233333333,0.3247226362,True,True,True,True,True
7,3,short,2025-05-05,ENAUSDT,0.2619,0.4395,0.43923421,0.3233333333,0.3201320132,True,True,True,True,True
7,3,short,2025-05-05,EOSUSDT,0.704,0.999,0.99760337,0.3233333333,,True,True,False,False,False
7,3,short,2025-05-05,ETHUSDT,1819.43,2624.84,2622.485157,0.3233333333,0.3280212483,True,True,True,True,True
7,3,short,2025-05-05,GUNUSDT,0.0484,0.06611,0.06607346,0.3233333333,0.2984126984,True,True,True,True,True
7,3,short,2025-05-05,OMUSDT,0.39512,0.51748,0.51597024,0.3233333333,0.2736507937,False,False,True,True,True
7,3,short,2025-05-05,TRUMPUSDT,11.171,15.25,15.23738048,0.3233333333,0.316091954,True,True,True,True,True
7,3,short,2025-05-06,1000PEPEUSDT,0.0079884,0.0153987,0.01539125,0.3233333333,0.3247226362,True,True,True,True,True
7,3,short,2025-05-06,AVAXUSDT,20.005,26.834,26.82552603,0.3233333333,0.3266998342,True,True,True,True,True
7,3,short,2025-05-06,DOGEUSDT,0.17211,0.25973,0.25942,0.3233333333,0.3247226362,True,True,True,True,True
7,3,short,2025-05-06,ENAUSDT,0.2696,0.4611,0.46050301,0.3233333333,0.3201320132,True,True,True,True,True
7,3,short,2025-05-06,EOSUSDT,0.69,0.999,0.99760337,0.3233333333,,True,True,False,False,False
7,3,short,2025-05-06,ETHUSDT,1816.22,2738.62,2736.849085,0.3233333333,0.3280212483,True,True,True,True,True
7,3,short,2025-05-06,FARTCOINUSDT,1.0814,1.4778,1.47505955,0.3233333333,0.3145424837,True,True,True,True,True
7,3,short,2025-05-06,GUNUSDT,0.04526,0.07149,0.07145417,0.3233333333,0.2984126984,True,True,True,True,True
7,3,short,2025-05-06,OMUSDT,0.38995,0.51748,0.51597024,0.3233333333,0.2736507937,True,False,True,True,True
7,3,short,2025-05-06,TRUMPUSDT,11.048,15.25,15.23738048,0.3233333333,0.316091954,True,True,True,True,True
7,3,short,2025-05-07,1000PEPEUSDT,0.0082465,0.0153987,0.01539125,0.3233333333,0.3247226362,True,True,True,True,True
7,3,short,2025-05-07,AVAXUSDT,19.537,26.834,26.82552603,0.3233333333,0.3266998342,True,True,True,True,True
7,3,short,2025-05-07,DOGEUSDT,0.17193,0.25973,0.25942,0.3233333333,0.3247226362,True,True,True,True,True
7,3,short,2025-05-07,ENAUSDT,0.2673,0.4628,0.46277854,0.3233333333,0.3201320132,True,True,True,True,True
7,3,short,2025-05-07,ETHUSDT,1810.14,2738.62,2736.849085,0.3233333333,0.3280212483,True,True,True,True,True
7,3,short,2025-05-07,FARTCOINUSDT,1.0224,1.4779,1.47505955,0.3233333333,0.3145424837,True,True,True,True,True
7,3,short,2025-05-07,GUNUSDT,0.04768,0.07164,0.07162,0.3233333333,0.2984126984,True,True,True,True,True
7,3,short,2025-05-07,OMUSDT,0.35886,0.51748,0.51597024,0.3233333333,0.2736507937,True,True,True,True,True
7,3,short,2025-05-07,TRUMPUSDT,10.973,15.25,15.23738048,0.3233333333,0.316091954,True,True,True,True,True
7,3,short,2025-05-08,1000PEPEUSDT,0.0111212,0.0153987,0.01539125,0.3233333333,0.3247226362,True,True,True,True,True
7,3,short,2025-05-08,ENAUSDT,0.3406,0.4628,0.46277854,0.3233333333,0.3201320132,True,True,True,True,True
7,3,short,2025-05-08,GUNUSDT,0.05162,0.07164,0.07162,0.3233333333,0.2984126984,True,True,True,True,True
7,3,short,2025-05-08,OMUSDT,0.3736,0.51748,0.51597024,0.3233333333,0.2736507937,True,True,True,True,True
7,3,short,2025-05-09,OMUSDT,0.38313,0.51748,0.51597024,0.3233333333,0.2736507937,True,True,True,True,True
7,3,short,2025-05-16,FARTCOINUSDT,1.1922,1.6492,1.6489,0.3233333333,0.3145424837,True,True,True,True,True
7,3,short,2025-05-16,OMUSDT,0.38446,0.49562,0.494,0.3233333333,0.2736507937,False,False,True,True,True
7,3,short,2025-05-17,1000PEPEUSDT,0.0121608,0.0163464,0.01631959,0.3233333333,0.3247226362,True,True,True,True,True
7,3,short,2025-05-17,FARTCOINUSDT,1.2045,1.6492,1.6489,0.3233333333,0.3145424837,True,True,True,True,True
7,3,short,2025-05-17,OMUSDT,0.37443,0.49562,0.494,0.3233333333,0.2736507937,True,False,True,True,True
7,3,short,2025-05-19,FARTCOINUSDT,1.2083,1.6492,1.6489,0.3233333333,0.3145424837,True,True,True,True,True
7,3,short,2025-05-20,OMUSDT,0.38582,0.49562,0.494,0.3233333333,0.2736507937,False,False,True,True,True
7,3,short,2025-05-23,VOXELUSDT,0.06378,0.0847,0.08459188,0.3233333333,0.2575757576,True,True,True,True,True
7,3,short,2025-06-03,FARTCOINUSDT,1.0282,1.3964,1.3932,0.3233333333,0.3145424837,True,True,True,True,True
7,3,short,2025-06-04,FARTCOINUSDT,0.9449,1.545,1.51463252,0.3233333333,0.3145424837,True,True,True,True,True
7,3,short,2025-06-05,ENAUSDT,0.2838,0.3781,0.37724002,0.3233333333,0.3201320132,True,True,True,True,True
7,3,short,2025-06-05,FARTCOINUSDT,1.0287,1.545,1.51463252,0.3233333333,0.3145424837,True,True,True,True,True
7,3,short,2025-06-05,NEIROUSDT,0.0004029,0.0005385,0.0005383,0.3233333333,0.2984126984,True,True,True,True,True
7,3,short,2025-06-05,PNUTUSDT,0.23377,0.30583,0.30573446,0.3233333333,0.2984126984,False,False,True,True,True
7,3,short,2025-06-05,VIRTUALUSDT,1.6534,2.3227,2.3208921,0.3233333333,0.3145424837,True,True,True,True,True
7,3,short,2025-06-06,FARTCOINUSDT,0.9665,1.545,1.51463252,0.3233333333,0.3145424837,True,True,True,True,True
7,3,short,2025-06-06,NEIROUSDT,0.0003933,0.0005385,0.0005383,0.3233333333,0.2984126984,True,True,True,True,True
7,3,short,2025-06-06,WIFUSDT,0.8138,1.078,1.07744964,0.3233333333,0.3145424837,True,True,True,True,True
7,3,short,2025-06-07,FARTCOINUSDT,1.0049,1.545,1.51463252,0.3233333333,0.3145424837,True,True,True,True,True
7,3,short,2025-06-08,FARTCOINUSDT,1.0377,1.545,1.51463252,0.3233333333,0.3145424837,True,True,True,True,True
7,3,short,2025-06-22,WIFUSDT,0.6882,0.9065,0.90591138,0.3233333333,0.3145424837,False,False,True,True,True
7,3,short,2025-06-26,FARTCOINUSDT,0.9461,1.2753,1.27391329,0.3233333333,0.3145424837,True,True,True,True,True
7,3,short,2025-07-01,FUNUSDT,0.009987,0.015648,0.01562699,0.3233333333,0.2817460317,True,True,True,True,True
7,3,short,2025-07-02,FUNUSDT,0.009986,0.015648,0.01562699,0.3233333333,0.2817460317,True,True,True,True,True
7,3,short,2025-07-03,FUNUSDT,0.011215,0.015648,0.01562699,0.3233333333,0.2817460317,True,True,True,True,True
7,3,short,2025-07-04,1000PEPEUSDT,0.0096386,0.0132875,0.01325861,0.3233333333,0.3247226362,True,True,True,True,True
7,3,short,2025-07-04,ADAUSDT,0.572,0.7773,0.77673395,0.3233333333,0.3250825083,True,True,True,True,True
7,3,short,2025-07-04,ENAUSDT,0.253,0.3852,0.3839,0.3233333333,0.3201320132,True,True,True,True,True
7,3,short,2025-07-04,FUNUSDT,0.013836,0.017872,0.01791154,0.3233333333,0.2817460317,False,False,True,True,True
7,3,short,2025-07-04,XRPUSDT,2.2194,2.9777,2.97572908,0.3233333333,0.3266998342,True,True,True,True,True
7,3,short,2025-07-05,1000PEPEUSDT,0.0096863,0.0132875,0.01325861,0.3233333333,0.3247226362,True,True,True,True,True
7,3,short,2025-07-05,ADAUSDT,0.5752,0.7773,0.77673395,0.3233333333,0.3250825083,True,True,True,True,True
7,3,short,2025-07-05,ENAUSDT,0.2548,0.3852,0.3839,0.3233333333,0.3201320132,True,True,True,True,True
7,3,short,2025-07-05,FUNUSDT,0.013386,0.017872,0.01791154,0.3233333333,0.2817460317,True,True,True,True,True
7,3,short,2025-07-05,XRPUSDT,2.2163,2.9777,2.97572908,0.3233333333,0.3266998342,True,True,True,True,True
7,3,short,2025-07-06,1000PEPEUSDT,0.0100205,0.0132875,0.01325861,0.3233333333,0.3247226362,True,False,True,False,True
7,3,short,2025-07-06,ADAUSDT,0.5854,0.7773,0.77673395,0.3233333333,0.3250825083,True,True,True,True,True
7,3,short,2025-07-06,ENAUSDT,0.2618,0.3852,0.3839,0.3233333333,0.3201320132,True,True,True,True,True
7,3,short,2025-07-06,FUNUSDT,0.013107,0.0189,0.01889755,0.3233333333,0.2817460317,True,True,True,True,True
7,3,short,2025-07-07,1000PEPEUSDT,0.0099023,0.0133698,0.01336194,0.3233333333,0.3247226362,True,True,True,True,True
7,3,short,2025-07-07,ADAUSDT,0.5802,0.7773,0.77673395,0.3233333333,0.3250825083,True,True,True,True,True
7,3,short,2025-07-07,ENAUSDT,0.2564,0.3852,0.3839,0.3233333333,0.3201320132,True,True,True,True,True
7,3,short,2025-07-07,FUNUSDT,0.013083,0.023834,0.02373847,0.3233333333,0.2817460317,True,True,True,True,True
7,3,short,2025-07-07,SUIUSDT,2.8567,4.0034,3.99990017,0.3233333333,0.3201320132,True,True,True,True,True
7,3,short,2025-07-07,XRPUSDT,2.2694,3.0379,3.0339,0.3233333333,0.3266998342,True,True,True,True,True
7,3,short,2025-07-08,ENAUSDT,0.2653,0.3852,0.3839,0.3233333333,0.3201320132,True,True,True,True,True
7,3,short,2025-07-08,FARTCOINUSDT,1.0579,1.4279,1.42625692,0.3233333333,0.3145424837,True,True,True,True,True
7,3,short,2025-07-08,FUNUSDT,0.013429,0.02485,0.0247793,0.3233333333,0.2817460317,True,True,True,True,True
7,3,short,2025-07-08,SUIUSDT,2.8932,4.116,4.10746248,0.3233333333,0.3201320132,True,True,True,True,True
7,3,short,2025-07-09,ENAUSDT,0.2876,0.3852,0.3839,0.3233333333,0.3201320132,True,True,True,True,True
7,3,short,2025-07-09,FUNUSDT,0.013346,0.02485,0.0247793,0.3233333333,0.2817460317,True,True,True,True,True
7,3,short,2025-07-09,SUIUSDT,3.0722,4.116,4.10746248,0.3233333333,0.3201320132,True,True,True,True,True
7,3,short,2025-07-10,FUNUSDT,0.013478,0.02485,0.0247793,0.3233333333,0.2817460317,True,True,True,True,True
7,3,short,2025-07-10,XRPUSDT,2.5463,3.5555,3.55315833,0.3233333333,0.3266998342,True,True,True,True,True
7,3,short,2025-07-11,FUNUSDT,0.015246,0.02485,0.0247793,0.3233333333,0.2817460317,True,True,True,True,True
7,3,short,2025-07-11,XRPUSDT,2.7335,3.6646,3.66251557,0.3233333333,0.3266998342,True,True,True,True,True
7,3,short,2025-07-12,ENAUSDT,0.3225,0.4417,0.4417,0.3233333333,0.3201320132,True,True,True,True,True
7,3,short,2025-07-12,FUNUSDT,0.016194,0.02485,0.0247793,0.3233333333,0.2817460317,True,True,True,True,True
7,3,short,2025-07-12,XRPUSDT,2.7395,3.6646,3.66251557,0.3233333333,0.3266998342,True,True,True,True,True
7,3,short,2025-07-13,DOGEUSDT,0.19843,0.27837,0.27812712,0.3233333333,0.3247226362,True,True,True,True,True
7,3,short,2025-07-13,ENAUSDT,0.3428,0.5262,0.52546028,0.3233333333,0.3201320132,True,True,True,True,True
7,3,short,2025-07-13,FUNUSDT,0.017928,0.02485,0.0247793,0.3233333333,0.2817460317,True,True,True,True,True
7,3,short,2025-07-14,DOGEUSDT,0.19736,0.28767,0.28744061,0.3233333333,0.3247226362,True,True,True,True,True
7,3,short,2025-07-14,ENAUSDT,0.337,0.5918,0.5915,0.3233333333,0.3201320132,True,True,True,True,True
7,3,short,2025-07-15,DOGEUSDT,0.19916,0.28767,0.28744061,0.3233333333,0.3247226362,True,True,True,True,True
7,3,short,2025-07-15,ENAUSDT,0.3611,0.5918,0.5915,0.3233333333,0.3201320132,True,True,True,True,True
7,3,short,2025-07-15,FARTCOINUSDT,1.2402,1.6934,1.6924,0.3233333333,0.3145424837,True,True,True,True,True
7,3,short,2025-07-16,DOGEUSDT,0.2127,0.28767,0.28744061,0.3233333333,0.3247226362,True,True,True,True,True
7,3,short,2025-07-16,ENAUSDT,0.3715,0.5918,0.5915,0.3233333333,0.3201320132,True,True,True,True,True
7,3,short,2025-07-17,ENAUSDT,0.3786,0.5918,0.5915,0.3233333333,0.3201320132,True,True,True,True,True
7,3,short,2025-07-18,ENAUSDT,0.39,0.6248,0.62449973,0.3233333333,0.3201320132,True,True,True,True,True
7,3,short,2025-07-19,ENAUSDT,0.434,0.6355,0.6347,0.3233333333,0.3201320132,True,True,True,True,True
7,3,short,2025-07-20,ENAUSDT,0.4916,0.6881,0.6878,0.3233333333,0.3201320132,True,True,True,True,True
7,3,short,2025-07-21,ENAUSDT,0.5166,0.7015,0.70093379,0.3233333333,0.3201320132,True,True,True,True,True
7,3,short,2025-07-22,ENAUSDT,0.5085,0.7015,0.70093379,0.3233333333,0.3201320132,True,True,True,True,True
7,3,short,2025-07-23,ENAUSDT,0.4599,0.7015,0.70093379,0.3233333333,0.3201320132,True,True,True,True,True
7,3,short,2025-07-24,ENAUSDT,0.4715,0.7015,0.70093379,0.3233333333,0.3201320132,True,True,True,True,True
7,3,short,2025-08-01,SPKUSDT,0.09125,0.13404,0.13353154,0.3233333333,0.3081300813,True,True,True,True,True
7,3,short,2025-08-02,ENAUSDT,0.521,0.7656,0.7649,0.3233333333,0.3201320132,True,True,True,True,True
7,3,short,2025-08-02,LINKUSDT,15.635,21.991,21.982,0.3233333333,0.3250825083,True,True,True,True,True
7,3,short,2025-08-02,SPKUSDT,0.08849,0.13404,0.13353154,0.3233333333,0.3081300813,True,True,True,True,True
7,3,short,2025-08-03,ENAUSDT,0.5936,0.8103,0.809631,0.3233333333,0.3201320132,True,True,True,True,True
7,3,short,2025-08-03,LINKUSDT,16.288,22.699,22.69827034,0.3233333333,0.3250825083,True,True,True,True,True
7,3,short,2025-08-03,SPKUSDT,0.09242,0.13404,0.13353154,0.3233333333,0.3081300813,True,True,True,True,True
7,3,short,2025-08-04,ENAUSDT,0.6037,0.8558,0.85553689,0.3233333333,0.3201320132,True,True,True,True,True
7,3,short,2025-08-04,LINKUSDT,17.107,22.699,22.69827034,0.3233333333,0.3250825083,True,True,True,True,True
7,3,short,2025-08-05,ENAUSDT,0.5794,0.8558,0.85553689,0.3233333333,0.3201320132,True,True,True,True,True
7,3,short,2025-08-05,LINKUSDT,16.374,24.191,24.18325222,0.3233333333,0.3250825083,True,True,True,True,True
7,3,short,2025-08-06,ENAUSDT,0.6009,0.8558,0.85553689,0.3233333333,0.3201320132,True,True,True,True,True
7,3,short,2025-08-06,LINKUSDT,16.666,24.719,24.72547601,0.3233333333,0.3250825083,True,True,True,True,True
7,3,short,2025-08-07,ENAUSDT,0.6367,0.8558,0.85553689,0.3233333333,0.3201320132,True,True,True,True,True
7,3,short,2025-08-07,LINKUSDT,18.46,24.719,24.72547601,0.3233333333,0.3250825083,True,True,True,True,True
7,3,short,2025-08-08,ENAUSDT,0.6448,0.8558,0.85553689,0.3233333333,0.3201320132,True,True,True,True,True
7,3,short,2025-08-11,FARTCOINUSDT,0.8812,1.1824,1.1798,0.3233333333,0.3145424837,True,True,True,True,True
7,3,short,2025-09-01,BIOUSDT,0.14102,0.18647,0.18653058,0.3233333333,0.3081300813,False,False,True,True,True
7,3,short,2025-09-01,MYXUSDT,1.0189,14.489,14.42172403,0.3233333333,0.2575757576,True,True,True,True,True
7,3,short,2025-09-01,PUMPUSDT,0.003413,0.005033,0.00501109,0.3233333333,0.3201320132,True,True,True,True,True
7,3,short,2025-09-02,MYXUSDT,1.2044,18.58,18.37882112,0.3233333333,0.2575757576,True,True,True,True,True
7,3,short,2025-09-03,MYXUSDT,1.1336,18.58,18.37882112,0.3233333333,0.2575757576,True,True,True,True,True
7,3,short,2025-09-03,PUMPUSDT,0.004065,0.005768,0.00576149,0.3233333333,0.3201320132,True,True,True,True,True
7,3,short,2025-09-04,BIOUSDT,0.14137,0.18647,0.18653058,0.3233333333,0.3081300813,False,False,True,True,True
7,3,short,2025-09-04,ENAUSDT,0.647,0.873,0.87180976,0.3233333333,0.3201320132,True,True,True,True,True
7,3,short,2025-09-04,MYXUSDT,1.1432,18.65,18.649,0.3233333333,0.2575757576,True,True,True,True,True
7,3,short,2025-09-04,PUMPUSDT,0.004277,0.006497,0.00633861,0.3233333333,0.3201320132,True,True,True,True,True
7,3,short,2025-09-05,MYXUSDT,1.1562,18.65,18.649,0.3233333333,0.2575757576,True,True,True,True,True
7,3,short,2025-09-05,PUMPUSDT,0.004632,0.006497,0.00635187,0.3233333333,0.3201320132,True,True,True,True,True
7,3,short,2025-09-06,DOGEUSDT,0.21583,0.30679,0.30666,0.3233333333,0.3247226362,True,True,True,True,True
7,3,short,2025-09-06,FARTCOINUSDT,0.731,0.9724,0.97168585,0.3233333333,0.3145424837,True,True,True,True,True
7,3,short,2025-09-06,MYXUSDT,1.3076,18.65,18.649,0.3233333333,0.2575757576,True,True,True,True,True
7,3,short,2025-09-06,PENGUUSDT,0.028571,0.038174,0.03815215,0.3233333333,0.3201320132,True,True,True,True,True
7,3,short,2025-09-06,PUMPUSDT,0.004523,0.007724,0.007708,0.3233333333,0.3201320132,True,True,True,True,True
7,3,short,2025-09-07,DOGEUSDT,0.22868,0.30679,0.30666,0.3233333333,0.3247226362,True,True,True,True,True
7,3,short,2025-09-07,MYXUSDT,3.488,18.65,18.649,0.3233333333,0.2575757576,True,True,True,True,True
7,3,short,2025-09-07,PUMPUSDT,0.004853,0.008999,0.00895407,0.3233333333,0.3201320132,True,True,True,True,True
7,3,short,2025-09-08,MYXUSDT,13.8888,18.65,18.649,0.3233333333,0.2575757576,True,True,True,True,True
7,3,short,2025-09-08,PUMPUSDT,0.00473,0.008999,0.00895407,0.3233333333,0.3201320132,True,True,True,True,True
7,3,short,2025-09-09,MYXUSDT,14.478,18.65,18.649,0.3233333333,0.2575757576,False,False,True,True,True
7,3,short,2025-09-09,PUMPUSDT,0.004771,0.008999,0.00895407,0.3233333333,0.3201320132,True,True,True,True,True
7,3,short,2025-09-10,PUMPUSDT,0.005636,0.008999,0.00895407,0.3233333333,0.3201320132,True,True,True,True,True
7,3,short,2025-09-11,MYXUSDT,13.272,18.084,17.98259602,0.3233333333,0.2575757576,True,True,True,True,True
7,3,short,2025-09-11,PUMPUSDT,0.005896,0.008999,0.00895407,0.3233333333,0.3201320132,True,True,True,True,True
7,3,short,2025-09-12,MYXUSDT,14.302,18.084,17.98259602,0.3233333333,0.2575757576,False,False,True,False,True
7,3,short,2025-09-12,PUMPUSDT,0.006221,0.008999,0.00895407,0.3233333333,0.3201320132,True,True,True,True,True
7,3,short,2025-09-13,MYXUSDT,12.141,18.084,17.98259602,0.3233333333,0.2575757576,True,True,True,True,True
7,3,short,2025-09-14,MYXUSDT,11.068,18.084,17.98259602,0.3233333333,0.2575757576,True,True,True,True,True
7,3,short,2025-09-15,MYXUSDT,10.542,18.084,17.98259602,0.3233333333,0.2575757576,True,True,True,True,True
7,3,short,2025-09-16,MYXUSDT,11.482,18.084,17.98259602,0.3233333333,0.2575757576,True,True,True,True,True
7,3,short,2025-09-20,MYXUSDT,10.618,15.5,15.289,0.3233333333,0.2575757576,True,True,True,True,True
7,3,short,2025-09-21,MYXUSDT,9.816,16.166,16.10775357,0.3233333333,0.2575757576,True,True,True,True,True
7,3,short,2025-09-22,MYXUSDT,9.407,17.02,16.983,0.3233333333,0.2575757576,True,True,True,True,True
7,3,short,2025-09-23,MYXUSDT,9.369,17.02,16.983,0.3233333333,0.2575757576,True,True,True,True,True
7,3,short,2025-09-24,MYXUSDT,8.932,17.02,16.983,0.3233333333,0.2575757576,True,True,True,True,True
7,3,short,2025-09-25,MYXUSDT,9.151,17.02,16.983,0.3233333333,0.2575757576,True,True,True,True,True
7,3,short,2025-09-25,PUMPUSDT,0.005016,0.007424,0.00735221,0.3233333333,0.3201320132,True,True,True,True,True
7,3,short,2025-09-26,MYXUSDT,10.354,17.02,16.983,0.3233333333,0.2575757576,True,True,True,True,True
7,3,short,2025-09-26,PUMPUSDT,0.005273,0.007534,0.00752788,0.3233333333,0.3201320132,True,True,True,True,True
7,3,short,2025-09-27,PUMPUSDT,0.00517,0.007534,0.00752788,0.3233333333,0.3201320132,True,True,True,True,True
7,3,short,2025-09-30,BNBUSDT,1008.77,1362.91,1349.950869,0.3233333333,0.3263750828,True,True,True,True,True
7,3,short,2025-10-01,BNBUSDT,1026.85,1362.91,1349.950869,0.3233333333,0.3263750828,True,False,True,False,True
7,3,short,2025-10-02,SOMIUSDT,0.805,1.0825,1.0357,0.3233333333,0.2984126984,True,False,True,False,True
7,3,short,2025-10-03,SOMIUSDT,0.8294,1.0825,1.0357,0.3233333333,0.2984126984,False,False,True,False,True
7,3,short,2025-10-04,MYXUSDT,5.865,7.6,7.59723147,0.3233333333,0.2575757576,False,False,True,True,True
7,3,short,2025-10-05,MYXUSDT,4.57,7.6,7.59723147,0.3233333333,0.2575757576,True,True,True,True,True
7,3,short,2025-10-10,MYXUSDT,2.653,4.347,4.3417946,0.3233333333,0.2575757576,True,True,True,True,True
7,3,short,2025-10-11,MYXUSDT,3.337,4.208,4.20546285,0.3233333333,0.2575757576,False,False,True,True,True
7,3,short,2025-10-11,XPLUSDT,0.3959,0.561,0.55743853,0.3233333333,0.3145424837,True,True,True,True,True
7,3,short,2025-10-12,MYXUSDT,3.295,4.208,4.20546285,0.3233333333,0.2575757576,False,False,True,True,True
7,3,short,2025-10-21,HYPEUSDT,35.346,49.5,49.35,0.3233333333,0.3201320132,True,True,True,True,True
7,3,short,2025-10-21,PUMPUSDT,0.003696,0.005196,0.005193,0.3233333333,0.3201320132,True,True,True,True,True
7,3,short,2025-10-22,HYPEUSDT,36.233,49.971,49.81166818,0.3233333333,0.3201320132,True,True,True,True,True
7,3,short,2025-10-22,PUMPUSDT,0.003457,0.005479,0.00546809,0.3233333333,0.3201320132,True,True,True,True,True
7,3,short,2025-10-23,PUMPUSDT,0.003808,0.005479,0.00546809,0.3233333333,0.3201320132,True,True,True,True,True
7,3,short,2025-10-25,PUMPUSDT,0.004138,0.005479,0.00546809,0.3233333333,0.3201320132,True,False,True,True,True
7,3,short,2025-11-01,ASTERUSDT,0.9658,1.2827,1.2812,0.3233333333,0.3201320132,True,True,True,True,True
7,3,short,2025-11-01,COAIUSDT,1.446,2.378,2.17167364,0.3233333333,0.2575757576,True,True,True,True,True
7,3,short,2025-11-01,ZECUSDT,411.89,775,754.01,0.3233333333,0.3201320132,True,True,True,True,True
7,3,short,2025-11-02,COAIUSDT,1.3,2.378,2.17167364,0.3233333333,0.2575757576,True,True,True,True,True
7,3,short,2025-11-02,XPLUSDT,0.2659,0.3522,0.35170491,0.3233333333,0.3145424837,True,False,True,True,True
7,3,short,2025-11-02,ZECUSDT,417.29,775,754.01,0.3233333333,0.3201320132,True,True,True,True,True
7,3,short,2025-11-03,COAIUSDT,1.011,1.546,1.53690376,0.3233333333,0.2575757576,True,True,True,True,True
7,3,short,2025-11-03,ZECUSDT,432.62,775,754.01,0.3233333333,0.3201320132,True,True,True,True,True
7,3,short,2025-11-04,COAIUSDT,0.934,1.546,1.53690376,0.3233333333,0.2575757576,True,True,True,True,True
7,3,short,2025-11-04,LTCUSDT,85.15,113.7,113.4923027,0.3233333333,0.3250825083,True,True,True,True,True
7,3,short,2025-11-04,XPLUSDT,0.2474,0.3522,0.35170491,0.3233333333,0.3145424837,True,True,True,True,True
7,3,short,2025-11-04,ZECUSDT,440.6,775,754.01,0.3233333333,0.3201320132,True,True,True,True,True
7,3,short,2025-11-05,COAIUSDT,0.96,1.546,1.53690376,0.3233333333,0.2575757576,True,True,True,True,True
7,3,short,2025-11-05,ZECUSDT,476.05,775,754.01,0.3233333333,0.3201320132,True,True,True,True,True
7,3,short,2025-11-06,XPLUSDT,0.255,0.3522,0.35170491,0.3233333333,0.3145424837,True,True,True,True,True
7,3,short,2025-11-06,ZECUSDT,534.87,775,754.01,0.3233333333,0.3201320132,True,True,True,True,True
7,3,short,2025-11-10,ZECUSDT,522.55,747.83,741.45,0.3233333333,0.3201320132,True,True,True,True,True
7,3,short,2025-11-11,ZECUSDT,443.62,747.83,741.45,0.3233333333,0.3201320132,True,True,True,True,True
7,3,short,2025-11-12,ZECUSDT,505.05,747.83,741.45,0.3233333333,0.3201320132,True,True,True,True,True
7,3,short,2025-11-13,COAIUSDT,0.758,0.989,0.98610522,0.3233333333,0.2575757576,False,False,True,True,True
7,3,short,2025-11-13,ZECUSDT,519.51,747.83,741.45,0.3233333333,0.3201320132,True,True,True,True,True
7,3,short,2025-11-20,COAIUSDT,0.5224,0.705,0.7009,0.3233333333,0.2575757576,True,True,True,True,True
7,3,short,2025-11-22,COAIUSDT,0.508,0.6924,0.69104857,0.3233333333,0.2575757576,True,True,True,True,True
7,3,short,2025-11-23,COAIUSDT,0.5343,0.6924,0.69104857,0.3233333333,0.2575757576,False,False,True,True,True
7,3,short,2025-12-01,SUIUSDT,1.3441,1.7921,1.78787469,0.3233333333,0.3201320132,True,True,True,True,True
7,3,short,2025-12-02,ZECUSDT,312.73,449.99,449.6972737,0.3233333333,0.3201320132,True,True,True,True,True
7,3,short,2025-12-03,ZECUSDT,338.66,449.99,449.6972737,0.3233333333,0.3201320132,True,True,True,True,True
7,3,short,2025-12-06,ZECUSDT,341.4,476.4,475.2852057,0.3233333333,0.3201320132,True,True,True,True,True
7,3,short,2025-12-07,ZECUSDT,342.67,476.4,475.2852057,0.3233333333,0.3201320132,True,True,True,True,True
7,3,short,2025-12-23,ZECUSDT,417.27,555.55,555.7112793,0.3233333333,0.3201320132,True,True,True,True,True
7,3,short,2025-12-26,1000PEPEUSDT,0.0040325,0.006166,0.00615298,0.3233333333,0.3247226362,True,True,True,True,True
7,3,short,2025-12-27,1000PEPEUSDT,0.0041963,0.0063,0.00628327,0.3233333333,0.3247226362,True,True,True,True,True
7,3,short,2025-12-28,1000PEPEUSDT,0.0041753,0.0072612,0.0072377,0.3233333333,0.3247226362,True,True,True,True,True
7,3,short,2025-12-29,1000PEPEUSDT,0.0040677,0.0072612,0.00724048,0.3233333333,0.3247226362,True,True,True,True,True
7,3,short,2025-12-29,SUIUSDT,1.4391,1.9499,1.9482,0.3233333333,0.3201320132,True,True,True,True,True
7,3,short,2025-12-30,1000PEPEUSDT,0.0041372,0.0072612,0.00724048,0.3233333333,0.3247226362,True,True,True,True,True
7,3,short,2025-12-30,SUIUSDT,1.4335,2.0266,2.01777664,0.3233333333,0.3201320132,True,True,True,True,True
7,3,short,2025-12-31,1000PEPEUSDT,0.0040325,0.0072612,0.00724048,0.3233333333,0.3247226362,True,True,True,True,True
7,3,short,2025-12-31,DOGEUSDT,0.11741,0.15656,0.15634729,0.3233333333,0.3247226362,True,True,True,True,True
7,3,short,2025-12-31,SUIUSDT,1.4037,2.0266,2.01777664,0.3233333333,0.3201320132,True,True,True,True,True
7,3,short,2026-01-01,1000PEPEUSDT,0.0049218,0.0072612,0.00724048,0.3233333333,0.3247226362,True,True,True,True,True
7,3,short,2026-01-01,PIPPINUSDT,0.39114,0.5153,0.51262,0.3233333333,0.296031746,False,False,True,True,True
7,3,short,2026-01-01,SUIUSDT,1.4714,2.0266,2.01777664,0.3233333333,0.3201320132,True,True,True,True,True
7,3,short,2026-01-02,PIPPINUSDT,0.37269,0.5153,0.51262,0.3233333333,0.296031746,True,True,True,True,True
7,3,short,2026-01-05,PIPPINUSDT,0.33824,0.45296,0.44769103,0.3233333333,0.296031746,True,True,True,True,True
7,3,short,2026-01-06,PIPPINUSDT,0.32609,0.45296,0.44769103,0.3233333333,0.296031746,True,True,True,True,True
7,3,short,2026-01-07,PIPPINUSDT,0.27924,0.45296,0.44769103,0.3233333333,0.296031746,True,True,True,True,True
7,3,short,2026-01-12,BEATUSDT,0.3922,0.5283,0.52666006,0.3233333333,0.2575757576,True,True,True,True,True
7,3,short,2026-01-13,BEATUSDT,0.41,0.5283,0.52666006,0.3233333333,0.2575757576,False,False,True,True,True
7,3,short,2026-01-15,PIPPINUSDT,0.31438,0.42,0.41688444,0.3233333333,0.296031746,True,True,True,True,True
7,3,short,2026-01-16,PIPPINUSDT,0.3082,0.42,0.41688444,0.3233333333,0.296031746,True,True,True,True,True
7,3,short,2026-01-17,PIPPINUSDT,0.32299,0.42,0.41688444,0.3233333333,0.296031746,False,False,True,False,True
7,3,short,2026-01-19,PIPPINUSDT,0.31192,0.42,0.41688444,0.3233333333,0.296031746,True,True,True,True,True
7,3,short,2026-01-20,HYPEUSDT,20.982,30.99,30.9682881,0.3233333333,0.3201320132,True,True,True,True,True
7,3,short,2026-01-20,LIGHTUSDT,0.4283,0.5529,0.55157127,0.3233333333,0.2575757576,False,False,True,True,True
7,3,short,2026-01-20,PIPPINUSDT,0.28027,0.4588,0.45848112,0.3233333333,0.296031746,True,True,True,True,True
7,3,short,2026-01-21,HYPEUSDT,21.528,34.849,34.80948273,0.3233333333,0.3201320132,True,True,True,True,True
7,3,short,2026-01-21,PIPPINUSDT,0.37698,0.56888,0.5522605,0.3233333333,0.296031746,True,True,True,True,True
7,3,short,2026-01-22,HYPEUSDT,21.44,34.849,34.80948273,0.3233333333,0.3201320132,True,True,True,True,True
7,3,short,2026-01-22,PIPPINUSDT,0.38815,0.56888,0.5522605,0.3233333333,0.296031746,True,True,True,True,True
7,3,short,2026-01-23,HYPEUSDT,22.634,34.849,34.80948273,0.3233333333,0.3201320132,True,True,True,True,True
7,3,short,2026-01-23,PIPPINUSDT,0.38054,0.56888,0.5522605,0.3233333333,0.296031746,True,True,True,True,True
7,3,short,2026-01-24,HYPEUSDT,23.204,34.849,34.80948273,0.3233333333,0.3201320132,True,True,True,True,True
7,3,short,2026-01-24,PIPPINUSDT,0.38204,0.56888,0.5522605,0.3233333333,0.296031746,True,True,True,True,True
7,3,short,2026-01-25,HYPEUSDT,22.193,34.849,34.80948273,0.3233333333,0.3201320132,True,True,True,True,True
7,3,short,2026-01-25,PIPPINUSDT,0.31754,0.56888,0.5522605,0.3233333333,0.296031746,True,True,True,True,True
7,3,short,2026-01-26,HYPEUSDT,24.931,34.849,34.80948273,0.3233333333,0.3201320132,True,True,True,True,True
7,3,short,2026-01-26,PIPPINUSDT,0.29655,0.56888,0.5522605,0.3233333333,0.296031746,True,True,True,True,True
7,3,short,2026-02-01,PIPPINUSDT,0.18351,0.29837,0.29663761,0.3233333333,0.296031746,True,True,True,True,True
7,3,short,2026-02-01,RIVERUSDT,15.669,24.795,24.633,0.3233333333,0.2984126984,True,True,True,True,True
7,3,short,2026-02-02,PIPPINUSDT,0.17528,0.29837,0.29663761,0.3233333333,0.296031746,True,True,True,True,True
7,3,short,2026-02-03,PIPPINUSDT,0.17921,0.414,0.41131012,0.3233333333,0.296031746,True,True,True,True,True
7,3,short,2026-02-03,RIVERUSDT,12.693,20.106,20.021,0.3233333333,0.2984126984,True,True,True,True,True
7,3,short,2026-02-04,PIPPINUSDT,0.18495,0.53213,0.52434197,0.3233333333,0.296031746,True,True,True,True,True
7,3,short,2026-02-04,RIVERUSDT,14.016,21.348,21.37654522,0.3233333333,0.2984126984,True,True,True,True,True
7,3,short,2026-02-05,PIPPINUSDT,0.16232,0.5577,0.55742281,0.3233333333,0.296031746,True,True,True,True,True
7,3,short,2026-02-05,RIVERUSDT,12.751,24.079,23.99159597,0.3233333333,0.2984126984,True,True,True,True,True
7,3,short,2026-02-06,PIPPINUSDT,0.18708,0.65826,0.64157346,0.3233333333,0.296031746,True,True,True,True,True
7,3,short,2026-02-06,RIVERUSDT,13.435,24.079,23.99159597,0.3233333333,0.2984126984,True,True,True,True,True
7,3,short,2026-02-07,PIPPINUSDT,0.18982,0.7395,0.73799,0.3233333333,0.296031746,True,True,True,True,True
7,3,short,2026-02-07,RIVERUSDT,12.821,24.079,23.99159597,0.3233333333,0.2984126984,True,True,True,True,True
7,3,short,2026-02-07,ZECUSDT,240.34,332.82,332.5649659,0.3233333333,0.3201320132,True,True,True,True,True
7,3,short,2026-02-08,1000PEPEUSDT,0.0037756,0.0050971,0.0050798,0.3233333333,0.3247226362,True,True,True,True,True
7,3,short,2026-02-08,PIPPINUSDT,0.28591,0.77516,0.76875093,0.3233333333,0.296031746,True,True,True,True,True
7,3,short,2026-02-08,RIVERUSDT,12.53,24.079,23.99159597,0.3233333333,0.2984126984,True,True,True,True,True
7,3,short,2026-02-08,ZECUSDT,239.61,332.82,332.5649659,0.3233333333,0.3201320132,True,True,True,True,True
7,3,short,2026-02-09,1000PEPEUSDT,0.0038153,0.0050971,0.0050798,0.3233333333,0.3247226362,True,True,True,True,True
7,3,short,2026-02-09,PIPPINUSDT,0.27179,0.77516,0.76875093,0.3233333333,0.296031746,True,True,True,True,True
7,3,short,2026-02-09,RIVERUSDT,13.171,24.079,23.99159597,0.3233333333,0.2984126984,True,True,True,True,True
7,3,short,2026-02-09,ZECUSDT,240.2,332.82,332.5649659,0.3233333333,0.3201320132,True,True,True,True,True
7,3,short,2026-02-10,1000PEPEUSDT,0.0036476,0.0050971,0.0050798,0.3233333333,0.3247226362,True,True,True,True,True
7,3,short,2026-02-10,PIPPINUSDT,0.3892,0.77516,0.76875093,0.3233333333,0.296031746,True,True,True,True,True
7,3,short,2026-02-10,RIVERUSDT,17.174,24.079,23.99159597,0.3233333333,0.2984126984,True,True,True,True,True
7,3,short,2026-02-10,ZECUSDT,233.69,332.82,332.5649659,0.3233333333,0.3201320132,True,True,True,True,True
7,3,short,2026-02-11,1000PEPEUSDT,0.0035642,0.0050971,0.0050798,0.3233333333,0.3247226362,True,True,True,True,True
7,3,short,2026-02-11,PIPPINUSDT,0.48677,0.77516,0.76875093,0.3233333333,0.296031746,True,True,True,True,True
7,3,short,2026-02-11,RIVERUSDT,15.642,24.079,23.99159597,0.3233333333,0.2984126984,True,True,True,True,True
7,3,short,2026-02-11,ZECUSDT,240.35,332.82,332.5649659,0.3233333333,0.3201320132,True,True,True,True,True
7,3,short,2026-02-12,1000PEPEUSDT,0.0037183,0.0050971,0.0050798,0.3233333333,0.3247226362,True,True,True,True,True
7,3,short,2026-02-12,PIPPINUSDT,0.5119,0.77516,0.76875093,0.3233333333,0.296031746,True,True,True,True,True
7,3,short,2026-02-12,ZECUSDT,232.96,332.82,332.5649659,0.3233333333,0.3201320132,True,True,True,True,True
7,3,short,2026-02-13,1000PEPEUSDT,0.0037746,0.0050971,0.0050798,0.3233333333,0.3247226362,True,True,True,True,True
7,3,short,2026-02-13,PIPPINUSDT,0.58501,0.77516,0.76875093,0.3233333333,0.296031746,True,False,True,True,True
7,3,short,2026-02-17,PIPPINUSDT,0.50736,0.888,0.86983292,0.3233333333,0.296031746,True,True,True,True,True
7,3,short,2026-02-18,PIPPINUSDT,0.4986,0.888,0.86983292,0.3233333333,0.296031746,True,True,True,True,True
7,3,short,2026-02-19,PIPPINUSDT,0.47952,0.9162,0.90598269,0.3233333333,0.296031746,True,True,True,True,True
7,3,short,2026-02-19,RIVERUSDT,8.265,12.147,12.1149504,0.3233333333,0.2984126984,True,True,True,True,True
7,3,short,2026-02-20,PIPPINUSDT,0.47835,0.9162,0.90598269,0.3233333333,0.296031746,True,True,True,True,True
7,3,short,2026-02-20,RIVERUSDT,8.035,12.147,12.1149504,0.3233333333,0.2984126984,True,True,True,True,True
7,3,short,2026-02-21,PIPPINUSDT,0.48996,0.9162,0.90598269,0.3233333333,0.296031746,True,True,True,True,True
7,3,short,2026-02-21,RIVERUSDT,8.014,13.775,13.76502741,0.3233333333,0.2984126984,True,True,True,True,True
7,3,short,2026-02-22,PIPPINUSDT,0.6247,0.9162,0.90598269,0.3233333333,0.296031746,True,True,True,True,True
7,3,short,2026-02-22,RIVERUSDT,7.998,15.273,15.23041528,0.3233333333,0.2984126984,True,True,True,True,True
7,3,short,2026-02-23,RIVERUSDT,8.798,15.344,15.3742398,0.3233333333,0.2984126984,True,True,True,True,True
7,3,short,2026-02-24,RIVERUSDT,8.61,19.865,19.73,0.3233333333,0.2984126984,True,True,True,True,True
7,3,short,2026-02-25,RIVERUSDT,9.418,21.773,21.73146547,0.3233333333,0.2984126984,True,True,True,True,True
7,3,short,2026-02-26,RIVERUSDT,11.201,21.773,21.73146547,0.3233333333,0.2984126984,True,True,True,True,True
7,3,short,2026-02-27,RIVERUSDT,11.36,21.773,21.73146547,0.3233333333,0.2984126984,True,True,True,True,True
7,3,short,2026-02-28,RIVERUSDT,12.765,21.773,21.73146547,0.3233333333,0.2984126984,True,True,True,True,True
7,3,short,2026-03-01,POWERUSDT,1.72802,2.5777,2.58454611,0.3233333333,0.2689393939,True,True,True,True,True
7,3,short,2026-03-01,RIVERUSDT,14.516,21.773,21.73146547,0.3233333333,0.2984126984,True,True,True,True,True
7,3,short,2026-03-02,RIVERUSDT,14.965,21.773,21.73146547,0.3233333333,0.2984126984,True,True,True,True,True
7,3,short,2026-03-06,RIVERUSDT,16.654,21.999,21.868,0.3233333333,0.2984126984,False,False,True,True,True
7,3,short,2026-03-07,RIVERUSDT,15.795,23.309,23.179,0.3233333333,0.2984126984,True,True,True,True,True
7,3,short,2026-03-08,RIVERUSDT,14.339,24.863,24.717,0.3233333333,0.2984126984,True,True,True,True,True
7,3,short,2026-03-09,RIVERUSDT,11.851,26.03,26.01989121,0.3233333333,0.2984126984,True,True,True,True,True
7,3,short,2026-03-09,ZECUSDT,214.28,289.31,289.1955077,0.3233333333,0.3201320132,True,True,True,True,True
7,3,short,2026-03-10,RIVERUSDT,13.912,26.03,26.01989121,0.3233333333,0.2984126984,True,True,True,True,True
7,3,short,2026-03-11,BULLAUSDT,0.0089,0.01168,0.01161833,0.3233333333,0.2575757576,False,False,True,True,True
7,3,short,2026-03-11,ENSOUSDT,1.114,1.4914,1.49104363,0.3233333333,0.2984126984,True,True,True,True,True
7,3,short,2026-03-11,RIVERUSDT,14.564,28.8,28.464,0.3233333333,0.2984126984,True,True,True,True,True
7,3,short,2026-03-11,ZECUSDT,212.64,289.31,289.1955077,0.3233333333,0.3201320132,True,True,True,True,True
7,3,short,2026-03-12,BULLAUSDT,0.00842,0.01168,0.01161833,0.3233333333,0.2575757576,True,True,True,True,True
7,3,short,2026-03-12,RIVERUSDT,18.726,28.8,28.464,0.3233333333,0.2984126984,True,True,True,True,True
7,3,short,2026-03-12,ZECUSDT,208.25,289.31,289.1955077,0.3233333333,0.3201320132,True,True,True,True,True
7,3,short,2026-03-13,RIVERUSDT,20.104,28.8,28.464,0.3233333333,0.2984126984,True,True,True,True,True
7,3,short,2026-03-13,ZECUSDT,208.11,289.31,289.1955077,0.3233333333,0.3201320132,True,True,True,True,True
7,3,short,2026-03-14,RIVERUSDT,21.993,28.8,28.464,0.3233333333,0.2984126984,False,False,True,False,True
7,3,short,2026-03-14,ZECUSDT,213.1,289.31,289.1955077,0.3233333333,0.3201320132,True,True,True,True,True
7,3,short,2026-03-15,RIVERUSDT,22.883,33.209,32.92177952,0.3233333333,0.2984126984,True,True,True,True,True
7,3,short,2026-03-16,RIVERUSDT,21.412,33.209,32.92177952,0.3233333333,0.2984126984,True,True,True,True,True
7,3,short,2026-03-17,RIVERUSDT,22.626,33.209,32.92177952,0.3233333333,0.2984126984,True,True,True,True,True
7,3,short,2026-03-18,PIPPINUSDT,0.09455,0.12487,0.12481324,0.3233333333,0.296031746,False,False,True,True,True
7,3,short,2026-03-18,POWERUSDT,0.09656,0.125,0.12298825,0.3233333333,0.2689393939,False,False,True,True,True
7,3,short,2026-03-19,POWERUSDT,0.09781,0.125,0.12298825,0.3233333333,0.2689393939,False,False,True,False,True
7,3,short,2026-03-19,RIVERUSDT,24.316,33.209,32.92177952,0.3233333333,0.2984126984,True,True,True,True,True
7,3,short,2026-03-20,POWERUSDT,0.09721,0.125,0.12298825,0.3233333333,0.2689393939,False,False,True,False,True
7,3,short,2026-03-20,RIVERUSDT,22.16,33.209,32.92177952,0.3233333333,0.2984126984,True,True,True,True,True
7,3,short,2026-03-21,RIVERUSDT,25.281,33.209,32.92177952,0.3233333333,0.2984126984,False,False,True,True,True
7,3,short,2026-03-25,PIPPINUSDT,0.05093,0.0777,0.07737184,0.3233333333,0.296031746,True,True,True,True,True
7,3,short,2026-03-26,PIPPINUSDT,0.05444,0.0777,0.07737184,0.3233333333,0.296031746,True,True,True,True,True
7,3,short,2026-03-27,PIPPINUSDT,0.05181,0.0777,0.07737184,0.3233333333,0.296031746,True,True,True,True,True
7,3,short,2026-03-27,RIVERUSDT,12.631,18.6,18.364,0.3233333333,0.2984126984,True,True,True,True,True
7,3,short,2026-03-28,PIPPINUSDT,0.05594,0.0777,0.07737184,0.3233333333,0.296031746,True,True,True,True,True
7,3,short,2026-03-28,RIVERUSDT,13.875,18.6,18.364,0.3233333333,0.2984126984,True,True,True,True,True
7,3,short,2026-03-29,PIPPINUSDT,0.05296,0.0777,0.07737184,0.3233333333,0.296031746,True,True,True,True,True
7,3,short,2026-03-29,RIVERUSDT,14.011,18.6,18.364,0.3233333333,0.2984126984,True,False,True,True,True
7,3,short,2026-03-30,PIPPINUSDT,0.05363,0.0777,0.07737184,0.3233333333,0.296031746,True,True,True,True,True
7,3,short,2026-03-31,PIPPINUSDT,0.04844,0.0777,0.07737184,0.3233333333,0.296031746,True,True,True,True,True
7,3,short,2026-04-01,SIRENUSDT,0.2575,0.77763,0.77277464,0.3233333333,0.2612121212,True,True,True,True,True
7,3,short,2026-04-01,ZECUSDT,251.28,339.85,339.65,0.3233333333,0.3201320132,True,True,True,True,True
7,3,short,2026-04-02,SIRENUSDT,0.19447,0.84372,0.83619,0.3233333333,0.2612121212,True,True,True,True,True
7,3,short,2026-04-02,ZECUSDT,240.64,391.52,385.52,0.3233333333,0.3201320132,True,True,True,True,True
7,3,short,2026-04-03,PIPPINUSDT,0.02852,0.04895,0.04869,0.3233333333,0.296031746,True,True,True,True,True
7,3,short,2026-04-03,SIRENUSDT,0.13694,0.84372,0.83619,0.3233333333,0.2612121212,True,True,True,True,True
7,3,short,2026-04-03,ZECUSDT,234.26,394,390.7131286,0.3233333333,0.3201320132,True,True,True,True,True
7,3,short,2026-04-04,SIRENUSDT,0.50477,0.97543,0.97478,0.3233333333,0.2612121212,True,True,True,True,True
7,3,short,2026-04-04,ZECUSDT,251.09,394,390.7131286,0.3233333333,0.3201320132,True,True,True,True,True
7,3,short,2026-04-05,SIRENUSDT,0.51596,0.97543,0.97478,0.3233333333,0.2612121212,True,True,True,True,True
7,3,short,2026-04-05,ZECUSDT,244.9,394,390.7131286,0.3233333333,0.3201320132,True,True,True,True,True
7,3,short,2026-04-06,SIRENUSDT,0.59331,0.97543,0.97478,0.3233333333,0.2612121212,True,True,True,True,True
7,3,short,2026-04-06,ZECUSDT,251.33,394,390.7131286,0.3233333333,0.3201320132,True,True,True,True,True
7,3,short,2026-04-07,SIRENUSDT,0.60339,0.97543,0.97478,0.3233333333,0.2612121212,True,True,True,True,True
7,3,short,2026-04-08,SIRENUSDT,0.56042,0.97543,0.97478,0.3233333333,0.2612121212,True,True,True,True,True
7,3,short,2026-04-09,PIPPINUSDT,0.03062,0.04372,0.04363,0.3233333333,0.296031746,True,True,True,True,True
7,3,short,2026-04-09,SIRENUSDT,0.63841,1.9848,1.9834,0.3233333333,0.2612121212,True,True,True,True,True
7,3,short,2026-04-10,PIPPINUSDT,0.02996,0.04372,0.04363,0.3233333333,0.296031746,True,True,True,True,True
7,3,short,2026-04-10,SIRENUSDT,0.68565,2.238,2.23723553,0.3233333333,0.2612121212,True,True,True,True,True
7,3,short,2026-04-11,PIPPINUSDT,0.02943,0.04372,0.04363,0.3233333333,0.296031746,True,True,True,True,True
7,3,short,2026-04-11,PIXELUSDT,0.00694,0.009344,0.009324,0.3233333333,0.3081300813,True,True,True,True,True
7,3,short,2026-04-11,SIRENUSDT,0.70393,2.238,2.23723553,0.3233333333,0.2612121212,True,True,True,True,True
7,3,short,2026-04-12,PIPPINUSDT,0.02682,0.04372,0.04363,0.3233333333,0.296031746,True,True,True,True,True
7,3,short,2026-04-12,PIXELUSDT,0.007016,0.009344,0.009324,0.3233333333,0.3081300813,True,True,True,True,True
7,3,short,2026-04-12,SIRENUSDT,0.79801,2.238,2.23723553,0.3233333333,0.2612121212,True,True,True,True,True
7,3,short,2026-04-13,PIPPINUSDT,0.02652,0.04372,0.04363,0.3233333333,0.296031746,True,True,True,True,True
7,3,short,2026-04-13,SIRENUSDT,0.77106,2.238,2.23723553,0.3233333333,0.2612121212,True,True,True,True,True
7,3,short,2026-04-14,PIPPINUSDT,0.0258,0.04372,0.04363,0.3233333333,0.296031746,True,True,True,True,True
7,3,short,2026-04-14,SIRENUSDT,0.71058,2.238,2.23723553,0.3233333333,0.2612121212,True,True,True,True,True
7,3,short,2026-04-15,PIPPINUSDT,0.02575,0.04372,0.04363,0.3233333333,0.296031746,True,True,True,True,True
7,3,short,2026-04-15,SIRENUSDT,0.7852,2.238,2.23723553,0.3233333333,0.2612121212,True,True,True,True,True
7,3,short,2026-04-17,SIRENUSDT,0.6799,0.9,0.8957,0.3233333333,0.2612121212,True,False,True,True,True
7,3,short,2026-04-19,PIPPINUSDT,0.02457,0.03283,0.03283,0.3233333333,0.296031746,True,True,True,True,True
7,3,short,2026-04-20,RIVERUSDT,5.304,7.24,7.22473632,0.3233333333,0.2984126984,True,True,True,True,True
7,3,short,2026-04-21,PIPPINUSDT,0.02499,0.03283,0.03283,0.3233333333,0.296031746,False,False,True,True,True
7,3,short,2026-04-22,PIPPINUSDT,0.0241,0.03283,0.03283,0.3233333333,0.296031746,True,True,True,True,True
7,3,short,2026-04-22,SIRENUSDT,0.6398,0.8079,0.80759752,0.3233333333,0.2612121212,False,False,True,True,True
7,3,short,2026-04-23,PIPPINUSDT,0.02506,0.03283,0.03283,0.3233333333,0.296031746,False,False,True,True,True
7,3,short,2026-04-28,SIRENUSDT,0.6649,0.882,0.87818521,0.3233333333,0.2612121212,True,False,True,True,True
7,3,short,2026-04-28,ZECUSDT,336.02,563,544.5451571,0.3233333333,0.3201320132,True,True,True,True,True
7,3,short,2026-04-29,SIRENUSDT,0.6947,0.882,0.87818521,0.3233333333,0.2612121212,False,False,True,True,True
7,3,short,2026-04-29,ZECUSDT,327.38,606.6,605.0552678,0.3233333333,0.3201320132,True,True,True,True,True
7,3,short,2026-04-30,SIRENUSDT,0.6828,1.2144,1.20994078,0.3233333333,0.2612121212,True,True,True,True,True
7,3,short,2026-04-30,ZECUSDT,350.45,606.6,605.0552678,0.3233333333,0.3201320132,True,True,True,True,True
7,3,short,2026-05-01,ORDIUSDT,4.468,6.447,6.43278025,0.3233333333,0.3145424837,True,True,True,True,True
7,3,short,2026-05-01,RAVEUSDT,0.6731,1.0797,1.074,0.3233333333,0.2621212121,True,True,True,True,True
7,3,short,2026-05-01,SIRENUSDT,0.7083,1.2965,1.29388314,0.3233333333,0.2612121212,True,True,True,True,True
7,3,short,2026-05-01,ZECUSDT,384.76,626.67,625.8274321,0.3233333333,0.3201320132,True,True,True,True,True
7,3,short,2026-05-02,RAVEUSDT,0.662,1.0797,1.074,0.3233333333,0.2621212121,True,True,True,True,True
7,3,short,2026-05-02,SIRENUSDT,0.6838,1.3867,1.3825,0.3233333333,0.2612121212,True,True,True,True,True
7,3,short,2026-05-02,ZECUSDT,387.6,642.87,639.9370837,0.3233333333,0.3201320132,True,True,True,True,True
7,3,short,2026-05-03,RAVEUSDT,0.6244,1.0797,1.074,0.3233333333,0.2621212121,True,True,True,True,True
7,3,short,2026-05-03,SIRENUSDT,0.7455,1.3867,1.3825,0.3233333333,0.2612121212,True,True,True,True,True
7,3,short,2026-05-03,SUIUSDT,0.9195,1.414,1.41236277,0.3233333333,0.3201320132,True,True,True,True,True
7,3,short,2026-05-03,ZECUSDT,412.81,642.87,639.9370837,0.3233333333,0.3201320132,True,True,True,True,True
7,3,short,2026-05-04,SIRENUSDT,0.7694,1.3867,1.3825,0.3233333333,0.2612121212,True,True,True,True,True
7,3,short,2026-05-04,SUIUSDT,0.9285,1.414,1.41236277,0.3233333333,0.3201320132,True,True,True,True,True
7,3,short,2026-05-04,ZECUSDT,422.47,642.87,639.9370837,0.3233333333,0.3201320132,True,True,True,True,True
7,3,short,2026-05-05,RAVEUSDT,0.6914,0.944,0.94188557,0.3233333333,0.2621212121,True,True,True,True,True
7,3,short,2026-05-05,SIRENUSDT,0.7485,1.3867,1.3825,0.3233333333,0.2612121212,True,True,True,True,True
7,3,short,2026-05-05,SUIUSDT,0.966,1.414,1.41236277,0.3233333333,0.3201320132,True,True,True,True,True
7,3,short,2026-05-06,RAVEUSDT,0.6468,0.944,0.94188557,0.3233333333,0.2621212121,True,True,True,True,True
7,3,short,2026-05-06,SIRENUSDT,0.818,1.3867,1.3825,0.3233333333,0.2612121212,True,True,True,True,True
7,3,short,2026-05-06,SUIUSDT,0.9922,1.414,1.41236277,0.3233333333,0.3201320132,True,True,True,True,True
7,3,short,2026-05-07,RAVEUSDT,0.6772,0.944,0.94188557,0.3233333333,0.2621212121,True,True,True,True,True
7,3,short,2026-05-07,SIRENUSDT,0.9466,1.3867,1.3825,0.3233333333,0.2612121212,True,True,True,True,True
7,3,short,2026-05-07,SUIUSDT,0.9677,1.414,1.41236277,0.3233333333,0.3201320132,True,True,True,True,True
7,3,short,2026-05-08,RAVEUSDT,0.7313,0.944,0.94188557,0.3233333333,0.2621212121,False,False,True,True,True
7,3,short,2026-05-08,SUIUSDT,1.0212,1.414,1.41236277,0.3233333333,0.3201320132,True,True,True,True,True
7,3,short,2026-05-09,SUIUSDT,1.0698,1.414,1.41236277,0.3233333333,0.3201320132,False,False,True,True,True
7,3,short,2026-05-13,HYPEUSDT,38.821,54.862,54.86604762,0.3233333333,0.3201320132,True,True,True,True,True
7,3,short,2026-05-14,HYPEUSDT,44.125,62.651,62.55570952,0.3233333333,0.3201320132,True,True,True,True,True
7,3,short,2026-05-15,HYPEUSDT,44.168,62.651,62.55570952,0.3233333333,0.3201320132,True,True,True,True,True
7,3,short,2026-05-15,ZECUSDT,515.11,688.6,688.16,0.3233333333,0.3201320132,True,True,True,True,True
7,3,short,2026-05-16,HYPEUSDT,41.811,62.651,62.55570952,0.3233333333,0.3201320132,True,True,True,True,True
7,3,short,2026-05-16,ZECUSDT,511.06,688.6,688.16,0.3233333333,0.3201320132,True,True,True,True,True
7,3,short,2026-05-17,HYPEUSDT,45.7,64.795,64.47069458,0.3233333333,0.3201320132,True,True,True,True,True
7,3,short,2026-05-18,HYPEUSDT,47.74,64.795,64.47069458,0.3233333333,0.3201320132,True,True,True,True,True
7,3,short,2026-05-19,HYPEUSDT,48.036,64.795,64.77385509,0.3233333333,0.3201320132,True,True,True,True,True
7,3,short,2026-06-01,BSBUSDT,0.27756,0.40996,0.40601008,0.3233333333,0.2575757576,True,True,True,True,True
7,3,short,2026-06-01,LABUSDT,15.6493,24.3998,24.33808,0.3233333333,0.2575757576,True,True,True,True,True
7,3,short,2026-06-01,SKYAIUSDT,0.19957,0.38317,0.37871761,0.3233333333,0.2575757576,True,True,True,True,True
7,3,short,2026-06-01,WLDUSDT,0.4378,0.6315,0.6307424,0.3233333333,0.3201320132,True,True,True,True,True
7,3,short,2026-06-02,BSBUSDT,0.24815,0.40996,0.40601008,0.3233333333,0.2575757576,True,True,True,True,True
7,3,short,2026-06-02,SKYAIUSDT,0.15236,0.38317,0.37871761,0.3233333333,0.2575757576,True,True,True,True,True
7,3,short,2026-06-02,WLDUSDT,0.3822,0.6315,0.6307424,0.3233333333,0.3201320132,True,True,True,True,True
7,3,short,2026-06-03,BSBUSDT,0.25949,0.40996,0.40601008,0.3233333333,0.2575757576,True,True,True,True,True
7,3,short,2026-06-03,SKYAIUSDT,0.17235,0.38317,0.37871761,0.3233333333,0.2575757576,True,True,True,True,True
7,3,short,2026-06-04,BSBUSDT,0.23233,0.40996,0.40601008,0.3233333333,0.2575757576,True,True,True,True,True
7,3,short,2026-06-04,LABUSDT,12.05,15.699,15.55226881,0.3233333333,0.2575757576,False,False,True,True,True
7,3,short,2026-06-04,SKYAIUSDT,0.17516,0.38317,0.37871761,0.3233333333,0.2575757576,True,True,True,True,True
7,3,short,2026-06-05,BSBUSDT,0.20065,0.40996,0.40601008,0.3233333333,0.2575757576,True,True,True,True,True
7,3,short,2026-06-05,LABUSDT,9.692,15.699,15.55226881,0.3233333333,0.2575757576,True,True,True,True,True
7,3,short,2026-06-05,SKYAIUSDT,0.1858,0.38317,0.37871761,0.3233333333,0.2575757576,True,True,True,True,True
7,3,short,2026-06-06,BSBUSDT,0.22777,0.40996,0.40601008,0.3233333333,0.2575757576,True,True,True,True,True
7,3,short,2026-06-06,TAOUSDT,193.62,277.21,277.02,0.3233333333,0.3185550082,True,True,True,True,True
7,3,short,2026-06-06,WLDUSDT,0.4137,0.5794,0.5779,0.3233333333,0.3201320132,True,True,True,True,True
7,3,short,2026-06-06,ZECUSDT,361.98,481.73,480.1028127,0.3233333333,0.3201320132,True,True,True,True,True
7,3,short,2026-06-07,SKYAIUSDT,0.22476,0.38583,0.38554018,0.3233333333,0.2575757576,True,True,True,True,True
7,3,short,2026-06-08,BSBUSDT,0.30237,0.4222,0.42027249,0.3233333333,0.2575757576,True,True,True,True,True
7,3,short,2026-06-08,SKYAIUSDT,0.22685,0.42238,0.42099773,0.3233333333,0.2575757576,True,True,True,True,True
7,3,short,2026-06-08,TAOUSDT,215.27,292,288.8668502,0.3233333333,0.3185550082,True,True,True,True,True
7,3,short,2026-06-09,BSBUSDT,0.27525,0.59734,0.59556797,0.3233333333,0.2575757576,True,True,True,True,True
7,3,short,2026-06-09,HYPEUSDT,57.786,76.991,76.95194286,0.3233333333,0.3201320132,True,True,True,True,True
7,3,short,2026-06-09,LABUSDT,9.276,14.086,14.053,0.3233333333,0.2575757576,True,True,True,True,True
7,3,short,2026-06-09,SKYAIUSDT,0.17733,0.4562,0.45530638,0.3233333333,0.2575757576,True,True,True,True,True
7,3,short,2026-06-09,TAOUSDT,206.02,292,288.8668502,0.3233333333,0.3185550082,True,True,True,True,True
7,3,short,2026-06-09,WLDUSDT,0.5082,0.687,0.68426833,0.3233333333,0.3201320132,True,True,True,True,True
7,3,short,2026-06-10,BSBUSDT,0.28305,0.68471,0.67164873,0.3233333333,0.2575757576,True,True,True,True,True
7,3,short,2026-06-10,HYPEUSDT,53.308,76.991,76.95194286,0.3233333333,0.3201320132,True,True,True,True,True
7,3,short,2026-06-10,LABUSDT,7.825,14.429,14.39620127,0.3233333333,0.2575757576,True,True,True,True,True
7,3,short,2026-06-10,SKYAIUSDT,0.17242,0.47911,0.47863594,0.3233333333,0.2575757576,True,True,True,True,True
7,3,short,2026-06-10,TAOUSDT,200.69,292,288.8668502,0.3233333333,0.3185550082,True,True,True,True,True
7,3,short,2026-06-10,WLDUSDT,0.4505,0.7229,0.72200276,0.3233333333,0.3201320132,True,True,True,True,True
7,3,short,2026-06-10,ZECUSDT,408.2,544.28,541.4797569,0.3233333333,0.3201320132,True,True,True,True,True
7,3,short,2026-06-11,BSBUSDT,0.28351,0.68471,0.67164873,0.3233333333,0.2575757576,True,True,True,True,True
7,3,short,2026-06-11,LABUSDT,8.626,18,17.943,0.3233333333,0.2575757576,True,True,True,True,True
7,3,short,2026-06-11,SKYAIUSDT,0.25875,0.47911,0.47863594,0.3233333333,0.2575757576,True,True,True,True,True
7,3,short,2026-06-11,TAOUSDT,213.7,292,288.8668502,0.3233333333,0.3185550082,True,True,True,True,True
7,3,short,2026-06-11,WLDUSDT,0.4963,0.7229,0.72200276,0.3233333333,0.3201320132,True,True,True,True,True
7,3,short,2026-06-12,BSBUSDT,0.25006,0.68471,0.67164873,0.3233333333,0.2575757576,True,True,True,True,True
7,3,short,2026-06-12,LABUSDT,9.881,18.787,18.71055974,0.3233333333,0.2575757576,True,True,True,True,True
7,3,short,2026-06-12,SKYAIUSDT,0.31068,0.47911,0.47863594,0.3233333333,0.2575757576,True,True,True,True,True
7,3,short,2026-06-12,TAOUSDT,212.1,292,288.8668502,0.3233333333,0.3185550082,True,True,True,True,True
7,3,short,2026-06-12,WLDUSDT,0.4577,0.7229,0.72200276,0.3233333333,0.3201320132,True,True,True,True,True
7,3,short,2026-06-12,XLMUSDT,0.18791,0.25167,0.2516,0.3233333333,0.3185550082,True,True,True,True,True
7,3,short,2026-06-12,ZECUSDT,411.77,544.28,541.4797569,0.3233333333,0.3201320132,False,False,True,False,True
7,3,short,2026-06-13,BSBUSDT,0.24927,0.68471,0.67164873,0.3233333333,0.2575757576,True,True,True,True,True
7,3,short,2026-06-13,LABUSDT,9.449,18.787,18.71055974,0.3233333333,0.2575757576,True,True,True,True,True
7,3,short,2026-06-13,SKYAIUSDT,0.35591,0.47911,0.47863594,0.3233333333,0.2575757576,True,True,True,True,True
7,3,short,2026-06-13,WLDUSDT,0.5014,0.7229,0.72200276,0.3233333333,0.3201320132,True,True,True,True,True
7,3,short,2026-06-13,XLMUSDT,0.18693,0.25167,0.2516,0.3233333333,0.3185550082,True,True,True,True,True
7,3,short,2026-06-14,BSBUSDT,0.27146,0.68471,0.67164873,0.3233333333,0.2575757576,True,True,True,True,True
7,3,short,2026-06-14,LABUSDT,11.197,18.787,18.71055974,0.3233333333,0.2575757576,True,True,True,True,True
7,3,short,2026-06-14,SKYAIUSDT,0.37936,0.47911,0.47863594,0.3233333333,0.2575757576,False,False,True,True,True
7,3,short,2026-06-14,WLDUSDT,0.5231,0.7229,0.72200276,0.3233333333,0.3201320132,True,True,True,True,True
7,3,short,2026-06-15,BSBUSDT,0.36222,0.68471,0.67164873,0.3233333333,0.2575757576,True,True,True,True,True
7,3,short,2026-06-15,LABUSDT,9.565,18.787,18.71055974,0.3233333333,0.2575757576,True,True,True,True,True
7,3,short,2026-06-15,SKYAIUSDT,0.35616,0.47911,0.47863594,0.3233333333,0.2575757576,True,True,True,True,True
7,3,short,2026-06-16,BSBUSDT,0.53651,0.68471,0.67164873,0.3233333333,0.2575757576,False,False,True,False,True
7,3,short,2026-06-16,LABUSDT,13.345,18.787,18.71055974,0.3233333333,0.2575757576,True,True,True,True,True
7,3,short,2026-06-17,LABUSDT,13.121,19.195,19.31371161,0.3233333333,0.2575757576,True,True,True,True,True
7,3,short,2026-06-18,BSBUSDT,0.39683,0.57891,0.57375823,0.3233333333,0.2575757576,True,True,True,True,True
7,3,short,2026-06-19,LABUSDT,12.758,19.788,19.768,0.3233333333,0.2575757576,True,True,True,True,True
7,3,short,2026-06-20,LABUSDT,13.434,20.245,20.236,0.3233333333,0.2575757576,True,True,True,True,True
7,3,short,2026-06-21,LABUSDT,15.933,20.245,20.236,0.3233333333,0.2575757576,False,False,True,True,True
