gielda,symbol,klasa,region,interwal_h_spis,n,pierwszy,ostatni,n_eff,interwal_mod_h,interwal_sr_h,odczyty_rok,f_rok,ci_low,ci_high,mediana_rok,modalna,modalna_udzial,modalna_rok,dziury,odstepy_krotsze,r_usd,model_A,model_B,model_B_serie,model_C,ci_zawiera,interestRate
bybit,AALUSDT,akcje,US,8.0,203,2026-07-23 08:00:00+00:00,2026-09-28 16:00:00+00:00,203.0,8.0,8.0,1095.0,-4.2449859605911335,-11.680680907390089,3.190708986207823,0.0,0.0,0.9014778325123153,0.0,0,0,3.674117647058823,,,,,,
bybit,AAOIUSDT,akcje,US,8.0,335,2026-06-09 08:00:00+00:00,2026-09-28 16:00:00+00:00,154.934868947088,8.0,8.0,1095.0,6.5385293731343275,0.7249272066436491,12.352131539625008,0.0,0.0,0.582089552238806,0.0,0,0,3.655714285714286,,,,,,
bybit,AAPLUSDT,akcje,US,8.0,461,2026-04-28 08:00:00+00:00,2026-09-28 16:00:00+00:00,110.50540962471209,8.0,8.0,1095.0,1.6668797830802602,-1.8936354777611881,5.227395043921709,0.0,0.0,0.8872017353579176,0.0,0,0,3.6479220779220776,,,,,,
bybit,ADBEUSDT,akcje,US,8.0,275,2026-06-29 08:00:00+00:00,2026-09-28 16:00:00+00:00,156.65403110898498,8.0,8.0,1095.0,0.9880762363636362,0.07416706604270253,1.9019854066845698,0.0,0.0,0.9563636363636364,0.0,0,0,3.66195652173913,,,,,,
bybit,ADIUSDT,akcje,US,8.0,122,2026-08-19 08:00:00+00:00,2026-09-28 16:00:00+00:00,122.0,8.0,8.0,1095.0,0.0,0.0,0.0,0.0,0.0,1.0,0.0,0,0,3.7031707317073166,,,,,,
bybit,AEHRUSDT,akcje,US,8.0,224,2026-07-16 08:00:00+00:00,2026-09-28 16:00:00+00:00,179.04172062164923,8.0,8.0,1095.0,-20.762045691964282,-49.26998698130611,7.745895597377548,0.0,0.0,0.7142857142857143,0.0,0,0,3.669999999999999,,,,,,
bybit,ALABUSDT,akcje,US,8.0,275,2026-06-29 08:00:00+00:00,2026-09-28 16:00:00+00:00,33.368085342081336,8.0,8.0,1095.0,-5.3397217090909095,-16.106471311051365,5.427027892869544,0.0,0.0,0.8,0.0,0,0,3.66195652173913,,,,,,
bybit,AMATUSDT,akcje,US,8.0,347,2026-06-05 08:00:00+00:00,2026-09-28 16:00:00+00:00,347.0,8.0,8.0,1095.0,4.494403832853025,-8.582566712305368,17.57137437801142,0.0,0.0,0.654178674351585,0.0,0,0,3.6544827586206905,,,,,,
bybit,AMCUSDT,akcje,US,8.0,191,2026-07-27 08:00:00+00:00,2026-09-28 16:00:00+00:00,191.0,8.0,8.0,1095.0,-10.215260732984294,-25.614593958695004,5.184072492726418,0.0,0.0,0.9057591623036649,0.0,0,0,3.6768749999999994,,,,,,
bybit,AMDSTOCKUSDT,akcje,US,8.0,371,2026-05-28 08:00:00+00:00,2026-09-28 16:00:00+00:00,371.0,8.0,8.0,1095.0,0.6318209029649597,-2.0257547509772893,3.2893965569072092,0.0,0.0,0.6738544474393531,0.0,0,0,3.65225806451613,,,,,,
bybit,AMGNUSDT,akcje,US,8.0,179,2026-07-31 08:00:00+00:00,2026-09-28 16:00:00+00:00,179.0,8.0,8.0,1095.0,-2.442669720670391,-9.955332958016855,5.069993516676076,0.0,0.0,0.9608938547486033,0.0,0,0,3.6799999999999993,,,,,,
bybit,AMZNUSDT,akcje,US,8.0,461,2026-04-28 08:00:00+00:00,2026-09-28 16:00:00+00:00,285.15396554456777,8.0,8.0,1095.0,5.480206594360087,2.5392120708653914,8.421201117854784,0.0,0.0,0.8286334056399133,0.0,0,0,3.6479220779220776,,,,,,
bybit,AMZUUSDT,akcje,US,8.0,32,2026-09-18 08:00:00+00:00,2026-09-28 16:00:00+00:00,32.0,8.0,8.0,1095.0,0.0,0.0,0.0,0.0,0.0,1.0,0.0,0,0,3.880000000000001,,,,,,
bybit,ANETUSDT,akcje,US,8.0,119,2026-08-20 08:00:00+00:00,2026-09-28 16:00:00+00:00,18.365180865952404,8.0,8.0,1095.0,3.0105138655462182,-3.393714951561689,9.414742682654126,0.0,0.0,0.9243697478991597,0.0,0,0,3.7049999999999996,,,,,,
bybit,APLDUSDT,akcje,US,8.0,221,2026-07-17 08:00:00+00:00,2026-09-28 16:00:00+00:00,74.2802558346364,8.0,8.0,1095.0,21.94582153846154,-15.806670252675028,59.69831332959811,0.0,0.0,0.7375565610859729,0.0,0,0,3.67054054054054,,,,,,
bybit,APPSTOCKUSDT,akcje,US,8.0,224,2026-07-16 08:00:00+00:00,2026-09-28 16:00:00+00:00,29.646107899872725,8.0,8.0,1095.0,11.154227276785713,-4.132594114889191,26.441048668460613,0.0,0.0,0.7098214285714286,0.0,0,0,3.669999999999999,,,,,,
bybit,ARKKUSDT,ETF,US,8.0,212,2026-07-20 08:00:00+00:00,2026-09-28 16:00:00+00:00,26.645115580547905,8.0,8.0,1095.0,-8.884721533018869,-39.40743799882803,21.637994932790285,0.0,0.0,0.7688679245283019,0.0,0,0,3.67225352112676,,,,,,
bybit,ARMUSDT,akcje,US,8.0,416,2026-05-13 08:00:00+00:00,2026-09-28 16:00:00+00:00,246.2520229082583,8.0,8.0,1095.0,6.603423822115384,-3.089082047704337,16.295929691935108,0.0,0.0,0.6009615384615384,0.0,0,0,3.649208633093525,,,,,,
bybit,ASMLUSDT,akcje,US,8.0,284,2026-06-26 08:00:00+00:00,2026-09-28 16:00:00+00:00,284.0,8.0,8.0,1095.0,-0.37751667253521126,-2.308458750005043,1.5534254049346203,0.0,0.0,0.9401408450704225,0.0,0,0,3.660947368421052,,,,,,
bybit,ASTSUSDT,akcje,US,8.0,350,2026-06-04 08:00:00+00:00,2026-09-28 16:00:00+00:00,350.0,8.0,8.0,1095.0,-0.18833687142857203,-12.768353809570234,12.391680066713093,0.0,0.0,0.66,0.0,0,0,3.654188034188035,,,,,,
bybit,AVGOUSDT,akcje,US,8.0,419,2026-05-12 08:00:00+00:00,2026-09-28 16:00:00+00:00,230.72260631862494,8.0,8.0,1095.0,4.689425047732698,1.6158048492453974,7.763045246219997,0.0,0.0,0.8090692124105012,0.0,0,0,3.6490714285714283,,,,,,
bybit,AXTIUSDT,akcje,US,8.0,314,2026-06-16 08:00:00+00:00,2026-09-28 16:00:00+00:00,314.0,8.0,8.0,1095.0,1.6695158121019107,-1.1092021061898512,4.448233730393673,0.0,0.0,0.7993630573248408,0.0,0,0,3.6580000000000004,,,,,,
bybit,BABAUSDT,akcje,US,8.0,416,2026-05-13 08:00:00+00:00,2026-09-28 16:00:00+00:00,157.23912690362593,8.0,8.0,1095.0,3.186465793269231,-0.04267337427712114,6.415604960815584,0.0,0.0,0.8341346153846154,0.0,0,0,3.649208633093525,,,,,,
bybit,BACUSDT,akcje,US,8.0,167,2026-08-04 08:00:00+00:00,2026-09-28 16:00:00+00:00,167.0,8.0,8.0,1095.0,-2.797862694610779,-7.007692605432898,1.4119672162113406,0.0,0.0,0.9760479041916168,0.0,0,0,3.6835714285714283,,,,,,
bybit,BBXUSDT,akcje,US,8.0,293,2026-06-23 08:00:00+00:00,2026-09-28 16:00:00+00:00,293.0,8.0,8.0,1095.0,4.25936313993174,0.8786715170126325,7.640054762850848,0.0,0.0,0.7986348122866894,0.0,0,0,3.6600000000000006,,,,,,
bybit,BEUSDT,akcje,US,8.0,371,2026-05-28 08:00:00+00:00,2026-09-28 16:00:00+00:00,295.0346543818111,8.0,8.0,1095.0,2.822210498652291,0.7308323932628483,4.913588604041733,0.0,0.0,0.8355795148247979,0.0,0,0,3.65225806451613,,,,,,
bybit,BIIBUSDT,akcje,US,8.0,164,2026-08-05 08:00:00+00:00,2026-09-28 16:00:00+00:00,164.0,8.0,8.0,1095.0,6.001628231707316,-1.8990073802687721,13.902263843683404,0.0,0.0,0.9390243902439024,0.0,0,0,3.6845454545454537,,,,,,
bybit,BITOUSDT,ETF,US,8.0,191,2026-07-27 08:00:00+00:00,2026-09-28 16:00:00+00:00,77.93707337408472,8.0,8.0,1095.0,-0.7059940837696338,-5.842797076437608,4.43080890889834,0.0,0.0,0.9214659685863874,0.0,0,0,3.6768749999999994,,,,,,
bybit,BMNRUSDT,akcje,US,8.0,413,2026-05-14 08:00:00+00:00,2026-09-28 16:00:00+00:00,32.10771102241924,8.0,8.0,1095.0,24.476076319612588,-1.7911933557211535,50.74334599494633,0.0,0.0,0.6198547215496368,0.0,0,0,3.6493478260869563,,,,,,
bybit,BNCUSDT,akcje,US,8.0,224,2026-07-16 08:00:00+00:00,2026-09-28 16:00:00+00:00,127.34666689867471,8.0,8.0,1095.0,40.28887272321428,3.7309332197570386,76.84681222667152,0.0,0.0,0.5089285714285714,0.0,0,0,3.669999999999999,,,,,,
bybit,BOTUSDT,akcje,US,8.0,269,2026-07-01 08:00:00+00:00,2026-09-28 16:00:00+00:00,57.79248844256115,8.0,8.0,1095.0,11.140969628252789,-1.6531557288962124,23.935094985401786,0.0,0.0,0.6914498141263941,0.0,0,0,3.6626666666666665,,,,,,
bybit,BRKBUSDT,akcje,US,8.0,182,2026-07-30 08:00:00+00:00,2026-09-28 16:00:00+00:00,72.99258608413027,8.0,8.0,1095.0,2.6096497252747253,-0.6846999458922476,5.903999396441698,0.0,0.0,0.9285714285714286,0.0,0,0,3.6791803278688517,,,,,,
bybit,BSPUSDT,akcje,US,8.0,254,2026-07-06 08:00:00+00:00,2026-09-28 16:00:00+00:00,166.62661952655083,8.0,8.0,1095.0,2.298961122047244,-8.410194636260314,13.008116880354804,0.0,0.0,0.7716535433070866,0.0,0,0,3.6645882352941177,,,,,,
bybit,BTCUSDT,BTC_kontrola,,8.0,906,2025-12-01 00:00:00+00:00,2026-09-28 16:00:00+00:00,49.446747308883985,8.0,8.0,1095.0,2.5030600165562915,1.1580256007488505,3.848094432363732,2.50098,0.0001,0.0640176600441501,10.95,0,0,3.652317880794702,,,,,,
bybit,BTDRUSDT,akcje,US,8.0,56,2026-09-10 08:00:00+00:00,2026-09-28 16:00:00+00:00,56.0,8.0,8.0,1095.0,5.088699642857143,-7.536500040292379,17.713899326006665,0.0,0.0,0.9107142857142857,0.0,0,0,3.7878947368421043,,,,,,
bybit,BXUSDT,akcje,US,8.0,221,2026-07-17 08:00:00+00:00,2026-09-28 16:00:00+00:00,221.0,8.0,8.0,1095.0,-3.231528325791855,-7.243058146189957,0.7800014946062462,0.0,0.0,0.832579185520362,0.0,0,0,3.67054054054054,,,,,,
bybit,BYDUSDT,akcje,HK,8.0,66,2026-09-07 00:00:00+00:00,2026-09-28 16:00:00+00:00,66.0,8.0,8.0,1095.0,4.028604545454546,-1.0113511378179225,9.068560228727012,0.0,0.0,0.9090909090909091,0.0,0,0,3.7663636363636357,,,,,,
bybit,BZUSDT,surowce,,8.0,416,2026-05-13 08:00:00+00:00,2026-09-28 16:00:00+00:00,95.75156801221289,8.0,8.0,1095.0,-20.75599875,-37.65947263007018,-3.8525248699298222,0.0,0.0,0.6826923076923077,0.0,0,0,3.649208633093525,,,,,,
bybit,CATSTOCKUSDT,akcje,US,8.0,266,2026-07-02 08:00:00+00:00,2026-09-28 16:00:00+00:00,22.846485944553553,8.0,8.0,1095.0,-1.7172193421052615,-21.867541440746635,18.433102756536115,0.0,0.0,0.8195488721804511,0.0,0,0,3.6630337078651682,,,,,,
bybit,CBRSUSDT,akcje,US,8.0,398,2026-05-19 08:00:00+00:00,2026-09-28 16:00:00+00:00,158.78833848062706,8.0,8.0,1095.0,2.650989497487437,-0.7236881525729749,6.02566714754785,0.0,0.0,0.7562814070351759,0.0,0,0,3.6500751879699243,,,,,,
bybit,CGNXUSDT,akcje,US,8.0,56,2026-09-10 08:00:00+00:00,2026-09-28 16:00:00+00:00,56.0,8.0,8.0,1095.0,-0.15983089285714283,-0.37932063288294243,0.05965884716865675,0.0,0.0,0.9642857142857143,0.0,0,0,3.7878947368421043,,,,,,
bybit,CIENUSDT,akcje,US,8.0,275,2026-06-29 08:00:00+00:00,2026-09-28 16:00:00+00:00,130.08148195875202,8.0,8.0,1095.0,-2.5162263818181825,-6.4717477877853105,1.439295024148945,0.0,0.0,0.8909090909090909,0.0,0,0,3.66195652173913,,,,,,
bybit,CIFRUSDT,akcje,US,8.0,158,2026-08-07 08:00:00+00:00,2026-09-28 16:00:00+00:00,158.0,8.0,8.0,1095.0,2.5869236392405073,-24.6101461498804,29.783993428361416,0.0,0.0,0.930379746835443,0.0,0,0,3.686603773584905,,,,,,
bybit,CLSKUSDT,akcje,US,8.0,167,2026-08-04 08:00:00+00:00,2026-09-28 16:00:00+00:00,43.88949525061658,8.0,8.0,1095.0,-1.7289394311377246,-6.937419222176068,3.4795403599006196,0.0,0.0,0.9640718562874252,0.0,0,0,3.6835714285714283,,,,,,
bybit,CLUSDT,surowce,,8.0,1011,2026-03-24 04:00:00+00:00,2026-09-28 16:00:00+00:00,126.18545787613782,4.0,4.47920792079208,1955.702917771883,-9.746070425321461,-36.91950931041054,17.427368459767617,0.0,0.0,0.4540059347181009,0.0,0,0,3.6464550264550266,,,,,,
bybit,COHRUSDT,akcje,US,8.0,314,2026-06-16 08:00:00+00:00,2026-09-28 16:00:00+00:00,58.0532917685319,8.0,8.0,1095.0,2.3443426910828022,-5.488152138438186,10.17683752060379,0.0,0.0,0.7388535031847133,0.0,0,0,3.6580000000000004,,,,,,
bybit,COINUSDT,akcje,US,8.0,458,2026-04-29 08:00:00+00:00,2026-09-28 16:00:00+00:00,131.64060470611284,8.0,8.0,1095.0,10.604188002183406,0.8728421035559655,20.335533900810844,0.0,0.0,0.648471615720524,0.0,0,0,3.64797385620915,,,,,,
bybit,CONLUSDT,ETF,US,8.0,38,2026-09-16 08:00:00+00:00,2026-09-28 16:00:00+00:00,38.0,8.0,8.0,1095.0,0.0,0.0,0.0,0.0,0.0,1.0,0.0,0,0,3.8607692307692316,,,,,,
bybit,CORZUSDT,akcje,US,8.0,32,2026-09-18 08:00:00+00:00,2026-09-28 16:00:00+00:00,32.0,8.0,8.0,1095.0,2.57763,-2.47443200532,7.629692005320002,0.0,0.0,0.96875,0.0,0,0,3.880000000000001,,,,,,
bybit,COSTUSDT,akcje,US,8.0,248,2026-07-08 08:00:00+00:00,2026-09-28 16:00:00+00:00,248.0,8.0,8.0,1095.0,-0.009673971774193548,-0.02863460818862904,0.009286664640241943,0.0,0.0,0.9959677419354839,0.0,0,0,3.665421686746988,,,,,,
bybit,CRCLUSDT,akcje,US,8.0,437,2026-05-06 08:00:00+00:00,2026-09-28 16:00:00+00:00,208.0471035049988,8.0,8.0,1095.0,15.599432643020595,5.98537186470713,25.21349342133406,0.0,0.0,0.5011441647597255,0.0,0,0,3.6483561643835607,,,,,,
bybit,CRDOUSDT,akcje,US,8.0,293,2026-06-23 08:00:00+00:00,2026-09-28 16:00:00+00:00,225.2633088069151,8.0,8.0,1095.0,4.844605136518771,1.2765811837418566,8.412629089295685,0.0,0.0,0.7679180887372014,0.0,0,0,3.6600000000000006,,,,,,
bybit,CRMUSDT,akcje,US,8.0,203,2026-07-23 08:00:00+00:00,2026-09-28 16:00:00+00:00,75.76438965245589,8.0,8.0,1095.0,-0.8210126600985221,-2.335346302389497,0.6933209821924529,0.0,0.0,0.9852216748768473,0.0,0,0,3.674117647058823,,,,,,
bybit,CRWDUSDT,akcje,US,8.0,263,2026-07-03 08:00:00+00:00,2026-09-28 16:00:00+00:00,54.99550240021054,8.0,8.0,1095.0,-1.6075807414448668,-3.873839985666129,0.6586785027763953,0.0,0.0,0.8935361216730038,0.0,0,0,3.663409090909091,,,,,,
bybit,CRWVUSDT,akcje,US,8.0,419,2026-05-12 08:00:00+00:00,2026-09-28 16:00:00+00:00,104.60716706957997,8.0,8.0,1095.0,8.034140441527446,-1.7700477486864048,17.838328631741295,0.0,0.0,0.8162291169451074,0.0,0,0,3.6490714285714283,,,,,,
bybit,CSCOUSDT,akcje,US,8.0,395,2026-05-20 08:00:00+00:00,2026-09-28 16:00:00+00:00,395.0,8.0,8.0,1095.0,0.3380805569620253,-1.0441006555873493,1.7202617695114002,0.0,0.0,0.9493670886075949,0.0,0,0,3.6503030303030295,,,,,,
bybit,CSOPSAMSUNG2LUSDT,ETF,HK,8.0,147,2026-08-11 00:00:00+00:00,2026-09-28 16:00:00+00:00,64.1247723207327,8.0,8.0,1095.0,1.6555655102040818,-6.299162504770425,9.610293525178589,0.0,0.0,0.8231292517006803,0.0,0,0,3.6912244897959177,,,,,,
bybit,CSOPSKHYNIX2LUSDT,ETF,HK,8.0,147,2026-08-11 00:00:00+00:00,2026-09-28 16:00:00+00:00,147.0,8.0,8.0,1095.0,-1.677264387755102,-8.39819846541695,5.043669689906747,0.0,0.0,0.6870748299319728,0.0,0,0,3.6912244897959177,,,,,,
bybit,CVXSTOCKUSDT,akcje,US,8.0,77,2026-09-03 08:00:00+00:00,2026-09-28 16:00:00+00:00,77.0,8.0,8.0,1095.0,0.2721003896103896,-0.26120657841194794,0.8054073576327271,0.0,0.0,0.987012987012987,0.0,0,0,3.7453846153846153,,,,,,
bybit,CXMTUSDT,akcje,CN,8.0,191,2026-07-27 08:00:00+00:00,2026-09-28 16:00:00+00:00,16.9726120817371,8.0,8.0,1095.0,-112.33425557591626,-206.5250955574364,-18.14341559439613,-16.702035000000002,0.0,0.39790575916230364,0.0,0,0,3.6768749999999994,,,,,,
bybit,CYPHUSDT,akcje,US,8.0,23,2026-09-21 08:00:00+00:00,2026-09-28 16:00:00+00:00,23.0,8.0,8.0,1095.0,8.09838195652174,-3.4857125375508295,19.682476450594308,0.0,0.0,0.8695652173913043,0.0,0,0,3.88,,,,,,
bybit,DDOGUSDT,akcje,US,8.0,125,2026-08-18 08:00:00+00:00,2026-09-28 16:00:00+00:00,125.0,8.0,8.0,1095.0,0.9299878800000001,-0.23995596663825605,2.099931726638256,0.0,0.0,0.96,0.0,0,0,3.701428571428571,,,,,,
bybit,DELLUSDT,akcje,US,8.0,356,2026-06-02 08:00:00+00:00,2026-09-28 16:00:00+00:00,65.28997203907053,8.0,8.0,1095.0,0.4342536235955058,-6.718606558972352,7.587113806163362,0.0,0.0,0.7359550561797753,0.0,0,0,3.653613445378152,,,,,,
bybit,DJTUSDT,akcje,US,8.0,104,2026-08-25 08:00:00+00:00,2026-09-28 16:00:00+00:00,104.0,8.0,8.0,1095.0,-3.8488407692307693,-8.39019199721433,0.6925104587527915,0.0,0.0,0.9615384615384616,0.0,0,0,3.7157142857142853,,,,,,
bybit,DKNGUSDT,akcje,US,8.0,212,2026-07-20 08:00:00+00:00,2026-09-28 16:00:00+00:00,212.0,8.0,8.0,1095.0,0.34404693396226405,-0.7613572043961513,1.4494510723206793,0.0,0.0,0.9528301886792453,0.0,0,0,3.67225352112676,,,,,,
bybit,DRAMUSDT,ETF,US,8.0,398,2026-05-19 08:00:00+00:00,2026-09-28 16:00:00+00:00,19.19383313023679,8.0,8.0,1095.0,15.06819595477387,-0.9074492398460177,31.043841149393756,0.0,0.0,0.5376884422110553,0.0,0,0,3.6500751879699243,,,,,,
bybit,EBAYUSDT,akcje,US,8.0,158,2026-08-07 08:00:00+00:00,2026-09-28 16:00:00+00:00,106.05382822441356,8.0,8.0,1095.0,-0.5923049050632914,-3.3172599055279437,2.1326500954013614,0.0,0.0,0.9620253164556962,0.0,0,0,3.686603773584905,,,,,,
bybit,EURUSDUSDT,waluty,,8.0,62,2026-09-08 08:00:00+00:00,2026-09-28 16:00:00+00:00,62.0,8.0,8.0,1095.0,-2.2755866129032256,-7.720927213816401,3.16975398800995,0.0,0.0,0.9032258064516129,0.0,0,0,3.7728571428571422,10.95,1.3680952380952376,DFF−ECBDFR,0.0,"B,C",
bybit,EWJUSDT,ETF,US,8.0,434,2026-05-07 08:00:00+00:00,2026-09-28 16:00:00+00:00,138.63911419436832,8.0,8.0,1095.0,0.8450422811059908,-2.0622839441042107,3.7523685063161927,0.0,0.0,0.9124423963133641,0.0,0,0,3.648413793103448,,,,,,
bybit,EWTUSDT,ETF,US,8.0,350,2026-06-04 08:00:00+00:00,2026-09-28 16:00:00+00:00,350.0,8.0,8.0,1095.0,-1.1484047142857143,-2.4181015744632477,0.12129214589181912,0.0,0.0,0.9314285714285714,0.0,0,0,3.654188034188035,,,,,,
bybit,EWYUSDT,ETF,US,8.0,434,2026-05-07 08:00:00+00:00,2026-09-28 16:00:00+00:00,186.5600432265461,8.0,8.0,1095.0,6.587111267281107,0.028288240181478345,13.145934294380734,0.0,0.0,0.6728110599078341,0.0,0,0,3.648413793103448,,,,,,
bybit,EWZUSDT,ETF,US,8.0,86,2026-08-31 08:00:00+00:00,2026-09-28 16:00:00+00:00,86.0,8.0,8.0,1095.0,0.10336290697674419,-0.0992246696330233,0.30595048358651167,0.0,0.0,0.9883720930232558,0.0,0,0,3.7334482758620684,,,,,,
bybit,FLEXUSDT,akcje,US,8.0,263,2026-07-03 08:00:00+00:00,2026-09-28 16:00:00+00:00,263.0,8.0,8.0,1095.0,-2.307460608365019,-5.945064853209818,1.3301436364797792,0.0,0.0,0.9049429657794676,0.0,0,0,3.663409090909091,,,,,,
bybit,FLNCUSDT,akcje,US,8.0,314,2026-06-16 08:00:00+00:00,2026-09-28 16:00:00+00:00,314.0,8.0,8.0,1095.0,0.5531389012738853,-0.7419111788673881,1.8481889814151589,0.0,0.0,0.9267515923566879,0.0,0,0,3.6580000000000004,,,,,,
bybit,FLYUSDT,akcje,US,8.0,212,2026-07-20 08:00:00+00:00,2026-09-28 16:00:00+00:00,64.5792823823085,8.0,8.0,1095.0,24.405365165094338,-7.504305826332838,56.315036156521515,0.0,0.0,0.7452830188679245,0.0,0,0,3.67225352112676,,,,,,
bybit,FORMSTOCKUSDT,akcje,US,8.0,56,2026-09-10 08:00:00+00:00,2026-09-28 16:00:00+00:00,13.90662164685385,8.0,8.0,1095.0,3.2612228571428563,-24.130559982536887,30.6530056968226,0.0,0.0,0.7321428571428571,0.0,0,0,3.7878947368421043,,,,,,
bybit,FUTUUSDT,akcje,US,8.0,119,2026-08-20 08:00:00+00:00,2026-09-28 16:00:00+00:00,119.0,8.0,8.0,1095.0,0.05354457983193277,-0.051400869033781535,0.15849002869764708,0.0,0.0,0.9915966386554622,0.0,0,0,3.7049999999999996,,,,,,
bybit,FWDIUSDT,akcje,US,8.0,224,2026-07-16 08:00:00+00:00,2026-09-28 16:00:00+00:00,155.2463580508455,8.0,8.0,1095.0,21.01569462053571,-10.184622661579128,52.21601190265055,0.0,0.0,0.6696428571428571,0.0,0,0,3.669999999999999,,,,,,
bybit,GBPUSDUSDT,waluty,,8.0,62,2026-09-08 08:00:00+00:00,2026-09-28 16:00:00+00:00,62.0,8.0,8.0,1095.0,0.0,0.0,0.0,0.0,0.0,1.0,0.0,0,0,3.7728571428571422,10.95,0.04244761904761729,DFF−IUDSOIA,0.0,C,
bybit,GDXUSDT,ETF,US,8.0,191,2026-07-27 08:00:00+00:00,2026-09-28 16:00:00+00:00,191.0,8.0,8.0,1095.0,-5.395380314136125,-13.072779574434659,2.2820189461624074,0.0,0.0,0.93717277486911,0.0,0,0,3.6768749999999994,,,,,,
bybit,GEUSDT,akcje,US,8.0,179,2026-07-31 08:00:00+00:00,2026-09-28 16:00:00+00:00,37.3864179526788,8.0,8.0,1095.0,-4.863604608938547,-13.129026108369434,3.40181689049234,0.0,0.0,0.9329608938547486,0.0,0,0,3.6799999999999993,,,,,,
bybit,GEVUSDT,akcje,US,8.0,242,2026-07-10 08:00:00+00:00,2026-09-28 16:00:00+00:00,242.0,8.0,8.0,1095.0,7.742251797520659,1.7350846055568903,13.749418989484429,0.0,0.0,0.8429752066115702,0.0,0,0,3.666543209876543,,,,,,
bybit,GIGADEVICEUSDT,akcje,HK,8.0,188,2026-07-28 08:00:00+00:00,2026-09-28 16:00:00+00:00,188.0,8.0,8.0,1095.0,-14.050830319148933,-29.866263895332068,1.7646032570342005,0.0,0.0,0.776595744680851,0.0,0,0,3.677619047619047,,,,,,
bybit,GILDUSDT,akcje,US,8.0,179,2026-07-31 08:00:00+00:00,2026-09-28 16:00:00+00:00,20.636324944265443,8.0,8.0,1095.0,-13.024884301675979,-47.02721755258741,20.977448949235455,0.0,0.0,0.9385474860335196,0.0,0,0,3.6799999999999993,,,,,,
bybit,GLWUSDT,akcje,US,8.0,291,2026-06-24 00:00:00+00:00,2026-09-28 16:00:00+00:00,36.72848875629866,8.0,8.0,1095.0,4.759238762886599,-5.5199270602231545,15.038404585996352,0.0,0.0,0.7869415807560137,0.0,0,0,3.6603092783505162,,,,,,
bybit,GMESTOCKUSDT,akcje,US,8.0,191,2026-07-27 08:00:00+00:00,2026-09-28 16:00:00+00:00,20.51611542473242,8.0,8.0,1095.0,1.706204921465969,-3.1767284572583105,6.589138300190249,0.0,0.0,0.9424083769633508,0.0,0,0,3.6768749999999994,,,,,,
bybit,GOOGLUSDT,akcje,US,8.0,464,2026-04-27 08:00:00+00:00,2026-09-28 16:00:00+00:00,71.06405245234447,8.0,8.0,1095.0,15.3041990625,5.6435962590153865,24.964801865984615,0.0,0.0,0.5193965517241379,0.0,0,0,3.647870967741936,,,,,,
bybit,GPROUSDT,akcje,US,8.0,80,2026-09-02 08:00:00+00:00,2026-09-28 16:00:00+00:00,80.0,8.0,8.0,1095.0,19.42995375,-1.709245617956371,40.569153117956375,0.0,0.0,0.6375,0.0,0,0,3.7411111111111106,,,,,,
bybit,GSUSDT,akcje,US,8.0,203,2026-07-23 08:00:00+00:00,2026-09-28 16:00:00+00:00,203.0,8.0,8.0,1095.0,-1.4368935221674894,-16.144009689816173,13.270222645481194,0.0,0.0,0.8275862068965517,0.0,0,0,3.674117647058823,,,,,,
bybit,GTLBUSDT,akcje,US,8.0,32,2026-09-18 08:00:00+00:00,2026-09-28 16:00:00+00:00,32.0,8.0,8.0,1095.0,0.0,0.0,0.0,0.0,0.0,1.0,0.0,0,0,3.880000000000001,,,,,,
bybit,HANMIUSDT,akcje,KR,8.0,137,2026-08-14 08:00:00+00:00,2026-09-28 16:00:00+00:00,137.0,8.0,8.0,1095.0,8.518900182481751,1.0936520788750328,15.944148286088467,0.0,0.0,0.9124087591240876,0.0,0,0,3.695217391304347,,,,,,
bybit,HDUSDT,akcje,US,8.0,122,2026-08-19 08:00:00+00:00,2026-09-28 16:00:00+00:00,122.0,8.0,8.0,1095.0,0.0,0.0,0.0,0.0,0.0,1.0,0.0,0,0,3.7031707317073166,,,,,,
bybit,HIMSUSDT,akcje,US,8.0,263,2026-07-03 08:00:00+00:00,2026-09-28 16:00:00+00:00,263.0,8.0,8.0,1095.0,0.6756816159695817,-0.1275319117816021,1.4788951437207656,0.0,0.0,0.973384030418251,0.0,0,0,3.663409090909091,,,,,,
bybit,HOODUSDT,akcje,US,8.0,479,2026-04-22 08:00:00+00:00,2026-09-28 16:00:00+00:00,83.92276679183895,8.0,8.0,1095.0,9.441992974947807,-2.6791732106445374,21.563159160540156,0.0,0.0,0.7870563674321504,0.0,0,0,3.6476250000000006,,,,,,
bybit,HORIZONUSDT,akcje,HK,8.0,54,2026-09-11 00:00:00+00:00,2026-09-28 16:00:00+00:00,54.0,8.0,8.0,1095.0,-106.5808313888889,-201.69261825010483,-11.46904452767298,0.0,0.0,0.7592592592592593,0.0,0,0,3.796666666666666,,,,,,
bybit,HPEUSDT,akcje,US,8.0,284,2026-06-26 08:00:00+00:00,2026-09-28 16:00:00+00:00,58.777263102838695,8.0,8.0,1095.0,-4.768065686619718,-11.197623142279403,1.6614917690399664,0.0,0.0,0.8802816901408451,0.0,0,0,3.660947368421052,,,,,,
bybit,HUAHONGUSDT,akcje,HK,8.0,66,2026-09-07 00:00:00+00:00,2026-09-28 16:00:00+00:00,41.50628758394421,8.0,8.0,1095.0,-1.3818236363636363,-10.895061022158426,8.131413749431154,0.0,0.0,0.9393939393939394,0.0,0,0,3.7663636363636357,,,,,,
bybit,HUTUSDT,akcje,US,8.0,23,2026-09-21 08:00:00+00:00,2026-09-28 16:00:00+00:00,23.0,8.0,8.0,1095.0,0.41324347826086955,-0.39669886236521734,1.2231858188869567,0.0,0.0,0.9565217391304348,0.0,0,0,3.88,,,,,,
bybit,HYUNDAIUSDT,akcje,KR,8.0,351,2026-06-04 00:00:00+00:00,2026-09-28 16:00:00+00:00,43.992946409676335,8.0,8.0,1095.0,6.6490147008547025,-1.654123248303039,14.952152650012444,0.0,0.0,0.7606837606837606,0.0,0,0,3.654188034188035,,,,,,
bybit,IBITUSDT,ETF,US,8.0,38,2026-09-16 08:00:00+00:00,2026-09-28 16:00:00+00:00,38.0,8.0,8.0,1095.0,-1.6714022368421053,-15.786886929986723,12.444082456302514,0.0,0.0,0.7631578947368421,0.0,0,0,3.8607692307692316,,,,,,
bybit,IBMUSDT,akcje,US,8.0,347,2026-06-05 08:00:00+00:00,2026-09-28 16:00:00+00:00,87.00270022587472,8.0,8.0,1095.0,-6.873643184438041,-18.18356533202572,4.436278963149638,0.0,0.0,0.7406340057636888,0.0,0,0,3.6544827586206905,,,,,,
bybit,INFQUSDT,akcje,US,8.0,101,2026-08-26 08:00:00+00:00,2026-09-28 16:00:00+00:00,28.96603341054282,8.0,8.0,1095.0,4.133223861386138,-3.2888223903966605,11.555270113168936,0.0,0.0,0.9207920792079208,0.0,0,0,3.7182352941176466,,,,,,
bybit,INTCUSDT,akcje,US,8.0,479,2026-04-22 08:00:00+00:00,2026-09-28 16:00:00+00:00,112.92785756335569,8.0,8.0,1095.0,10.967817181628392,2.926258577641819,19.009375785614967,0.0,0.0,0.5887265135699373,0.0,0,0,3.6476250000000006,,,,,,
bybit,INTUUSDT,akcje,US,8.0,104,2026-08-25 08:00:00+00:00,2026-09-28 16:00:00+00:00,35.11636680060676,8.0,8.0,1095.0,2.827669038461539,-5.902348683188672,11.55768676011175,0.0,0.0,0.9038461538461539,0.0,0,0,3.7157142857142853,,,,,,
bybit,INTWUSDT,ETF,US,8.0,230,2026-07-14 08:00:00+00:00,2026-09-28 16:00:00+00:00,56.567045404531186,8.0,8.0,1095.0,-13.790091978260872,-26.13014540908885,-1.4500385474328905,0.0,0.0,0.7478260869565218,0.0,0,0,3.6689610389610383,,,,,,
bybit,IONQUSDT,akcje,US,8.0,221,2026-07-17 08:00:00+00:00,2026-09-28 16:00:00+00:00,28.450410926746375,8.0,8.0,1095.0,66.86280576923077,-20.76555925665948,154.49117079512104,0.0,0.0,0.7058823529411765,0.0,0,0,3.67054054054054,,,,,,
bybit,IRENUSDT,akcje,US,8.0,335,2026-06-09 08:00:00+00:00,2026-09-28 16:00:00+00:00,335.0,8.0,8.0,1095.0,6.961339925373136,2.023171121205992,11.899508729540278,0.0,0.0,0.7940298507462686,0.0,0,0,3.655714285714286,,,,,,
bybit,ISRGUSDT,akcje,US,8.0,125,2026-08-18 08:00:00+00:00,2026-09-28 16:00:00+00:00,125.0,8.0,8.0,1095.0,0.0,0.0,0.0,0.0,0.0,1.0,0.0,0,0,3.701428571428571,,,,,,
bybit,IWMUSDT,ETF,US,8.0,413,2026-05-14 08:00:00+00:00,2026-09-28 16:00:00+00:00,42.81922352729596,8.0,8.0,1095.0,-30.122437191283286,-60.08398917218446,-0.16088521038212106,0.0,0.0,0.6174334140435835,0.0,0,0,3.6493478260869563,,,,,,
bybit,JDUSDT,akcje,US,8.0,117,2026-08-21 00:00:00+00:00,2026-09-28 16:00:00+00:00,117.0,8.0,8.0,1095.0,0.8464724358974359,-0.8125830654538458,2.505527937248718,0.0,0.0,0.9914529914529915,0.0,0,0,3.706923076923076,,,,,,
bybit,JNJUSDT,akcje,US,8.0,170,2026-08-03 08:00:00+00:00,2026-09-28 16:00:00+00:00,47.51583482116772,8.0,8.0,1095.0,-1.9541692058823528,-8.61927776895574,4.710939357191033,0.0,0.0,0.9647058823529412,0.0,0,0,3.682631578947368,,,,,,
bybit,JPMUSDT,akcje,US,8.0,179,2026-07-31 08:00:00+00:00,2026-09-28 16:00:00+00:00,179.0,8.0,8.0,1095.0,0.0,0.0,0.0,0.0,0.0,1.0,0.0,0,0,3.6799999999999993,,,,,,
bybit,KLACUSDT,akcje,US,8.0,284,2026-06-26 08:00:00+00:00,2026-09-28 16:00:00+00:00,186.58072344197618,8.0,8.0,1095.0,0.729628573943662,-2.8077288860767093,4.266986033964034,0.0,0.0,0.9295774647887324,0.0,0,0,3.660947368421052,,,,,,
bybit,KODEX200USDT,ETF,KR,8.0,137,2026-08-14 08:00:00+00:00,2026-09-28 16:00:00+00:00,136.5062269405305,8.0,8.0,1095.0,-1.9556540145985397,-12.086378194460599,8.175070165263518,0.0,0.0,0.8978102189781022,0.0,0,0,3.695217391304347,,,,,,
bybit,KORUUSDT,ETF,US,8.0,286,2026-06-24 00:00:00+00:00,2026-09-28 16:00:00+00:00,40.115414382324985,8.0,8.140350877192983,1076.1206896551723,17.40099571949602,-32.962578532397934,67.76456997138997,0.0,0.0,0.6503496503496503,0.0,1,0,3.6603092783505162,,,,,,
bybit,KOUSDT,akcje,US,8.0,182,2026-07-30 08:00:00+00:00,2026-09-28 16:00:00+00:00,67.18737479386829,8.0,8.0,1095.0,-12.242406840659344,-35.53685390201445,11.05204022069576,0.0,0.0,0.8516483516483516,0.0,0,0,3.6791803278688517,,,,,,
bybit,KSTRUSDT,ETF,US,8.0,230,2026-07-14 08:00:00+00:00,2026-09-28 16:00:00+00:00,95.39283579003953,8.0,8.0,1095.0,-5.527160086956522,-18.903067644427807,7.848747470514765,0.0,0.0,0.717391304347826,0.0,0,0,3.6689610389610383,,,,,,
bybit,KUAISHOUUSDT,akcje,HK,8.0,147,2026-08-11 00:00:00+00:00,2026-09-28 16:00:00+00:00,52.44301797656777,8.0,8.0,1095.0,2.9150017346938775,-2.019898139770385,7.84990160915814,0.0,0.0,0.9523809523809523,0.0,0,0,3.6912244897959177,,,,,,
bybit,LAOPUUSDT,akcje,HK,8.0,80,2026-09-02 08:00:00+00:00,2026-09-28 16:00:00+00:00,80.0,8.0,8.0,1095.0,-19.661135625,-39.37567594903803,0.053404699038032945,0.0,0.0,0.9125,0.0,0,0,3.7411111111111106,,,,,,
bybit,LENOVOUSDT,akcje,HK,8.0,66,2026-09-07 00:00:00+00:00,2026-09-28 16:00:00+00:00,66.0,8.0,8.0,1095.0,-5.6572511363636355,-12.037823362583085,0.7233210898558122,0.0,0.0,0.9545454545454546,0.0,0,0,3.7663636363636357,,,,,,
bybit,LGELECTRONICSUSDT,akcje,KR,8.0,137,2026-08-14 08:00:00+00:00,2026-09-28 16:00:00+00:00,137.0,8.0,8.0,1095.0,-5.037871204379561,-11.289357670641696,1.213615261882573,0.0,0.0,0.9124087591240876,0.0,0,0,3.695217391304347,,,,,,
bybit,LITEUSDT,akcje,US,8.0,419,2026-05-12 08:00:00+00:00,2026-09-28 16:00:00+00:00,45.5612147569711,8.0,8.0,1095.0,17.191858031026257,-12.084082771749708,46.46779883380221,0.0,0.0,0.7231503579952268,0.0,0,0,3.6490714285714283,,,,,,
bybit,LLYUSDT,akcje,US,8.0,413,2026-05-14 08:00:00+00:00,2026-09-28 16:00:00+00:00,413.0,8.0,8.0,1095.0,-6.630832154963681,-14.587729987267062,1.3260656773397006,0.0,0.0,0.7312348668280871,0.0,0,0,3.6493478260869563,,,,,,
bybit,LRCXUSDT,akcje,US,8.0,291,2026-06-24 00:00:00+00:00,2026-09-28 16:00:00+00:00,149.45366582304894,8.0,8.0,1095.0,3.931986958762886,-2.395199785210495,10.259173702736266,0.0,0.0,0.9278350515463918,0.0,0,0,3.6603092783505162,,,,,,
bybit,LYTEUSDT,ETF,US,8.0,140,2026-08-13 08:00:00+00:00,2026-09-28 16:00:00+00:00,132.80029997196436,8.0,8.0,1095.0,-2.2573581428571425,-5.002514412809388,0.4877981270951038,0.0,0.0,0.9428571428571428,0.0,0,0,3.6938297872340415,,,,,,
bybit,MAGSUSDT,ETF,US,8.0,122,2026-08-19 08:00:00+00:00,2026-09-28 16:00:00+00:00,122.0,8.0,8.0,1095.0,3.5084607786885242,0.5095644571153055,6.507357100261743,0.0,0.0,0.9344262295081968,0.0,0,0,3.7031707317073166,,,,,,
bybit,MARAUSDT,akcje,US,8.0,221,2026-07-17 08:00:00+00:00,2026-09-28 16:00:00+00:00,19.722080893619037,8.0,8.0,1095.0,-5.381206561085972,-77.40165705326191,66.63924393108996,0.0,0.0,0.6063348416289592,0.0,0,0,3.67054054054054,,,,,,
bybit,MAUSDT,akcje,US,8.0,182,2026-07-30 08:00:00+00:00,2026-09-28 16:00:00+00:00,19.99632539320801,8.0,8.0,1095.0,-40.43899978021979,-86.29398648583081,5.415986925391234,0.0,0.0,0.7417582417582418,0.0,0,0,3.6791803278688517,,,,,,
bybit,MCDUSDT,akcje,US,8.0,98,2026-08-27 08:00:00+00:00,2026-09-28 16:00:00+00:00,93.2732490911914,8.0,8.0,1095.0,27.32237295918367,16.75203915051506,37.89270676785229,0.0,0.0,0.6938775510204082,0.0,0,0,3.7209090909090907,,,,,,
bybit,MDBUSDT,akcje,US,8.0,77,2026-09-03 08:00:00+00:00,2026-09-28 16:00:00+00:00,76.28013407931304,8.0,8.0,1095.0,1.8842532467532462,-0.4540475283413545,4.222554021847848,0.0,0.0,0.961038961038961,0.0,0,0,3.7453846153846153,,,,,,
bybit,MEITUANUSDT,akcje,HK,8.0,147,2026-08-11 00:00:00+00:00,2026-09-28 16:00:00+00:00,147.0,8.0,8.0,1095.0,1.19346806122449,-0.5081981355480324,2.895134257997012,0.0,0.0,0.9591836734693877,0.0,0,0,3.6912244897959177,,,,,,
bybit,MEITUUSDT,akcje,HK,8.0,54,2026-09-11 00:00:00+00:00,2026-09-28 16:00:00+00:00,54.0,8.0,8.0,1095.0,-144.2909077777778,-233.21399422660494,-55.36782132895058,0.0,0.0,0.7592592592592593,0.0,0,0,3.796666666666666,,,,,,
bybit,METAUSDT,akcje,US,8.0,464,2026-04-27 08:00:00+00:00,2026-09-28 16:00:00+00:00,166.6280302532804,8.0,8.0,1095.0,4.50321817887931,1.0108729715408298,7.99556338621779,0.0,0.0,0.853448275862069,0.0,0,0,3.647870967741936,,,,,,
bybit,MINIMAXUSDT,akcje,HK,8.0,188,2026-07-28 08:00:00+00:00,2026-09-28 16:00:00+00:00,188.0,8.0,8.0,1095.0,-0.009709388297872018,-3.441407592078204,3.421988815482461,0.0,0.0,0.824468085106383,0.0,0,0,3.677619047619047,,,,,,
bybit,MNSTUSDT,akcje,US,8.0,125,2026-08-18 08:00:00+00:00,2026-09-28 16:00:00+00:00,125.0,8.0,8.0,1095.0,4.00563264,-1.5332399381905406,9.54450521819054,0.0,0.0,0.88,0.0,0,0,3.701428571428571,,,,,,
bybit,MOUSDT,akcje,US,8.0,158,2026-08-07 08:00:00+00:00,2026-09-28 16:00:00+00:00,158.0,8.0,8.0,1095.0,18.804726075949368,-10.581936824098927,48.19138897599766,0.0,0.0,0.9367088607594937,0.0,0,0,3.686603773584905,,,,,,
bybit,MRKUSDT,akcje,US,8.0,117,2026-08-21 00:00:00+00:00,2026-09-28 16:00:00+00:00,117.0,8.0,8.0,1095.0,0.0,0.0,0.0,0.0,0.0,1.0,0.0,0,0,3.706923076923076,,,,,,
bybit,MRNAUSDT,akcje,US,8.0,120,2026-08-20 00:00:00+00:00,2026-09-28 16:00:00+00:00,120.0,8.0,8.0,1095.0,-0.09114962499999994,-1.2275674085481945,1.0452681585481949,0.0,0.0,0.9416666666666667,0.0,0,0,3.7049999999999996,,,,,,
bybit,MRVLUSDT,akcje,US,8.0,416,2026-05-13 08:00:00+00:00,2026-09-28 16:00:00+00:00,39.96026279983154,8.0,8.0,1095.0,16.99279171875,-11.228478352958366,45.214061790458366,0.0,0.0,0.5913461538461539,0.0,0,0,3.649208633093525,,,,,,
bybit,MSFTUSDT,akcje,US,8.0,464,2026-04-27 08:00:00+00:00,2026-09-28 16:00:00+00:00,35.12655604827856,8.0,8.0,1095.0,7.903584924568964,-2.5923535937953055,18.399523442933237,0.0,0.0,0.6982758620689655,0.0,0,0,3.647870967741936,,,,,,
bybit,MSFUUSDT,ETF,US,8.0,38,2026-09-16 08:00:00+00:00,2026-09-28 16:00:00+00:00,38.0,8.0,8.0,1095.0,0.0,0.0,0.0,0.0,0.0,1.0,0.0,0,0,3.8607692307692316,,,,,,
bybit,MSTRUSDT,akcje,US,8.0,458,2026-04-29 08:00:00+00:00,2026-09-28 16:00:00+00:00,199.16274538730323,8.0,8.0,1095.0,14.759253962882093,3.9253633911585037,25.59314453460569,0.0,0.0,0.6222707423580786,0.0,0,0,3.64797385620915,,,,,,
bybit,MSTUUSDT,ETF,US,8.0,101,2026-08-26 08:00:00+00:00,2026-09-28 16:00:00+00:00,101.0,8.0,8.0,1095.0,7.1133043069306945,0.15349935469764756,14.07310925916374,0.0,0.0,0.900990099009901,0.0,0,0,3.7182352941176466,,,,,,
bybit,MUUSDT,akcje,US,8.0,434,2026-05-07 08:00:00+00:00,2026-09-28 16:00:00+00:00,81.2555461594611,8.0,8.0,1095.0,16.3757048156682,1.4761860836073586,31.27522354772904,0.0,0.0,0.5875576036866359,0.0,0,0,3.648413793103448,,,,,,
bybit,MUUUSDT,ETF,US,8.0,224,2026-07-16 08:00:00+00:00,2026-09-28 16:00:00+00:00,224.0,8.0,8.0,1095.0,-2.7995043750000006,-7.764972832283602,2.1659640822836024,0.0,0.0,0.7410714285714286,0.0,0,0,3.669999999999999,,,,,,
bybit,MVLLUSDT,ETF,US,8.0,272,2026-06-30 08:00:00+00:00,2026-09-28 16:00:00+00:00,272.0,8.0,8.0,1095.0,1.4214549264705878,-2.751202138907535,5.5941119918487106,0.0,0.0,0.8014705882352942,0.0,0,0,3.6623076923076923,,,,,,
bybit,NAVERUSDT,akcje,KR,8.0,137,2026-08-14 08:00:00+00:00,2026-09-28 16:00:00+00:00,64.13813826444614,8.0,8.0,1095.0,-0.07444401459854033,-5.216013941673986,5.067125912476906,0.0,0.0,0.927007299270073,0.0,0,0,3.695217391304347,,,,,,
bybit,NBISUSDT,akcje,US,8.0,377,2026-05-26 08:00:00+00:00,2026-09-28 16:00:00+00:00,54.3201108605411,8.0,8.0,1095.0,17.355959124668434,2.075335530504774,32.636582718832095,0.0,0.0,0.5013262599469496,0.0,0,0,3.651746031746032,,,,,,
bybit,NCLDUSDT,ETF,US,8.0,140,2026-08-13 08:00:00+00:00,2026-09-28 16:00:00+00:00,123.85415298999676,8.0,8.0,1095.0,-0.10551107142857143,-0.30523557308448207,0.09421343022733915,0.0,0.0,0.9857142857142858,0.0,0,0,3.6938297872340415,,,,,,
bybit,NETUSDT,akcje,US,8.0,161,2026-08-06 08:00:00+00:00,2026-09-28 16:00:00+00:00,26.279734646827084,8.0,8.0,1095.0,-16.983218757763975,-50.75476948209757,16.788331966569626,0.0,0.0,0.9254658385093167,0.0,0,0,3.685555555555555,,,,,,
bybit,NFLXUSDT,akcje,US,8.0,254,2026-07-06 08:00:00+00:00,2026-09-28 16:00:00+00:00,33.569673143129464,8.0,8.0,1095.0,4.633992578740157,0.2345318208756244,9.033453336604689,0.0,0.0,0.8149606299212598,0.0,0,0,3.6645882352941177,,,,,,
bybit,NOKIAUSDT,akcje,US,8.0,347,2026-06-05 08:00:00+00:00,2026-09-28 16:00:00+00:00,21.368678157237913,8.0,8.0,1095.0,20.778685288184437,-3.088953915320378,44.646324491689256,0.0,0.0,0.6023054755043228,0.0,0,0,3.6544827586206905,,,,,,
bybit,NOWUSDT,akcje,US,8.0,350,2026-06-04 08:00:00+00:00,2026-09-28 16:00:00+00:00,106.95483348837008,8.0,8.0,1095.0,4.117328271428572,0.2320380777444082,8.002618465112736,0.0,0.0,0.8485714285714285,0.0,0,0,3.654188034188035,,,,,,
bybit,NVDAUSDT,akcje,US,8.0,437,2026-05-06 08:00:00+00:00,2026-09-28 16:00:00+00:00,36.91454517198261,8.0,8.0,1095.0,10.349975080091536,-1.770927914239754,22.470878074422824,0.0,0.0,0.6132723112128147,0.0,0,0,3.6483561643835607,,,,,,
bybit,NVDLUSDT,ETF,US,8.0,209,2026-07-21 08:00:00+00:00,2026-09-28 16:00:00+00:00,209.0,8.0,8.0,1095.0,-7.656114258373206,-18.784111115648024,3.471882598901612,0.0,0.0,0.7511961722488039,0.0,0,0,3.672857142857142,,,,,,
bybit,NVOUSDT,akcje,US,8.0,161,2026-08-06 08:00:00+00:00,2026-09-28 16:00:00+00:00,161.0,8.0,8.0,1095.0,0.0,0.0,0.0,0.0,0.0,1.0,0.0,0,0,3.685555555555555,,,,,,
bybit,OKLOUSDT,akcje,US,8.0,20,2026-09-22 08:00:00+00:00,2026-09-28 16:00:00+00:00,20.0,8.0,8.0,1095.0,3.57030225,-3.4273616291190008,10.567966129119002,0.0,0.0,0.95,0.0,0,0,3.8799999999999994,,,,,,
bybit,OKTAUSDT,akcje,US,8.0,86,2026-08-31 08:00:00+00:00,2026-09-28 16:00:00+00:00,86.0,8.0,8.0,1095.0,-25.273172965116274,-47.82864156865626,-2.717704361576293,0.0,0.0,0.8372093023255814,0.0,0,0,3.7334482758620684,,,,,,
bybit,ONDSUSDT,akcje,US,8.0,335,2026-06-09 08:00:00+00:00,2026-09-28 16:00:00+00:00,335.0,8.0,8.0,1095.0,1.7246740298507466,-0.8570214812278704,4.306369540929364,0.0,0.0,0.8925373134328358,0.0,0,0,3.655714285714286,,,,,,
bybit,ONUSDT,akcje,US,8.0,233,2026-07-21 08:00:00+00:00,2026-09-28 16:00:00+00:00,233.0,8.0,7.172413793103448,1221.3461538461538,22.920101674645096,-31.8983743350509,77.7385776843411,0.0,0.0,0.7081545064377682,0.0,0,0,3.672857142857142,,,,,,
bybit,ORCLUSDT,akcje,US,8.0,437,2026-05-06 08:00:00+00:00,2026-09-28 16:00:00+00:00,126.25554031970698,8.0,8.0,1095.0,6.237460778032037,1.767473869374379,10.707447686689694,0.0,0.0,0.6613272311212814,0.0,0,0,3.6483561643835607,,,,,,
bybit,OUSTUSDT,akcje,US,8.0,149,2026-08-10 08:00:00+00:00,2026-09-28 16:00:00+00:00,149.0,8.0,8.0,1095.0,0.6248628523489933,-0.36271040525568904,1.6124361099536757,0.0,0.0,0.9865771812080537,0.0,0,0,3.6899999999999995,,,,,,
bybit,PANWUSDT,akcje,US,8.0,206,2026-07-22 08:00:00+00:00,2026-09-28 16:00:00+00:00,44.238784261331425,8.0,8.0,1095.0,3.471017111650485,-2.775688063681442,9.717722286982413,0.0,0.0,0.941747572815534,0.0,0,0,3.6734782608695644,,,,,,
bybit,PATHUSDT,akcje,US,8.0,23,2026-09-21 08:00:00+00:00,2026-09-28 16:00:00+00:00,23.0,8.0,8.0,1095.0,0.4078160869565218,-0.39148876209913047,1.207120936012174,0.0,0.0,0.9565217391304348,0.0,0,0,3.88,,,,,,
bybit,PDDUSDT,akcje,US,8.0,117,2026-08-21 00:00:00+00:00,2026-09-28 16:00:00+00:00,117.0,8.0,8.0,1095.0,8.723752692307693,4.097975047196929,13.349530337418456,0.0,0.0,0.8376068376068376,0.0,0,0,3.706923076923076,,,,,,
bybit,PENGSTOCKUSDT,akcje,US,8.0,206,2026-07-22 08:00:00+00:00,2026-09-28 16:00:00+00:00,206.0,8.0,8.0,1095.0,2.6796085194174766,-5.671095237959697,11.030312276794648,0.0,0.0,0.8349514563106796,0.0,0,0,3.6734782608695644,,,,,,
bybit,PEPUSDT,akcje,US,8.0,182,2026-07-30 08:00:00+00:00,2026-09-28 16:00:00+00:00,23.89171257782653,8.0,8.0,1095.0,-14.551106043956045,-52.453801658590315,23.351589570678225,0.0,0.0,0.9175824175824175,0.0,0,0,3.6791803278688517,,,,,,
bybit,PLTRUSDT,akcje,US,8.0,458,2026-04-29 08:00:00+00:00,2026-09-28 16:00:00+00:00,129.39253027136658,8.0,8.0,1095.0,5.574446561135372,-1.0791471151372145,12.228040237407958,0.0,0.0,0.8318777292576419,0.0,0,0,3.64797385620915,,,,,,
bybit,POETUSDT,akcje,US,8.0,224,2026-07-16 08:00:00+00:00,2026-09-28 16:00:00+00:00,224.0,8.0,8.0,1095.0,20.401917790178572,-6.117006987866043,46.920842568223186,0.0,0.0,0.6160714285714286,0.0,0,0,3.669999999999999,,,,,,
bybit,POPMARTUSDT,akcje,HK,8.0,188,2026-07-28 08:00:00+00:00,2026-09-28 16:00:00+00:00,188.0,8.0,8.0,1095.0,3.1987396276595748,0.5602993993304197,5.83717985598873,0.0,0.0,0.9361702127659575,0.0,0,0,3.677619047619047,,,,,,
bybit,PURRUSDT,akcje,US,8.0,242,2026-07-10 08:00:00+00:00,2026-09-28 16:00:00+00:00,242.0,8.0,8.0,1095.0,0.3450652685950411,-9.330792851451813,10.020923388641894,0.0,0.0,0.8264462809917356,0.0,0,0,3.666543209876543,,,,,,
bybit,PYPLUSDT,akcje,US,8.0,182,2026-07-30 08:00:00+00:00,2026-09-28 16:00:00+00:00,131.37007566330382,8.0,8.0,1095.0,0.49258153846153846,-0.08049130719773435,1.065654384120811,0.0,0.0,0.967032967032967,0.0,0,0,3.6791803278688517,,,,,,
bybit,QCOMUSDT,akcje,US,8.0,377,2026-05-26 08:00:00+00:00,2026-09-28 16:00:00+00:00,271.94741143963563,8.0,8.0,1095.0,5.085650530503978,1.6615805631575393,8.509720497850418,0.0,0.0,0.7586206896551724,0.0,0,0,3.651746031746032,,,,,,
bybit,QNTXUSDT,akcje,US,8.0,335,2026-06-09 08:00:00+00:00,2026-09-28 16:00:00+00:00,138.1768459556854,8.0,8.0,1095.0,11.145406835820896,2.8791497170009133,19.41166395464088,0.0,0.0,0.5940298507462687,0.0,0,0,3.655714285714286,,,,,,
bybit,QQQUSDT,ETF,US,8.0,434,2026-05-07 08:00:00+00:00,2026-09-28 16:00:00+00:00,414.2474319416042,8.0,8.0,1095.0,4.719222926267281,2.954948192198276,6.483497660336286,0.0,0.0,0.7465437788018433,0.0,0,0,3.648413793103448,,,,,,
bybit,RAMUSDT,ETF,US,8.0,104,2026-08-25 08:00:00+00:00,2026-09-28 16:00:00+00:00,104.0,8.0,8.0,1095.0,-2.3207577403846154,-5.573419745437504,0.9319042646682731,0.0,0.0,0.9807692307692307,0.0,0,0,3.7157142857142853,,,,,,
bybit,RDDTUSDT,akcje,US,8.0,167,2026-08-04 08:00:00+00:00,2026-09-28 16:00:00+00:00,167.0,8.0,8.0,1095.0,1.830702305389222,-3.6753706208277586,7.336775231606203,0.0,0.0,0.9281437125748503,0.0,0,0,3.6835714285714283,,,,,,
bybit,RDWUSDT,akcje,US,8.0,224,2026-07-16 08:00:00+00:00,2026-09-28 16:00:00+00:00,224.0,8.0,8.0,1095.0,24.692606852678573,-5.183074360183782,54.568288065540926,0.0,0.0,0.48660714285714285,0.0,0,0,3.669999999999999,,,,,,
bybit,REGNUSDT,akcje,US,8.0,179,2026-07-31 08:00:00+00:00,2026-09-28 16:00:00+00:00,26.08889112671317,8.0,8.0,1095.0,23.4156512849162,-27.89772311046461,74.72902568029703,0.0,0.0,0.8994413407821229,0.0,0,0,3.6799999999999993,,,,,,
bybit,RIOTUSDT,akcje,US,8.0,143,2026-08-12 08:00:00+00:00,2026-09-28 16:00:00+00:00,143.0,8.0,8.0,1095.0,0.024656643356643356,-0.0236694899832168,0.07298277669650352,0.0,0.0,0.993006993006993,0.0,0,0,3.6924999999999994,,,,,,
bybit,RIVNUSDT,akcje,US,8.0,212,2026-07-20 08:00:00+00:00,2026-09-28 16:00:00+00:00,212.0,8.0,8.0,1095.0,-0.034471839622641505,-0.10203540429679248,0.03309172505150946,0.0,0.0,0.9952830188679245,0.0,0,0,3.67225352112676,,,,,,
bybit,RKLBUSDT,akcje,US,8.0,395,2026-05-20 08:00:00+00:00,2026-09-28 16:00:00+00:00,395.0,8.0,8.0,1095.0,9.53002894936709,6.645819656570465,12.414238242163714,0.0,0.0,0.6531645569620254,0.0,0,0,3.6503030303030295,,,,,,
bybit,SAMSUNGEMUSDT,akcje,KR,8.0,137,2026-08-14 08:00:00+00:00,2026-09-28 16:00:00+00:00,101.26841323109274,8.0,8.0,1095.0,2.999700547445255,-2.5962388631662323,8.595639958056744,0.0,0.0,0.8759124087591241,0.0,0,0,3.695217391304347,,,,,,
bybit,SAMSUNGUSDT,akcje,KR,8.0,351,2026-06-04 00:00:00+00:00,2026-09-28 16:00:00+00:00,32.98244717112825,8.0,8.0,1095.0,16.644970213675215,-4.806445879187496,38.09638630653793,0.0,0.0,0.5925925925925926,0.0,0,0,3.654188034188035,,,,,,
bybit,SDGRUSDT,akcje,US,8.0,20,2026-09-22 08:00:00+00:00,2026-09-28 16:00:00+00:00,20.0,8.0,8.0,1095.0,-7.129928249999999,-21.104330942582997,6.844474442583001,0.0,0.0,0.95,0.0,0,0,3.8799999999999994,,,,,,
bybit,SECZUSDT,akcje,US,8.0,32,2026-09-18 08:00:00+00:00,2026-09-28 16:00:00+00:00,6.946644037400393,8.0,8.0,1095.0,17.865335624999997,-21.753539709958034,57.484210959958034,0.0,0.0,0.84375,0.0,0,0,3.880000000000001,,,,,,
bybit,SENSETIMEUSDT,akcje,HK,8.0,54,2026-09-11 00:00:00+00:00,2026-09-28 16:00:00+00:00,11.396302690739875,8.0,8.0,1095.0,47.46638444444445,-29.966351305424876,124.89912019431377,0.0,0.0,0.8333333333333334,0.0,0,0,3.796666666666666,,,,,,
bybit,SHAZUSDT,akcje,US,8.0,248,2026-07-08 08:00:00+00:00,2026-09-28 16:00:00+00:00,198.16882517995452,8.0,8.0,1095.0,3.072561169354839,-4.696008023304396,10.841130362014075,0.0,0.0,0.7419354838709677,0.0,0,0,3.665421686746988,,,,,,
bybit,SHEINUSDT,akcje,HK,8.0,98,2026-08-27 08:00:00+00:00,2026-09-28 16:00:00+00:00,98.0,8.0,8.0,1095.0,1.2387913775510204,-2.183230751038768,4.6608135061408085,0.0,0.0,0.9081632653061225,0.0,0,0,3.7209090909090907,,,,,,
bybit,SHOPUSDT,akcje,US,8.0,164,2026-08-05 08:00:00+00:00,2026-09-28 16:00:00+00:00,14.32745302085003,8.0,8.0,1095.0,24.074649969512198,-29.2475743599501,77.39687429897451,0.0,0.0,0.9146341463414634,0.0,0,0,3.6845454545454537,,,,,,
bybit,SKDDUSDT,ETF,US,8.0,149,2026-08-10 08:00:00+00:00,2026-09-28 16:00:00+00:00,149.0,8.0,8.0,1095.0,-3.225803859060402,-10.242389107183278,3.7907813890624737,0.0,0.0,0.9261744966442953,0.0,0,0,3.6899999999999995,,,,,,
bybit,SKHYNIXUSDT,akcje,KR,8.0,351,2026-06-04 00:00:00+00:00,2026-09-28 16:00:00+00:00,29.86263573481706,8.0,8.0,1095.0,40.15225551282052,7.689927610503175,72.61458341513787,0.0,0.0,0.4301994301994302,0.0,0,0,3.654188034188035,,,,,,
bybit,SKHYUSDT,akcje,US,8.0,240,2026-07-11 00:00:00+00:00,2026-09-28 16:00:00+00:00,240.0,8.0,8.0,1095.0,-2.3146292499999994,-4.910464093632677,0.2812055936326776,0.0,0.0,0.8041666666666667,0.0,0,0,3.667125,,,,,,
bybit,SKUUUSDT,ETF,US,8.0,149,2026-08-10 08:00:00+00:00,2026-09-28 16:00:00+00:00,149.0,8.0,8.0,1095.0,-7.2122873154362415,-16.703872659975865,2.279298029103382,0.0,0.0,0.8791946308724832,0.0,0,0,3.6899999999999995,,,,,,
bybit,SMCIUSDT,akcje,US,8.0,291,2026-06-24 00:00:00+00:00,2026-09-28 16:00:00+00:00,111.65741749267946,8.0,8.0,1095.0,-2.0192138659793817,-8.79702258800843,4.758594856049668,0.0,0.0,0.8075601374570447,0.0,0,0,3.6603092783505162,,,,,,
bybit,SMHUSDT,ETF,US,8.0,227,2026-07-15 08:00:00+00:00,2026-09-28 16:00:00+00:00,149.73042687147188,8.0,8.0,1095.0,-2.778907400881058,-7.278253282825233,1.7204384810631177,0.0,0.0,0.9295154185022027,0.0,0,0,3.6694736842105256,,,,,,
bybit,SMICUSDT,akcje,HK,8.0,143,2026-08-12 08:00:00+00:00,2026-09-28 16:00:00+00:00,143.0,8.0,8.0,1095.0,2.254582027972028,0.2945906247684297,4.214573431175626,0.0,0.0,0.9300699300699301,0.0,0,0,3.6924999999999994,,,,,,
bybit,SNDKUSDT,akcje,US,8.0,461,2026-04-28 08:00:00+00:00,2026-09-28 16:00:00+00:00,74.80697501284408,8.0,8.0,1095.0,11.520803785249457,-2.3479144216891012,25.389521992188012,0.0,0.0,0.5661605206073753,0.0,0,0,3.6479220779220776,,,,,,
bybit,SNOWUSDT,akcje,US,8.0,242,2026-07-10 08:00:00+00:00,2026-09-28 16:00:00+00:00,87.15726828286328,8.0,8.0,1095.0,6.346140371900827,-2.3247203894889346,15.01700113329059,0.0,0.0,0.743801652892562,0.0,0,0,3.666543209876543,,,,,,
bybit,SNXXUSDT,ETF,US,8.0,230,2026-07-14 08:00:00+00:00,2026-09-28 16:00:00+00:00,230.0,8.0,8.0,1095.0,5.673080739130434,-0.9992633159037513,12.34542479416462,0.0,0.0,0.717391304347826,0.0,0,0,3.6689610389610383,,,,,,
bybit,SOFIUSDT,akcje,US,8.0,206,2026-07-22 08:00:00+00:00,2026-09-28 16:00:00+00:00,98.36004124870544,8.0,8.0,1095.0,3.6996010194174755,-1.598938630603215,8.998140669438165,0.0,0.0,0.941747572815534,0.0,0,0,3.6734782608695644,,,,,,
bybit,SONYUSDT,akcje,US,8.0,248,2026-07-08 08:00:00+00:00,2026-09-28 16:00:00+00:00,248.0,8.0,8.0,1095.0,0.3671870564516129,-3.200808260633476,3.9351823735367017,0.0,0.0,0.9153225806451613,0.0,0,0,3.665421686746988,,,,,,
bybit,SOXLUSDT,ETF,US,8.0,398,2026-05-19 08:00:00+00:00,2026-09-28 16:00:00+00:00,193.35021509953722,8.0,8.0,1095.0,16.61697440954774,7.450560472563632,25.78338834653185,0.0,0.0,0.5150753768844221,0.0,0,0,3.6500751879699243,,,,,,
bybit,SOXSUSDT,ETF,US,8.0,224,2026-07-16 08:00:00+00:00,2026-09-28 16:00:00+00:00,27.16893259502258,8.0,8.0,1095.0,-6.778221093749999,-21.126809466486872,7.570367278986873,0.0,0.0,0.6517857142857143,0.0,0,0,3.669999999999999,,,,,,
bybit,SOXXUSDT,ETF,US,8.0,209,2026-07-21 08:00:00+00:00,2026-09-28 16:00:00+00:00,40.24978014545738,8.0,8.0,1095.0,36.76288033492824,-18.509883145858385,92.03564381571486,0.0,0.0,0.722488038277512,0.0,0,0,3.672857142857142,,,,,,
bybit,SPCHUSDT,ETF,US,8.0,119,2026-08-20 08:00:00+00:00,2026-09-28 16:00:00+00:00,119.0,8.0,8.0,1095.0,-18.164844579831936,-30.009765107516756,-6.3199240521471145,0.0,0.0,0.8151260504201681,0.0,0,0,3.7049999999999996,,,,,,
bybit,SPCXUSDT,akcje,US,8.0,377,2026-05-21 08:00:00+00:00,2026-09-28 16:00:00+00:00,55.21455865802836,8.0,8.319148936170214,1052.992327365729,5.262185312230763,-1.8018759143986922,12.326246538860216,0.0,0.0,0.623342175066313,0.0,1,0,3.6505343511450374,,,,,,
bybit,SPOTUSDT,akcje,US,8.0,170,2026-08-03 08:00:00+00:00,2026-09-28 16:00:00+00:00,170.0,8.0,8.0,1095.0,-0.7536369705882353,-6.509921066904267,5.002647125727798,0.0,0.0,0.9117647058823529,0.0,0,0,3.682631578947368,,,,,,
bybit,SPXLUSDT,ETF,US,8.0,101,2026-08-26 08:00:00+00:00,2026-09-28 16:00:00+00:00,72.75035910310658,8.0,8.0,1095.0,0.8533627722772277,-0.18701425492614024,1.8937397994805958,0.0,0.0,0.9603960396039604,0.0,0,0,3.7182352941176466,,,,,,
bybit,SPYUSDT,ETF,US,8.0,413,2026-05-14 08:00:00+00:00,2026-09-28 16:00:00+00:00,215.18923466926068,8.0,8.0,1095.0,-0.5507929539951574,-1.748031029567117,0.6464451215768026,0.0,0.0,0.8983050847457628,0.0,0,0,3.6493478260869563,,,,,,
bybit,SQQQUSDT,ETF,US,8.0,272,2026-06-30 08:00:00+00:00,2026-09-28 16:00:00+00:00,209.896211215674,8.0,8.0,1095.0,-0.8907825000000001,-3.2798341016817263,1.4982691016817262,0.0,0.0,0.8602941176470589,0.0,0,0,3.6623076923076923,,,,,,
bybit,SSPCUSDT,ETF,US,8.0,195,2026-07-29 08:00:00+00:00,2026-09-28 16:00:00+00:00,127.42177568859721,8.0,7.587628865979381,1154.5108695652175,49.00417299080269,-40.065885431269855,138.07423141287524,0.0,0.0,0.7743589743589744,0.0,0,0,3.6783870967741925,,,,,,
bybit,STXXUSDT,akcje,US,8.0,287,2026-06-25 08:00:00+00:00,2026-09-28 16:00:00+00:00,29.523526008512995,8.0,8.0,1095.0,-14.455388780487805,-38.87345540466313,9.962677843687523,0.0,0.0,0.6480836236933798,0.0,0,0,3.660625000000001,,,,,,
bybit,TBTUSDT,ETF_oblig,US,8.0,185,2026-07-29 08:00:00+00:00,2026-09-28 16:00:00+00:00,92.43789948930156,8.0,8.0,1095.0,-12.752707378378378,-24.715016577655568,-0.7903981791011858,0.0,0.0,0.8972972972972973,0.0,0,0,3.6783870967741925,,,,,,
bybit,TEAMUSDT,akcje,US,8.0,77,2026-09-03 08:00:00+00:00,2026-09-28 16:00:00+00:00,77.0,8.0,8.0,1095.0,6.913758896103897,-4.934968600784327,18.76248639299212,0.0,0.0,0.8571428571428571,0.0,0,0,3.7453846153846153,,,,,,
bybit,TEMUSDT,akcje,US,8.0,86,2026-08-31 08:00:00+00:00,2026-09-28 16:00:00+00:00,86.0,8.0,8.0,1095.0,6.603703081395349,-9.030279021241066,22.237685184031765,0.0,0.0,0.7790697674418605,0.0,0,0,3.7334482758620684,,,,,,
bybit,TENCENTUSDT,akcje,HK,8.0,188,2026-07-28 08:00:00+00:00,2026-09-28 16:00:00+00:00,43.47488684647486,8.0,8.0,1095.0,1.5751342021276598,-1.5119576661982688,4.662226070453588,0.0,0.0,0.9627659574468085,0.0,0,0,3.677619047619047,,,,,,
bybit,TERUSDT,akcje,US,8.0,266,2026-07-02 08:00:00+00:00,2026-09-28 16:00:00+00:00,140.85314119737382,8.0,8.0,1095.0,-0.79964227443609,-3.8836290264404245,2.2843444775682444,0.0,0.0,0.8872180451127819,0.0,0,0,3.6630337078651682,,,,,,
bybit,TLTUSDT,ETF_oblig,US,8.0,32,2026-09-18 08:00:00+00:00,2026-09-28 16:00:00+00:00,6.926501155901648,8.0,8.0,1095.0,25.974255468750002,-14.753530257801389,66.70204119530139,0.0,0.0,0.65625,0.0,0,0,3.880000000000001,,,,,,
bybit,TMFUSDT,ETF_oblig,US,8.0,185,2026-07-29 08:00:00+00:00,2026-09-28 16:00:00+00:00,185.0,8.0,8.0,1095.0,4.6126667837837845,1.2758842920138034,7.949449275553766,0.0,0.0,0.9243243243243243,0.0,0,0,3.6783870967741925,,,,,,
bybit,TQQQUSDT,ETF,US,8.0,291,2026-06-24 00:00:00+00:00,2026-09-28 16:00:00+00:00,157.8664869124255,8.0,8.0,1095.0,2.1688187113402053,-7.339201422832217,11.676838845512627,0.0,0.0,0.697594501718213,0.0,0,0,3.6603092783505162,,,,,,
bybit,TSEMUSDT,akcje,US,8.0,221,2026-07-17 08:00:00+00:00,2026-09-28 16:00:00+00:00,221.0,8.0,8.0,1095.0,5.147238257918552,-22.22434439684466,32.51882091268177,0.0,0.0,0.5610859728506787,0.0,0,0,3.67054054054054,,,,,,
bybit,TSLAUSDT,akcje,US,8.0,482,2026-04-21 12:00:00+00:00,2026-09-28 16:00:00+00:00,178.38960585118465,8.0,7.991683991683992,1096.1394380853278,7.116300970721197,1.5197187700111046,12.712883171431288,0.0,0.0,0.7842323651452282,0.0,0,0,3.6475776397515527,,,,,,
bybit,TSLLUSDT,ETF,US,8.0,212,2026-07-20 08:00:00+00:00,2026-09-28 16:00:00+00:00,109.73322977720406,8.0,8.0,1095.0,24.180451132075472,0.28353699741089333,48.077365266740046,0.0,0.0,0.7877358490566038,0.0,0,0,3.67225352112676,,,,,,
bybit,TSMUSDT,akcje,US,8.0,479,2026-04-22 08:00:00+00:00,2026-09-28 16:00:00+00:00,108.7890141820532,8.0,8.0,1095.0,8.811064947807933,-1.1792918926493154,18.80142178826518,0.0,0.0,0.791231732776618,0.0,0,0,3.6476250000000006,,,,,,
bybit,TTWOUSDT,akcje,US,8.0,254,2026-07-06 08:00:00+00:00,2026-09-28 16:00:00+00:00,147.07682469046654,8.0,8.0,1095.0,1.9140298228346457,0.18539535268423615,3.642664292985055,0.0,0.0,0.8818897637795275,0.0,0,0,3.6645882352941177,,,,,,
bybit,TXNUSDT,akcje,US,8.0,266,2026-07-02 08:00:00+00:00,2026-09-28 16:00:00+00:00,266.0,8.0,8.0,1095.0,0.24011785714285688,-4.6860956303969274,5.166331344682641,0.0,0.0,0.9511278195488722,0.0,0,0,3.6630337078651682,,,,,,
bybit,TZAUSDT,ETF,US,8.0,224,2026-07-16 08:00:00+00:00,2026-09-28 16:00:00+00:00,224.0,8.0,8.0,1095.0,1.4297669196428573,-2.3831284099037333,5.242662249189448,0.0,0.0,0.9017857142857143,0.0,0,0,3.669999999999999,,,,,,
bybit,UBERUSDT,akcje,US,8.0,161,2026-08-06 08:00:00+00:00,2026-09-28 16:00:00+00:00,161.0,8.0,8.0,1095.0,2.291229689440994,0.8206807089568009,3.7617786699251874,0.0,0.0,0.9316770186335404,0.0,0,0,3.685555555555555,,,,,,
bybit,UNHUSDT,akcje,US,8.0,179,2026-07-31 08:00:00+00:00,2026-09-28 16:00:00+00:00,179.0,8.0,8.0,1095.0,-1.7524282122905028,-5.892066980219865,2.3872105556388594,0.0,0.0,0.9608938547486033,0.0,0,0,3.6799999999999993,,,,,,
bybit,UNITREEUSDT,akcje,CN,8.0,171,2026-08-03 00:00:00+00:00,2026-09-28 16:00:00+00:00,171.0,8.0,8.0,1095.0,-49.2190653508772,-82.55537664069095,-15.88275406106345,0.0,0.0,0.7017543859649122,0.0,0,0,3.682631578947368,,,,,,
bybit,URNMUSDT,ETF,US,8.0,20,2026-09-22 08:00:00+00:00,2026-09-28 16:00:00+00:00,20.0,8.0,8.0,1095.0,-0.040788750000000026,-1.0257984776270201,0.94422097762702,0.0,0.0,0.9,0.0,0,0,3.8799999999999994,,,,,,
bybit,USARUSDT,akcje,US,8.0,293,2026-06-23 08:00:00+00:00,2026-09-28 16:00:00+00:00,158.40792239629488,8.0,8.0,1095.0,0.7110623549488054,-0.6317731338087501,2.053897843706361,0.0,0.0,0.962457337883959,0.0,0,0,3.6600000000000006,,,,,,
bybit,USDJPYUSDT,waluty,,8.0,62,2026-09-08 08:00:00+00:00,2026-09-28 16:00:00+00:00,62.0,8.0,8.0,1095.0,-0.05497959677419355,-0.162737627186129,0.05277843363774192,0.0,0.0,0.9838709677419355,0.0,0,0,3.7728571428571422,10.95,-2.7958571428571424,IRSTCI01JPM156N−DFF,0.0,C,
bybit,UVXYUSDT,ETF,US,8.0,287,2026-06-25 08:00:00+00:00,2026-09-28 16:00:00+00:00,236.9944149556619,8.0,8.0,1095.0,-1.4631451045296167,-3.9839386924226208,1.057648483363387,0.0,0.0,0.8606271777003485,0.0,0,0,3.660625000000001,,,,,,
bybit,VRTUSDT,akcje,US,8.0,242,2026-07-10 08:00:00+00:00,2026-09-28 16:00:00+00:00,242.0,8.0,8.0,1095.0,8.47313714876033,4.853185371858185,12.093088925662475,0.0,0.0,0.7975206611570248,0.0,0,0,3.666543209876543,,,,,,
bybit,VRTXSTOCKUSDT,akcje,US,8.0,164,2026-08-05 08:00:00+00:00,2026-09-28 16:00:00+00:00,164.0,8.0,8.0,1095.0,-1.2385184451219513,-8.840236737586084,6.363199847342182,0.0,0.0,0.9146341463414634,0.0,0,0,3.6845454545454537,,,,,,
bybit,VSTUSDT,akcje,US,8.0,140,2026-08-13 08:00:00+00:00,2026-09-28 16:00:00+00:00,75.83479497066644,8.0,8.0,1095.0,4.565719821428571,-1.649716074589839,10.781155717446982,0.0,0.0,0.95,0.0,0,0,3.6938297872340415,,,,,,
bybit,VUSDT,akcje,US,8.0,191,2026-07-27 08:00:00+00:00,2026-09-28 16:00:00+00:00,59.89512523460192,8.0,8.0,1095.0,-0.3201871727748691,-0.9873572543993556,0.3469829088496174,0.0,0.0,0.9842931937172775,0.0,0,0,3.6768749999999994,,,,,,
bybit,WDCUSDT,akcje,US,8.0,371,2026-05-28 08:00:00+00:00,2026-09-28 16:00:00+00:00,234.72807793961474,8.0,8.0,1095.0,3.8874831671159025,-1.3908923365162686,9.165858670748074,0.0,0.0,0.7681940700808625,0.0,0,0,3.65225806451613,,,,,,
bybit,WENSTOCKUSDT,akcje,US,8.0,212,2026-07-20 08:00:00+00:00,2026-09-28 16:00:00+00:00,24.751229196655437,8.0,8.0,1095.0,-12.58401375,-32.829173178495985,7.6611456784959815,0.0,0.0,0.6556603773584906,0.0,0,0,3.67225352112676,,,,,,
bybit,WMTUSDT,akcje,US,8.0,182,2026-07-30 08:00:00+00:00,2026-09-28 16:00:00+00:00,182.0,8.0,8.0,1095.0,0.0993802747252747,-0.08280983417892925,0.2815703836294787,0.0,0.0,0.989010989010989,0.0,0,0,3.6791803278688517,,,,,,
bybit,XAGUSDT,surowce,,4.0,1223,2026-03-09 00:00:00+00:00,2026-09-28 16:00:00+00:00,205.89877098753593,4.0,4.0,2190.0,8.14147273098937,-0.5040462736942699,16.78699173567301,0.0,0.0,0.6835650040883074,0.0,0,0,3.6459803921568628,,,,,,
bybit,XAUUSDT,surowce,,4.0,1223,2026-03-09 00:00:00+00:00,2026-09-28 16:00:00+00:00,187.70736514347962,4.0,4.0,2190.0,4.043255715453803,-0.8538169771928233,8.940328408100429,0.0,0.0,0.6770237121831562,0.0,0,0,3.6459803921568628,,,,,,
bybit,XBIUSDT,ETF,US,8.0,227,2026-07-15 08:00:00+00:00,2026-09-28 16:00:00+00:00,227.0,8.0,8.0,1095.0,0.8266719383259912,-1.3012496944802656,2.9545935711322477,0.0,0.0,0.947136563876652,0.0,0,0,3.6694736842105256,,,,,,
bybit,XIAOMIUSDT,akcje,HK,8.0,143,2026-08-12 08:00:00+00:00,2026-09-28 16:00:00+00:00,33.45071696028855,8.0,8.0,1095.0,9.222495839160839,-3.094202428290589,21.539194106612268,0.0,0.0,0.8811188811188811,0.0,0,0,3.6924999999999994,,,,,,
bybit,XLEUSDT,ETF,US,8.0,227,2026-07-15 08:00:00+00:00,2026-09-28 16:00:00+00:00,57.878153247132865,8.0,8.0,1095.0,-0.784589207048458,-2.6572971046905605,1.0881186905936444,0.0,0.0,0.9691629955947136,0.0,0,0,3.6694736842105256,,,,,,
bybit,XLFUSDT,ETF,US,8.0,209,2026-07-21 08:00:00+00:00,2026-09-28 16:00:00+00:00,103.40194533974523,8.0,8.0,1095.0,-10.856568732057415,-32.080243544332845,10.367106080218011,0.0,0.0,0.7990430622009569,0.0,0,0,3.672857142857142,,,,,,
bybit,XLKUSDT,ETF,US,8.0,209,2026-07-21 08:00:00+00:00,2026-09-28 16:00:00+00:00,209.0,8.0,8.0,1095.0,-0.4549541626794255,-23.414802061176797,22.50489373581794,0.0,0.0,0.8421052631578947,0.0,0,0,3.672857142857142,,,,,,
bybit,XLPUSDT,ETF,US,8.0,98,2026-08-27 08:00:00+00:00,2026-09-28 16:00:00+00:00,24.19031381964151,8.0,8.0,1095.0,-23.566366530612243,-76.44628991684544,29.313556855620966,0.0,0.0,0.9387755102040817,0.0,0,0,3.7209090909090907,,,,,,
bybit,XLUUSDT,ETF,US,8.0,98,2026-08-27 08:00:00+00:00,2026-09-28 16:00:00+00:00,92.53701823781145,8.0,8.0,1095.0,6.1075077551020405,1.1702994515997294,11.044716058604353,0.0,0.0,0.8877551020408163,0.0,0,0,3.7209090909090907,,,,,,
bybit,XLVUSDT,ETF,US,8.0,209,2026-07-21 08:00:00+00:00,2026-09-28 16:00:00+00:00,209.0,8.0,8.0,1095.0,0.05743772727272743,-11.858237541543888,11.973112996089345,0.0,0.0,0.8373205741626795,0.0,0,0,3.672857142857142,,,,,,
bybit,XOMUSDT,akcje,US,8.0,170,2026-08-03 08:00:00+00:00,2026-09-28 16:00:00+00:00,170.0,8.0,8.0,1095.0,-0.4315201764705882,-1.651735922186168,0.7886955692449917,0.0,0.0,0.9823529411764705,0.0,0,0,3.682631578947368,,,,,,
bybit,YOFCUSDT,akcje,HK,8.0,80,2026-09-02 08:00:00+00:00,2026-09-28 16:00:00+00:00,80.0,8.0,8.0,1095.0,0.13224862499999993,-5.92886801484434,6.193365264844339,0.0,0.0,0.9125,0.0,0,0,3.7411111111111106,,,,,,
bybit,ZHIPUUSDT,akcje,HK,8.0,188,2026-07-28 08:00:00+00:00,2026-09-28 16:00:00+00:00,188.0,8.0,8.0,1095.0,20.452293510638295,10.120137575789194,30.784449445487393,0.0,0.0,0.5957446808510638,0.0,0,0,3.677619047619047,,,,,,
bybit,ZHONGJIUSDT,akcje,HK,8.0,137,2026-08-14 08:00:00+00:00,2026-09-28 16:00:00+00:00,49.56867978014682,8.0,8.0,1095.0,6.301525182481751,-0.9812765215957556,13.584326886559259,0.0,0.0,0.8759124087591241,0.0,0,0,3.695217391304347,,,,,,
bybit,ZMUSDT,akcje,US,8.0,221,2026-07-17 08:00:00+00:00,2026-09-28 16:00:00+00:00,221.0,8.0,8.0,1095.0,2.48394556561086,0.2599786495274744,4.707912481694245,0.0,0.0,0.9004524886877828,0.0,0,0,3.67054054054054,,,,,,
bybit,ZSUSDT,akcje,US,8.0,32,2026-09-18 08:00:00+00:00,2026-09-28 16:00:00+00:00,32.0,8.0,8.0,1095.0,0.0,0.0,0.0,0.0,0.0,1.0,0.0,0,0,3.880000000000001,,,,,,
binance,AAOIUSDT,akcje,US,8.0,338,2026-06-08 08:00:00.001000+00:00,2026-09-28 16:00:00.002000+00:00,43.56468439789338,8.0,8.000000000824267,1094.9999998871785,12.499467114096753,2.2334261100329074,22.7655081181606,0.0,0.0,0.514792899408284,0.0,0,0,3.655398230088496,,,,,,0.0
binance,AAPLUSDT,akcje,US,8.0,563,2026-04-03 08:00:00.001000+00:00,2026-09-28 16:00:00.002000+00:00,179.76571878425858,8.0,7.615658363483591,1150.261682168337,2.7856967953571266,-0.7328346579916563,6.304228248705909,0.0,0.0,0.7673179396092362,0.0,0,2,3.6468156424581,,,,,,0.0
binance,ADBEUSDT,akcje,US,8.0,329,2026-06-11 08:00:00.001000+00:00,2026-09-28 16:00:00.002000+00:00,179.48149732061614,8.0,8.000000000846883,1094.9999998840829,2.170333267247451,0.43600482889899744,3.9046617055959048,0.0,0.0,0.9118541033434651,0.0,0,0,3.6563636363636367,,,,,,0.0
binance,AGPUUSDT,akcje,US,8.0,32,2026-09-18 08:00:00.001000+00:00,2026-09-28 16:00:00.002000+00:00,32.0,8.0,8.000000008960575,1094.9999987735214,27.864772937539456,-20.413837346312025,76.14338322139092,0.0,0.0,0.65625,0.0,0,0,3.880000000000001,,,,,,0.0
binance,ALABUSDT,akcje,US,8.0,295,2026-06-22 16:00:00.001000+00:00,2026-09-28 16:00:00.002000+00:00,149.24253348831326,8.0,8.000000000944823,1094.9999998706774,5.706371643393857,0.8156211306567147,10.597122156131,0.0,0.0,0.8305084745762712,0.0,0,0,3.65969696969697,,,,,,0.0
binance,AMATUSDT,akcje,US,8.0,343,2026-06-08 08:00:00.001000+00:00,2026-09-28 16:00:00.002000+00:00,269.3100464428644,8.0,7.883040936484731,1111.2462906866915,4.716466195325139,2.2989846622360566,7.1339477284142205,0.0,0.0,0.7696793002915452,0.0,0,1,3.655398230088496,,,,,,0.0
binance,AMCUSDT,akcje,US,8.0,32,2026-09-18 08:00:00.001000+00:00,2026-09-28 16:00:00.002000+00:00,19.38147962212115,8.0,8.000000008960575,1094.9999987735214,-12.22574342380629,-26.72755029085184,2.2760634432392637,0.0,0.0,0.78125,0.0,0,0,3.880000000000001,,,,,,0.0
binance,AMDUSDT,akcje,US,8.0,437,2026-05-06 08:00:00.001000+00:00,2026-09-28 16:00:00.002000+00:00,29.761073291376295,8.0,8.000000000637105,1094.9999999127963,9.815715308142778,-3.287890000475807,22.919320616761365,0.0,0.0,0.6475972540045767,0.0,0,0,3.6483561643835607,,,,,,0.0
binance,AMZNUSDT,akcje,US,8.0,703,2026-02-06 16:00:00.001000+00:00,2026-09-28 16:00:00.002000+00:00,135.67986881251502,8.0,8.000000000395694,1094.9999999458394,1.882501258797357,-7.2650241221332,11.030026639727916,0.0,0.0,0.6657183499288762,0.0,0,0,3.645191489361703,,,,,,0.0
binance,ANETUSDT,akcje,US,8.0,32,2026-09-18 08:00:00.001000+00:00,2026-09-28 16:00:00.002000+00:00,32.0,8.0,8.000000008960575,1094.9999987735214,3.3309557775190908,-9.795988956473504,16.457900511511685,0.0,0.0,0.6875,0.0,0,0,3.880000000000001,,,,,,0.0
binance,ANTHROPICUSDT,przed_IPO,,8.0,356,2026-06-02 08:00:00.001000+00:00,2026-09-28 16:00:00.002000+00:00,4.876712328767123,8.0,8.000000000782473,1094.999999892899,5.4749999994644964,5.474999999464496,5.474999999464497,5.474999999464496,5e-05,1.0,5.475,0,0,3.653613445378152,,,,,,5e-05
binance,APLDUSDT,akcje,US,8.0,32,2026-09-18 08:00:00.001000+00:00,2026-09-28 16:00:00.002000+00:00,32.0,8.0,8.000000008960575,1094.9999987735214,0.0,0.0,0.0,0.0,0.0,1.0,0.0,0,0,3.880000000000001,,,,,,0.0
binance,APPUSDT,akcje,US,8.0,242,2026-07-10 08:00:00.001000+00:00,2026-09-28 16:00:00.002000+00:00,41.5480391754841,8.0,8.000000001152605,1094.9999998422372,6.449020598244407,-5.959239280549443,18.85728047703826,0.0,0.0,0.71900826446281,0.0,0,0,3.666543209876543,,,,,,0.0
binance,ARMUSDT,akcje,US,8.0,376,2026-05-26 16:00:00.001000+00:00,2026-09-28 16:00:00.002000+00:00,376.0,8.0,8.00000000074074,1094.9999998986111,5.703741422344217,2.8892258679389493,8.518256976749484,0.0,0.0,0.6968085106382979,0.0,0,0,3.651746031746032,,,,,,0.0
binance,ASMLUSDT,akcje,US,8.0,329,2026-06-11 08:00:00.001000+00:00,2026-09-28 16:00:00.002000+00:00,23.15195529255496,8.0,8.000000000846883,1094.9999998840829,6.892768722674584,-2.328883711391648,16.114421156740818,0.0,0.0,0.7963525835866262,0.0,0,0,3.6563636363636367,,,,,,0.0
binance,ASTSUSDT,akcje,US,8.0,359,2026-06-01 08:00:00.001000+00:00,2026-09-28 16:00:00.002000+00:00,108.20947510089117,8.0,8.000000000775916,1094.9999998937965,5.756625459051696,-1.7066769809531095,13.219927899056502,0.0,0.0,0.807799442896936,0.0,0,0,3.653333333333334,,,,,,0.0
binance,AVGOUSDT,akcje,US,8.0,508,2026-04-17 08:00:00.001000+00:00,2026-09-28 16:00:00.002000+00:00,471.5653010718496,8.0,7.77909270271751,1126.095334606287,7.027894481584849,3.7631659102423143,10.292623052927384,0.0,0.0,0.7047244094488189,0.0,0,2,3.6473939393939396,,,,,,0.0
binance,AXTIUSDT,akcje,US,8.0,338,2026-06-08 08:00:00.001000+00:00,2026-09-28 16:00:00.002000+00:00,36.349718367898454,8.0,8.000000000824267,1094.9999998871785,12.005797054976021,-3.054604559824305,27.066198669776348,0.0,0.0,0.7071005917159763,0.0,0,0,3.655398230088496,,,,,,0.0
binance,BABAUSDT,akcje,US,8.0,503,2026-04-17 08:00:00.001000+00:00,2026-09-28 16:00:00.002000+00:00,208.14567651227452,8.0,7.856573705732625,1114.9898579336411,7.803417230022346,0.5362263775154377,15.070608082529255,0.0,0.0,0.6441351888667992,0.0,0,1,3.6473939393939396,,,,,,0.0
binance,BBXUSDT,akcje,US,8.0,359,2026-06-01 08:00:00.001000+00:00,2026-09-28 16:00:00.002000+00:00,55.22519366714508,8.0,8.000000000775916,1094.9999998937965,14.076609316183461,-0.19793085471588712,28.35114948708281,0.0,0.0,0.6657381615598886,0.0,0,0,3.653333333333334,,,,,,0.0
binance,BEUSDT,akcje,US,8.0,376,2026-05-26 16:00:00.001000+00:00,2026-09-28 16:00:00.002000+00:00,51.12561299266336,8.0,8.00000000074074,1094.9999998986111,5.271417366533182,-2.6221773086839395,13.165012041750304,0.0,0.0,0.7952127659574468,0.0,0,0,3.651746031746032,,,,,,0.0
binance,BITOUSDT,ETF,US,8.0,190,2026-07-27 16:00:00+00:00,2026-09-28 16:00:00.002000+00:00,86.76262098888404,8.0,8.000000002939448,1094.9999995976632,5.434830787476759,-2.8657094615233403,13.735371036476856,0.0,0.0,0.7526315789473684,0.0,0,0,3.6768749999999994,,,,,,0.0
binance,BMNRUSDT,akcje,US,8.0,329,2026-06-11 08:00:00.001000+00:00,2026-09-28 16:00:00.002000+00:00,26.397791578476625,8.0,8.000000000846883,1094.9999998840829,12.050807825472015,-4.003567372928685,28.105183023872716,0.0,0.0,0.6291793313069909,0.0,0,0,3.6563636363636367,,,,,,0.0
binance,BNCUSDT,akcje,US,8.0,244,2026-07-09 16:00:00.001000+00:00,2026-09-28 16:00:00.002000+00:00,244.0,8.0,8.00000000114312,1094.9999998435355,67.91052675259135,34.29429254492151,101.52676096026119,0.0,0.0,0.3729508196721312,0.0,0,0,3.6659756097560976,,,,,,0.0
binance,BOTUSDT,akcje,US,8.0,244,2026-07-09 16:00:00.001000+00:00,2026-09-28 16:00:00.002000+00:00,244.0,8.0,8.00000000114312,1094.9999998435355,20.447608152815945,4.790611486944302,36.10460481868759,0.0,0.0,0.5204918032786885,0.0,0,0,3.6659756097560976,,,,,,0.0
binance,BRKBUSDT,akcje,US,8.0,401,2026-05-18 08:00:00.001000+00:00,2026-09-28 16:00:00.002000+00:00,401.0,8.0,8.000000000694445,1094.9999999049478,12.164802829367964,9.027784024228103,15.301821634507823,0.0,0.0,0.6807980049875312,0.0,0,0,3.649925373134328,,,,,,0.0
binance,BSPUSDT,akcje,US,8.0,265,2026-07-02 16:00:00.001000+00:00,2026-09-28 16:00:00.002000+00:00,237.98586013280826,8.0,8.00000000105219,1094.9999998559815,-0.1905837169560658,-12.65591165643801,12.274744222525877,0.0,0.0,0.6679245283018868,0.0,0,0,3.6630337078651682,,,,,,0.0
binance,BTCUSDT,BTC_kontrola,,8.0,906,2025-12-01 00:00:00+00:00,2026-09-28 16:00:00.001000+00:00,22.39781780550621,8.0,8.000000000306937,1094.999999957988,3.13500192040952,1.0110244553257137,5.258979385493326,3.7980074998542808,0.0001,0.0717439293598234,10.95,0,0,3.652317880794702,,,,,,0.0001
binance,BXUSDT,akcje,US,8.0,343,2026-06-08 08:00:00.001000+00:00,2026-09-28 16:00:00.002000+00:00,269.44278546266395,8.0,7.883040936484731,1111.2462906866915,-12.664041350184485,-21.55013518386576,-3.7779475165032106,0.0,0.0,0.7055393586005831,0.0,0,1,3.655398230088496,,,,,,0.0
binance,BYDUSDT,akcje,HK,4.0,147,2026-09-04 08:00:00.002000+00:00,2026-09-28 16:00:00.002000+00:00,147.0,4.0,4.0,2190.0,19.671786734693878,9.819087097654343,29.52448637173341,0.0,0.0,0.7619047619047619,0.0,0,0,3.75,,,,,,0.0
binance,BZUSDT,surowce,,4.0,1088,2026-03-31 08:00:00.001000+00:00,2026-09-28 16:00:00.002000+00:00,113.45664877002493,4.0,4.003679853061433,2187.987132213287,-23.654129795616956,-53.45112299375604,6.142863402522121,0.0,0.0,0.43474264705882354,0.0,1,0,3.646703296703297,,,,,,0.0
binance,CATUSDT,akcje,US,8.0,330,2026-07-02 16:00:00.001000+00:00,2026-09-28 16:00:00.002000+00:00,23.575196751144503,8.0,6.419452888382303,1364.6022725477953,-11.38268926107178,-51.91191780526243,29.146539283118873,0.0,0.0,0.5696969696969697,0.0,7,1,3.6630337078651682,,,,,,0.0
binance,CBRSUSDT,akcje,US,8.0,398,2026-05-19 08:00:00.001000+00:00,2026-09-28 16:00:00.002000+00:00,194.67133280543754,8.0,8.000000000699693,1094.9999999042295,5.315608718128053,0.5668992700766862,10.06431816617942,0.0,0.0,0.6582914572864321,0.0,0,0,3.6500751879699243,,,,,,0.0
binance,CIENUSDT,akcje,US,8.0,295,2026-06-22 16:00:00.001000+00:00,2026-09-28 16:00:00.002000+00:00,120.3963368380277,8.0,8.000000000944823,1094.9999998706774,3.8929514232690448,-1.756915559813347,9.542818406351437,0.0,0.0,0.9016949152542373,0.0,0,0,3.65969696969697,,,,,,0.0
binance,CLUSDT,surowce,,4.0,1088,2026-03-31 08:00:00.001000+00:00,2026-09-28 16:00:00.002000+00:00,96.385289655117,4.0,4.003679853061433,2187.987132213287,-27.9102132246932,-58.668335294292596,2.8479088449062036,0.0,0.0,0.4071691176470588,0.0,1,0,3.646703296703297,,,,,,0.0
binance,COHRUSDT,akcje,US,8.0,376,2026-05-26 16:00:00.001000+00:00,2026-09-28 16:00:00.002000+00:00,28.88606751330508,8.0,8.00000000074074,1094.9999998986111,10.552497525618662,-5.255638602409504,26.360633653646826,0.0,0.0,0.7154255319148937,0.0,0,0,3.651746031746032,,,,,,0.0
binance,COINUSDT,akcje,US,8.0,703,2026-02-06 16:00:00.001000+00:00,2026-09-28 16:00:00.002000+00:00,703.0,8.0,8.000000000395694,1094.9999999458394,-2.1080525674632984,-13.961739936461468,9.74563480153487,0.0,0.0,0.6458036984352774,0.0,0,0,3.645191489361703,,,,,,0.0
binance,COPPERUSDT,surowce,,4.0,1244,2026-03-05 08:00:00.001000+00:00,2026-09-28 16:00:00.002000+00:00,168.4681408023573,4.0,4.00321802114061,2188.2395497170733,12.069664441006422,4.855476077657854,19.28385280435499,0.0,0.0,0.5972668810289389,0.0,1,0,3.6458653846153846,,,,,,0.0
binance,COSTUSDT,akcje,US,8.0,335,2026-06-09 08:00:00.001000+00:00,2026-09-28 16:00:00.002000+00:00,335.0,8.0,8.00000000083167,1094.9999998861651,0.4665549850261243,0.03446400749704641,0.8986459625552022,0.0,0.0,0.9731343283582089,0.0,0,0,3.655714285714286,,,,,,0.0
binance,CRCLUSDT,akcje,US,8.0,703,2026-02-06 16:00:00.001000+00:00,2026-09-28 16:00:00.002000+00:00,372.4637645956015,8.0,8.000000000395694,1094.9999999458394,15.384851243904757,1.1824628506579355,29.587239637151587,0.8168699999595961,0.0,0.41251778093883357,0.0,0,0,3.645191489361703,,,,,,0.0
binance,CRDOUSDT,akcje,US,8.0,338,2026-06-08 08:00:00.001000+00:00,2026-09-28 16:00:00.002000+00:00,336.1497583377395,8.0,8.000000000824267,1094.9999998871785,5.099858830835491,3.1607017463178697,7.039015915353114,0.0,0.0,0.8076923076923077,0.0,0,0,3.655398230088496,,,,,,0.0
binance,CRMUSDT,akcje,US,8.0,367,2026-06-03 08:00:00.001000+00:00,2026-09-28 16:00:00.002000+00:00,209.9684184434517,8.0,7.6939890717972075,1138.5511362513266,-2.4953969610648454,-8.130676545727061,3.1398826235973716,0.0,0.0,0.9373297002724795,0.0,0,2,3.6538983050847467,,,,,,0.0
binance,CRWDUSDT,akcje,US,8.0,337,2026-06-08 08:00:00.001000+00:00,2026-09-28 16:00:00.002000+00:00,118.84521417631501,8.0,8.023809524636244,1091.750741727276,3.7952851756693287,-0.21365359448062923,7.8042239458192855,0.0,0.0,0.8694362017804155,0.0,1,0,3.655398230088496,,,,,,0.0
binance,CRWVUSDT,akcje,US,8.0,401,2026-05-18 08:00:00.001000+00:00,2026-09-28 16:00:00.002000+00:00,53.78088377502283,8.0,8.000000000694445,1094.9999999049478,5.09763733122832,-0.7268327096562235,10.922107372112864,0.0,0.0,0.770573566084788,0.0,0,0,3.649925373134328,,,,,,0.0
binance,CSCOUSDT,akcje,US,8.0,418,2026-05-14 08:00:00.001000+00:00,2026-09-28 16:00:00.002000+00:00,356.6264398058284,8.0,7.904076739275247,1108.2888348580527,0.5343516515146356,-1.8002282836221855,2.868931586651456,0.0,0.0,0.9330143540669856,0.0,0,1,3.6493478260869563,,,,,,0.0
binance,CSOPSAMSUNG2LUSDT,ETF,HK,4.0,221,2026-08-10 16:00:00.002000+00:00,2026-09-28 16:00:00.002000+00:00,221.0,4.0,5.345454545454546,1638.7755102040815,-20.59237106842737,-38.47817696810372,-2.7065651687510175,0.0,0.0,0.42081447963800905,0.0,0,0,3.6899999999999995,,,,,,0.0
binance,CSOPSKHYNIX2LUSDT,ETF,HK,4.0,221,2026-08-10 16:00:00.002000+00:00,2026-09-28 16:00:00.002000+00:00,221.0,4.0,5.345454545454546,1638.7755102040815,-12.21380129282482,-36.33633077949068,11.908728193841043,0.0,0.0,0.42081447963800905,0.0,0,0,3.6899999999999995,,,,,,0.0
binance,CVNAUSDT,akcje,US,8.0,2,2026-09-28 08:00:00.001000+00:00,2026-09-28 16:00:00.002000+00:00,2.0,8.0,8.000000277777778,1094.999961979168,0.0,0.0,0.0,0.0,0.0,1.0,0.0,0,0,3.88,,,,,,0.0
binance,CXMTUSDT,akcje,CN,4.0,201,2026-08-17 08:00:00.001000+00:00,2026-09-28 16:00:00.002000+00:00,48.365336152087785,4.0,5.080000001388889,1724.4094483474382,-60.64926476188815,-117.30019708271246,-3.998332441063801,0.0,0.0,0.572139303482587,0.0,0,0,3.6997674418604647,,,,,,0.0
binance,CYPHUSDT,akcje,US,8.0,32,2026-09-18 08:00:00.001000+00:00,2026-09-28 16:00:00.002000+00:00,13.112427665040926,8.0,8.000000008960575,1094.9999987735214,15.101624045585096,-14.895418114615932,45.09866620578612,0.0,0.0,0.53125,0.0,0,0,3.880000000000001,,,,,,0.0
binance,DDOGUSDT,akcje,US,8.0,79,2026-09-02 16:00:00.001000+00:00,2026-09-28 16:00:00.002000+00:00,79.0,8.0,8.000000003561253,1094.9999995125536,-0.8819185439112059,-9.710289817571581,7.94645272974917,0.0,0.0,0.8354430379746836,0.0,0,0,3.7411111111111106,,,,,,0.0
binance,DELLUSDT,akcje,US,8.0,358,2026-06-03 08:00:00.001000+00:00,2026-09-28 16:00:00.002000+00:00,84.79171174114555,8.0,7.887955182850918,1110.5539771631793,0.7153952960823009,-3.497627773369733,4.928418365534335,0.0,0.0,0.8072625698324022,0.0,0,1,3.6538983050847467,,,,,,0.0
binance,DISUSDT,akcje,US,8.0,418,2026-05-14 08:00:00.001000+00:00,2026-09-28 16:00:00.002000+00:00,418.0,8.0,7.904076739275247,1108.2888348580527,0.37793179550398837,-5.422030519608391,6.177894110616369,0.0,0.0,0.9043062200956937,0.0,0,1,3.6493478260869563,,,,,,0.0
binance,DJTUSDT,akcje,US,8.0,104,2026-08-25 08:00:00.001000+00:00,2026-09-28 16:00:00.002000+00:00,104.0,8.0,8.000000002696872,1094.9999996308657,-8.927377064298193,-20.431689635056898,2.576935506460513,0.0,0.0,0.8653846153846154,0.0,0,0,3.7157142857142853,,,,,,0.0
binance,DKNGUSDT,akcje,US,8.0,332,2026-06-10 08:00:00.001000+00:00,2026-09-28 16:00:00.002000+00:00,332.0,8.0,8.000000000839208,1094.9999998851333,2.3287912497557075,0.721421624077941,3.9361608754334734,0.0,0.0,0.9156626506024096,0.0,0,0,3.6560360360360367,,,,,,0.0
binance,DRAMUSDT,ETF,US,8.0,401,2026-05-18 08:00:00.001000+00:00,2026-09-28 16:00:00.002000+00:00,46.375926359493505,8.0,8.000000000694445,1094.9999999049478,14.646747305461746,3.8343417198868184,25.459152891036673,0.0,0.0,0.456359102244389,0.0,0,0,3.649925373134328,,,,,,0.0
binance,EBAYUSDT,akcje,US,8.0,340,2026-06-09 08:00:00.001000+00:00,2026-09-28 16:00:00.002000+00:00,340.0,8.0,7.882005900524418,1111.3922154533234,2.5907042862312024,-6.191594777365669,11.373003349828075,0.0,0.0,0.7558823529411764,0.0,0,1,3.655714285714286,,,,,,0.0
binance,EWJUSDT,ETF,US,8.0,587,2026-03-17 08:00:00.001000+00:00,2026-09-28 16:00:00.002000+00:00,74.0738790174198,8.0,8.000000000474024,1094.999999935118,-8.091436277203695,-25.38408686104535,9.201214306637961,0.0,0.0,0.7819420783645656,0.0,0,0,3.646224489795918,,,,,,0.0
binance,EWTUSDT,ETF,US,8.0,359,2026-06-01 08:00:00.001000+00:00,2026-09-28 16:00:00.002000+00:00,359.0,8.0,8.000000000775916,1094.9999998937965,3.0252409885645224,-3.161222805479062,9.211704782608107,0.0,0.0,0.8217270194986073,0.0,0,0,3.653333333333334,,,,,,0.0
binance,EWYUSDT,ETF,US,8.0,599,2026-03-13 08:00:00.001000+00:00,2026-09-28 16:00:00.002000+00:00,126.93763733184227,8.0,8.000000000464512,1094.99999993642,-2.125875776170387,-20.031471444488346,15.779719892147574,0.0,0.0,0.6076794657762938,0.0,0,0,3.6461,,,,,,0.0
binance,EWZUSDT,ETF,US,8.0,332,2026-06-10 08:00:00.001000+00:00,2026-09-28 16:00:00.002000+00:00,266.1008215091507,8.0,8.000000000839208,1094.9999998851333,2.274921867231238,-0.45932515774590066,5.009168892208376,0.0,0.0,0.8825301204819277,0.0,0,0,3.6560360360360367,,,,,,0.0
binance,FLEXUSDT,akcje,US,8.0,265,2026-07-02 16:00:00.001000+00:00,2026-09-28 16:00:00.002000+00:00,265.0,8.0,8.00000000105219,1094.9999998559815,-2.901741735467409,-9.918735995357343,4.115252524422526,0.0,0.0,0.7735849056603774,0.0,0,0,3.6630337078651682,,,,,,0.0
binance,FLNCUSDT,akcje,US,8.0,401,2026-05-18 08:00:00.001000+00:00,2026-09-28 16:00:00.002000+00:00,401.0,8.0,8.000000000694445,1094.9999999049478,2.898101820197306,-1.5876164346856065,7.383820075080219,0.0,0.0,0.773067331670823,0.0,0,0,3.649925373134328,,,,,,0.0
binance,FWDIUSDT,akcje,US,8.0,244,2026-07-09 16:00:00.001000+00:00,2026-09-28 16:00:00.002000+00:00,125.78419780237593,8.0,8.00000000114312,1094.9999998435355,22.142551472245884,-17.505687484332373,61.79079042882415,0.0,0.0,0.4918032786885246,0.0,0,0,3.6659756097560976,,,,,,0.0
binance,GDXUSDT,ETF,US,8.0,128,2026-08-17 08:00:00.001000+00:00,2026-09-28 16:00:00.002000+00:00,128.0,8.0,8.000000002187226,1094.9999997006234,3.4901670693582765,-2.953977496538713,9.934311635255265,0.0,0.0,0.8125,0.0,0,0,3.6997674418604647,,,,,,0.0
binance,GEVUSDT,akcje,US,8.0,242,2026-07-10 08:00:00.001000+00:00,2026-09-28 16:00:00.002000+00:00,150.52319509235136,8.0,8.000000001152605,1094.9999998422372,14.909402353223818,6.914432685018721,22.904372021428916,0.0,0.0,0.71900826446281,0.0,0,0,3.666543209876543,,,,,,0.0
binance,GIGADEVUSDT,akcje,HK,4.0,225,2026-08-03 08:00:00.002000+00:00,2026-09-28 16:00:00.002000+00:00,101.02670670037195,8.0,6.035714285714286,1451.3609467455622,-0.8652175400394483,-19.996511398763943,18.266076318685045,0.0,0.0,0.6533333333333333,0.0,0,0,3.682631578947368,,,,,,0.0
binance,GLWUSDT,akcje,US,8.0,343,2026-06-11 08:00:00.001000+00:00,2026-09-28 16:00:00.002000+00:00,22.258059677042944,8.0,7.672514620695257,1141.737804757184,11.376967852383055,-5.552065933794848,28.306001638560964,0.0,0.0,0.7113702623906706,0.0,0,1,3.6563636363636367,,,,,,0.0
binance,GMEUSDT,akcje,US,8.0,332,2026-06-10 08:00:00.001000+00:00,2026-09-28 16:00:00.002000+00:00,332.0,8.0,8.000000000839208,1094.9999998851333,-0.5083966264526927,-1.6700294754010532,0.653236222495668,0.0,0.0,0.9819277108433735,0.0,0,0,3.6560360360360367,,,,,,0.0
binance,GOOGLUSDT,akcje,US,8.0,577,2026-03-25 08:00:00.001000+00:00,2026-09-28 16:00:00.002000+00:00,275.15833750094043,8.0,7.805555556037809,1122.2775800018364,10.520337011136348,3.8433225964088944,17.1973514258638,0.0,0.0,0.5008665511265165,0.0,0,2,3.6464893617021277,,,,,,0.0
binance,GPROUSDT,akcje,US,8.0,76,2026-09-03 16:00:00.001000+00:00,2026-09-28 16:00:00.002000+00:00,37.96867253096202,8.0,8.000000003703704,1094.9999994930556,29.413659460066775,-3.7792810118262716,62.60659993195983,0.0,0.0,0.5394736842105263,0.0,0,0,3.7453846153846153,,,,,,0.0
binance,GSUSDT,akcje,US,8.0,190,2026-07-29 08:00:00.001000+00:00,2026-09-28 16:00:00.002000+00:00,189.89018001835296,8.0,7.788359789829513,1124.7554345703586,-2.9915297886231187,-9.50847476487866,3.5254151876324213,0.0,0.0,0.9157894736842105,0.0,0,1,3.6783870967741925,,,,,,0.0
binance,GTLBUSDT,akcje,US,8.0,79,2026-09-02 16:00:00.001000+00:00,2026-09-28 16:00:00.002000+00:00,42.994273341551974,8.0,8.000000003561253,1094.9999995125536,13.396798285175567,-8.595431058053881,35.38902762840502,0.0,0.0,0.810126582278481,0.0,0,0,3.7411111111111106,,,,,,0.0
binance,HANMIUSDT,akcje,KR,4.0,213,2026-08-13 08:00:00.002000+00:00,2026-09-28 16:00:00.002000+00:00,213.0,4.0,5.245283018867925,1670.071942446043,-1.0320966197183101,-8.066838201841694,6.002644962405075,0.0,0.0,0.7370892018779343,0.0,0,0,3.6938297872340415,,,,,,0.0
binance,HDUSDT,akcje,US,8.0,427,2026-05-14 08:00:00.001000+00:00,2026-09-28 16:00:00.002000+00:00,427.0,8.0,7.737089202529995,1132.2087377686582,-3.0618928098758738,-9.255222836206194,3.131437216454446,0.0,0.0,0.8548009367681498,0.0,0,2,3.6493478260869563,,,,,,0.0
binance,HIMSUSDT,akcje,US,8.0,335,2026-06-09 08:00:00.001000+00:00,2026-09-28 16:00:00.002000+00:00,335.0,8.0,8.00000000083167,1094.9999998861651,-0.14648485073104023,-1.3108585756006308,1.0178888741385503,0.0,0.0,0.9641791044776119,0.0,0,0,3.655714285714286,,,,,,0.0
binance,HK0625USDT,akcje,HK,4.0,166,2026-09-01 04:00:00.001000+00:00,2026-09-28 16:00:00.002000+00:00,152.20994128708827,4.0,4.000000001683501,2189.999999078283,17.66471149858945,7.1178601097569,28.211562887422005,0.0,0.0,0.8313253012048193,0.0,0,0,3.7371428571428567,,,,,,0.0
binance,HK0700USDT,akcje,HK,4.0,276,2026-07-17 08:00:00.001000+00:00,2026-09-28 16:00:00.002000+00:00,171.99061722026764,8.0,6.400000001010102,1368.7499997839725,15.369445785617744,7.695355205541792,23.043536365693697,0.0,0.0,0.8333333333333334,0.0,0,0,3.67054054054054,,,,,,0.0
binance,HK0992USDT,akcje,HK,4.0,147,2026-09-04 08:00:00.002000+00:00,2026-09-28 16:00:00.002000+00:00,76.3296795649063,4.0,4.0,2190.0,-27.941673673469392,-45.760938990600344,-10.12240835633843,0.0,0.0,0.782312925170068,0.0,0,0,3.75,,,,,,0.0
binance,HK1810USDT,akcje,HK,4.0,276,2026-07-17 08:00:00.001000+00:00,2026-09-28 16:00:00.002000+00:00,276.0,8.0,6.400000001010102,1368.7499997839725,12.55665461758342,6.266519640620372,18.84678959454647,0.0,0.0,0.8007246376811594,0.0,0,0,3.67054054054054,,,,,,0.0
binance,HOODUSDT,akcje,US,8.0,716,2026-02-02 08:00:00.001000+00:00,2026-09-28 16:00:00.002000+00:00,338.79850540054264,8.0,8.0000000003885,1094.9999999468241,0.7350401605788285,-10.519524414279434,11.989604735437092,0.0,0.0,0.6256983240223464,0.0,0,0,3.6451046025104605,,,,,,0.0
binance,HPEUSDT,akcje,US,8.0,352,2026-06-08 08:00:00.001000+00:00,2026-09-28 16:00:00.002000+00:00,352.0,8.0,7.680911681703071,1140.489614125815,-0.4822424252183868,-4.037148905675295,3.072664055238521,0.0,0.0,0.9147727272727273,0.0,0,2,3.655398230088496,,,,,,0.0
binance,HUTUSDT,akcje,US,8.0,32,2026-09-18 08:00:00.001000+00:00,2026-09-28 16:00:00.002000+00:00,32.0,8.0,8.000000008960575,1094.9999987735214,13.797034203296333,-0.30361933361363713,27.8976877402063,0.0,0.0,0.6875,0.0,0,0,3.880000000000001,,,,,,0.0
binance,HYUNDAIUSDT,akcje,KR,4.0,589,2026-06-02 08:00:00.001000+00:00,2026-09-28 16:00:00.002000+00:00,121.67479172643559,4.0,4.829931973261527,1813.6901406676752,7.035374878864236,-10.433516157920444,24.50426591564892,0.0,0.0,0.799660441426146,0.0,0,1,3.653613445378152,,,,,,0.0
binance,IBMUSDT,akcje,US,8.0,358,2026-06-03 08:00:00.001000+00:00,2026-09-28 16:00:00.002000+00:00,142.62453031461848,8.0,7.887955182850918,1110.5539771631793,2.734081522275059,-5.441348143205468,10.909511187755585,0.0,0.0,0.7793296089385475,0.0,0,1,3.6538983050847467,,,,,,0.0
binance,INTCUSDT,akcje,US,8.0,716,2026-02-02 08:00:00.001000+00:00,2026-09-28 16:00:00.002000+00:00,224.6133300757949,8.0,8.0000000003885,1094.9999999468241,6.71877777202009,-4.08444787365863,17.52200341769881,0.0,0.0,0.5516759776536313,0.0,0,0,3.6451046025104605,,,,,,0.0
binance,INTWUSDT,ETF,US,8.0,244,2026-07-09 16:00:00.001000+00:00,2026-09-28 16:00:00.002000+00:00,244.0,8.0,8.00000000114312,1094.9999998435355,-7.459516966147225,-13.33126062999733,-1.5877733022971214,0.0,0.0,0.7213114754098361,0.0,0,0,3.6659756097560976,,,,,,0.0
binance,IONQUSDT,akcje,US,8.0,94,2026-08-28 16:00:00.002000+00:00,2026-09-28 16:00:00.002000+00:00,81.64905610492427,8.0,8.0,1095.0,13.803104042553194,5.626426421557275,21.97978166354911,0.0,0.0,0.7978723404255319,0.0,0,0,3.72375,,,,,,0.0
binance,IRENUSDT,akcje,US,8.0,353,2026-06-03 08:00:00.001000+00:00,2026-09-28 16:00:00.002000+00:00,189.9481353395352,8.0,8.000000000789141,1094.9999998919864,2.3248121810737907,-0.4831125152495605,5.132736877397142,0.0,0.0,0.8243626062322946,0.0,0,0,3.6538983050847467,,,,,,0.0
binance,IWMUSDT,ETF,US,8.0,338,2026-06-08 08:00:00.001000+00:00,2026-09-28 16:00:00.002000+00:00,129.64223471328472,8.0,8.000000000824267,1094.9999998871785,-0.09113769229830211,-0.4022750480920617,0.21999966349545746,0.0,0.0,0.9792899408284024,0.0,0,0,3.655398230088496,,,,,,0.0
binance,JPMUSDT,akcje,US,8.0,406,2026-05-18 08:00:00.001000+00:00,2026-09-28 16:00:00.002000+00:00,406.0,8.0,7.901234568587106,1108.6874999037598,-1.1242883168666908,-3.604936525529659,1.3563598917962774,0.0,0.0,0.916256157635468,0.0,0,1,3.649925373134328,,,,,,0.0
binance,KLACUSDT,akcje,US,8.0,300,2026-06-22 16:00:00.001000+00:00,2026-09-28 16:00:00.002000+00:00,71.40712274739045,8.0,7.866220736714976,1113.6224488480698,1.672360240108612,-3.3657979900186543,6.710518470235878,0.0,0.0,0.89,0.0,0,1,3.65969696969697,,,,,,0.0
binance,KODEX200USDT,ETF,KR,4.0,213,2026-08-13 08:00:00.002000+00:00,2026-09-28 16:00:00.002000+00:00,64.51035287129342,4.0,5.245283018867925,1670.071942446043,4.27394932211977,-13.516777822249034,22.06467646648857,0.0,0.0,0.8215962441314554,0.0,0,0,3.6938297872340415,,,,,,0.0
binance,KORUUSDT,ETF,US,8.0,294,2026-06-22 16:00:00.001000+00:00,2026-09-28 16:00:00.002000+00:00,154.6280791647234,8.0,8.027303755214259,1091.2755100751988,8.967233575575678,-8.724686905650755,26.659154056802116,0.0,0.0,0.46938775510204084,0.0,1,0,3.65969696969697,,,,,,0.0
binance,KOUSDT,akcje,US,8.0,166,2026-08-06 08:00:00.002000+00:00,2026-09-28 16:00:00.002000+00:00,123.17024637138474,8.0,7.757575757575758,1129.21875,1.0153717319277107,-8.884440727137681,10.915184190993104,0.0,0.0,0.8614457831325302,0.0,0,1,3.685555555555555,,,,,,0.0
binance,KSTRUSDT,ETF,US,8.0,265,2026-07-02 16:00:00.001000+00:00,2026-09-28 16:00:00.002000+00:00,265.0,8.0,8.00000000105219,1094.9999998559815,-11.072925111751195,-21.90442794930692,-0.2414222741954684,0.0,0.0,0.5811320754716981,0.0,0,0,3.6630337078651682,,,,,,0.0
binance,KUAISHOUUSDT,akcje,HK,4.0,204,2026-08-10 08:00:00.001000+00:00,2026-09-28 16:00:00.002000+00:00,93.48999289144942,4.0,5.8325123166393,1501.9256753233094,25.320125648868874,13.480120192183719,37.16013110555402,0.0,0.0,0.7647058823529411,0.0,0,0,3.6899999999999995,,,,,,0.0
binance,LGELECTRONICSUSDT,akcje,KR,4.0,213,2026-08-13 08:00:00.002000+00:00,2026-09-28 16:00:00.002000+00:00,113.19283869954077,4.0,5.245283018867925,1670.071942446043,-8.21386857432364,-19.535302903142906,3.1075657544956266,0.0,0.0,0.7887323943661971,0.0,0,0,3.6938297872340415,,,,,,0.0
binance,LITEUSDT,akcje,US,8.0,413,2026-05-14 08:00:00.001000+00:00,2026-09-28 16:00:00.002000+00:00,38.95269268742104,8.0,8.000000000674218,1094.9999999077163,14.416040882562292,-6.599746706803461,35.43182847192804,0.0,0.0,0.7167070217917676,0.0,0,0,3.6493478260869563,,,,,,0.0
binance,LLYUSDT,akcje,US,8.0,364,2026-06-01 08:00:00.001000+00:00,2026-09-28 16:00:00.002000+00:00,122.14292035925368,8.0,7.889807163299664,1110.2932959816987,2.7041467746701966,-0.1175722531053027,5.525865802445696,0.0,0.0,0.8516483516483516,0.0,0,1,3.653333333333334,,,,,,0.0
binance,LRCXUSDT,akcje,US,8.0,300,2026-06-22 16:00:00.001000+00:00,2026-09-28 16:00:00.002000+00:00,65.37892172495967,8.0,7.866220736714976,1113.6224488480698,5.760642717346863,-1.1564693026962365,12.677754737389963,0.0,0.0,0.8166666666666667,0.0,0,1,3.65969696969697,,,,,,0.0
binance,LYTEUSDT,ETF,US,8.0,128,2026-08-17 08:00:00.001000+00:00,2026-09-28 16:00:00.002000+00:00,128.0,8.0,8.000000002187226,1094.9999997006234,4.478344686275607,-0.7888831321343225,9.745572504685535,0.0,0.0,0.7890625,0.0,0,0,3.6997674418604647,,,,,,0.0
binance,MARAUSDT,akcje,US,8.0,94,2026-08-28 16:00:00.002000+00:00,2026-09-28 16:00:00.002000+00:00,31.179414905155255,8.0,8.0,1095.0,5.126580319148935,-2.3543641883833364,12.607524826681207,0.0,0.0,0.9148936170212766,0.0,0,0,3.72375,,,,,,0.0
binance,MDBUSDT,akcje,US,8.0,79,2026-09-02 16:00:00.001000+00:00,2026-09-28 16:00:00.002000+00:00,20.92655363389048,8.0,8.000000003561253,1094.9999995125536,2.2005618977545836,-15.041857575657513,19.442981371166677,0.0,0.0,0.8734177215189873,0.0,0,0,3.7411111111111106,,,,,,0.0
binance,MEITUANUSDT,akcje,HK,4.0,204,2026-08-10 08:00:00.001000+00:00,2026-09-28 16:00:00.002000+00:00,204.0,4.0,5.8325123166393,1501.9256753233094,15.891875570595937,8.630018592698839,23.153732548493032,0.0,0.0,0.8088235294117647,0.0,0,0,3.6899999999999995,,,,,,0.0
binance,METAUSDT,akcje,US,8.0,577,2026-03-25 08:00:00.001000+00:00,2026-09-28 16:00:00.002000+00:00,286.6607755489433,8.0,7.805555556037809,1122.2775800018364,5.019611126576393,-1.1853975487162853,11.224619801869071,0.0,0.0,0.6308492201039861,0.0,0,2,3.6464893617021277,,,,,,0.0
binance,MINIMAXUSDT,akcje,HK,4.0,276,2026-07-17 08:00:00.001000+00:00,2026-09-28 16:00:00.002000+00:00,74.82888626324984,8.0,6.400000001010102,1368.7499997839725,14.07926501136485,-2.3241967984785177,30.482726821208217,0.0,0.0,0.5507246376811594,0.0,0,0,3.67054054054054,,,,,,0.0
binance,MOONSHOTUSDT,przed_IPO,,8.0,20,2026-09-22 08:00:00.001000+00:00,2026-09-28 16:00:00.002000+00:00,2.2222222222222223,8.0,8.000000014619884,1094.9999979989034,5.474999989994518,5.474999989994518,5.474999989994518,5.474999989994518,5e-05,1.0,5.475,0,0,3.8799999999999994,,,,,,5e-05
binance,MRKUSDT,akcje,US,8.0,99,2026-08-28 16:00:00.002000+00:00,2026-09-28 16:00:00.002000+00:00,99.0,8.0,7.591836734693878,1153.8709677419354,-1.6601405962854352,-15.77618285754718,12.455901664976308,0.0,0.0,0.8181818181818182,0.0,0,1,3.72375,,,,,,0.0
binance,MRNAUSDT,akcje,US,8.0,104,2026-08-25 08:00:00.001000+00:00,2026-09-28 16:00:00.002000+00:00,87.73512522105312,8.0,8.000000002696872,1094.9999996308657,-2.191853076184184,-6.039127326085909,1.6554211737175424,0.0,0.0,0.7980769230769231,0.0,0,0,3.7157142857142853,,,,,,0.0
binance,MRVLUSDT,akcje,US,8.0,417,2026-05-14 16:00:00.001000+00:00,2026-09-28 16:00:00.002000+00:00,34.9103064780025,8.0,7.903846154513889,1108.321167789578,11.0111947225902,-0.263676800041159,22.286066245221562,0.0,0.0,0.6139088729016786,0.0,0,1,3.6493478260869563,,,,,,0.0
binance,MSFTUSDT,akcje,US,8.0,521,2026-04-17 08:00:00.001000+00:00,2026-09-28 16:00:00.002000+00:00,79.1543790430134,8.0,7.584615385149573,1154.969573955166,7.486209072366577,0.5796511291577312,14.392767015575425,0.0,0.0,0.6948176583493282,0.0,0,2,3.6473939393939396,,,,,,0.0
binance,MSTRUSDT,akcje,US,8.0,703,2026-02-06 16:00:00.001000+00:00,2026-09-28 16:00:00.002000+00:00,703.0,8.0,8.000000000395694,1094.9999999458394,4.857427787810953,-8.38064284818225,18.095498423804155,0.0,0.0,0.5248933143669986,0.0,0,0,3.645191489361703,,,,,,0.0
binance,MUUSDT,akcje,US,8.0,529,2026-04-07 08:00:00.002000+00:00,2026-09-28 16:00:00.002000+00:00,53.48609465387449,8.0,7.924242424242424,1105.4684512428298,16.25559802593009,-2.9234944091301696,35.434690460990346,0.0,0.0,0.4763705103969754,0.0,0,1,3.6469714285714288,,,,,,0.0
binance,MUUUSDT,ETF,US,8.0,224,2026-07-16 08:00:00.002000+00:00,2026-09-28 16:00:00.002000+00:00,84.4792066233302,8.0,8.0,1095.0,0.3159857142857139,-6.481368798954487,7.1133402275259145,0.0,0.0,0.7410714285714286,0.0,0,0,3.669999999999999,,,,,,0.0
binance,MVLLUSDT,ETF,US,8.0,289,2026-06-24 16:00:00.001000+00:00,2026-09-28 16:00:00.002000+00:00,45.97486661869614,8.0,8.000000000964507,1094.9999998679832,9.193294151140762,-7.838411283541315,26.224999585822832,0.0,0.0,0.7335640138408305,0.0,0,0,3.6603092783505162,,,,,,0.0
binance,NATGASUSDT,surowce,,4.0,1088,2026-03-31 08:00:00.001000+00:00,2026-09-28 16:00:00.002000+00:00,55.676774082114086,4.0,4.003679853061433,2187.987132213287,42.35803523344542,6.96480503920508,77.75126542768577,0.0,0.0,0.6911764705882353,0.0,1,0,3.646703296703297,,,,,,0.0
binance,NAVERUSDT,akcje,KR,4.0,213,2026-08-13 08:00:00.002000+00:00,2026-09-28 16:00:00.002000+00:00,213.0,4.0,5.245283018867925,1670.071942446043,-0.9834528341270642,-6.3173581315194935,4.350452463265365,0.0,0.0,0.8356807511737089,0.0,0,0,3.6938297872340415,,,,,,0.0
binance,NBISUSDT,akcje,US,8.0,376,2026-05-26 16:00:00.001000+00:00,2026-09-28 16:00:00.002000+00:00,74.48549864450793,8.0,8.00000000074074,1094.9999998986111,12.10493668770896,1.4590093144822043,22.750864060935715,0.0,0.0,0.6356382978723404,0.0,0,0,3.651746031746032,,,,,,0.0
binance,NETUSDT,akcje,US,8.0,128,2026-08-17 08:00:00.001000+00:00,2026-09-28 16:00:00.002000+00:00,33.85092765847573,8.0,8.000000002187226,1094.9999997006234,8.589967028901475,-3.3801233092040355,20.560057367006983,0.0,0.0,0.8515625,0.0,0,0,3.6997674418604647,,,,,,0.0
binance,NFLXUSDT,akcje,US,8.0,335,2026-06-09 08:00:00.001000+00:00,2026-09-28 16:00:00.002000+00:00,23.11418928393546,8.0,8.00000000083167,1094.9999998861651,1.976324641585589,-1.3021484593795536,5.254797742550731,0.0,0.0,0.9044776119402985,0.0,0,0,3.655714285714286,,,,,,0.0
binance,NOKUSDT,akcje,US,8.0,359,2026-06-01 08:00:00.001000+00:00,2026-09-28 16:00:00.002000+00:00,41.122203415428785,8.0,8.000000000775916,1094.9999998937965,10.237286154995948,-2.1649877289926307,22.639560038984527,0.0,0.0,0.7047353760445683,0.0,0,0,3.653333333333334,,,,,,0.0
binance,NOWUSDT,akcje,US,8.0,353,2026-06-03 08:00:00.001000+00:00,2026-09-28 16:00:00.002000+00:00,190.5019758274237,8.0,8.000000000789141,1094.9999998919864,1.3568911188463226,-0.6193725271173119,3.333154764809957,0.0,0.0,0.9065155807365439,0.0,0,0,3.6538983050847467,,,,,,0.0
binance,NVDAUSDT,akcje,US,8.0,577,2026-03-25 08:00:00.001000+00:00,2026-09-28 16:00:00.002000+00:00,76.46418507512843,8.0,7.805555556037809,1122.2775800018364,6.315203764327318,-10.869776537338327,23.50018406599296,0.0,0.0,0.5251299826689775,0.0,0,2,3.6464893617021277,,,,,,0.0
binance,NVDLUSDT,ETF,US,8.0,79,2026-09-02 16:00:00.001000+00:00,2026-09-28 16:00:00.002000+00:00,79.0,8.0,8.000000003561253,1094.9999995125536,2.6460605684423424,-6.300646431479557,11.592767568364241,0.0,0.0,0.8227848101265823,0.0,0,0,3.7411111111111106,,,,,,0.0
binance,NVOUSDT,akcje,US,8.0,364,2026-06-01 08:00:00.001000+00:00,2026-09-28 16:00:00.002000+00:00,272.43509679733563,8.0,7.889807163299664,1110.2932959816987,0.18175867285977326,-9.016113119754365,9.379630465473912,0.0,0.0,0.9148351648351648,0.0,0,1,3.653333333333334,,,,,,0.0
binance,OKLOUSDT,akcje,US,8.0,2,2026-09-28 08:00:00.001000+00:00,2026-09-28 16:00:00.002000+00:00,2.0,8.0,8.000000277777778,1094.999961979168,19.89560180918049,-19.099061495148142,58.89026511350912,19.89560180918049,0.0,0.5,0.0,0,0,3.88,,,,,,0.0
binance,ONDSUSDT,akcje,US,8.0,353,2026-06-03 08:00:00.001000+00:00,2026-09-28 16:00:00.002000+00:00,61.36272039586647,8.0,8.000000000789141,1094.9999998919864,1.6449102406309435,-1.253875112969464,4.543695594231351,0.0,0.0,0.9376770538243626,0.0,0,0,3.6538983050847467,,,,,,0.0
binance,OPENAIUSDT,przed_IPO,,8.0,376,2026-05-26 16:00:00.001000+00:00,2026-09-28 16:00:00.002000+00:00,4.7594936708860756,8.0,8.00000000074074,1094.9999998986111,5.474999999493057,5.474999999493056,5.474999999493058,5.474999999493056,5e-05,1.0,5.475,0,0,3.651746031746032,,,,,,5e-05
binance,ORCLUSDT,akcje,US,8.0,418,2026-05-14 08:00:00.001000+00:00,2026-09-28 16:00:00.002000+00:00,265.6710301728148,8.0,7.904076739275247,1108.2888348580527,6.108935783094112,3.107539770718245,9.110331795469978,0.0,0.0,0.6411483253588517,0.0,0,1,3.6493478260869563,,,,,,0.0
binance,OURAUSDT,przed_IPO,,8.0,17,2026-09-23 08:00:00.001000+00:00,2026-09-28 16:00:00.002000+00:00,1.8888888888888888,8.0,8.000000017361112,1094.999997623698,5.47499998811849,5.47499998811849,5.47499998811849,5.47499998811849,5e-05,1.0,5.475,0,0,3.8799999999999994,,,,,,5e-05
binance,PANWUSDT,akcje,US,8.0,209,2026-07-21 08:00:00.001000+00:00,2026-09-28 16:00:00.002000+00:00,209.0,8.0,8.00000000133547,1094.9999998172075,2.9327243535774143,0.385430360592383,5.480018346562446,0.0,0.0,0.937799043062201,0.0,0,0,3.672857142857142,,,,,,0.0
binance,PATHUSDT,akcje,US,8.0,32,2026-09-18 08:00:00.001000+00:00,2026-09-28 16:00:00.002000+00:00,32.0,8.0,8.000000008960575,1094.9999987735214,12.559923735931983,1.9204281592331136,23.19941931263085,0.0,0.0,0.75,0.0,0,0,3.880000000000001,,,,,,0.0
binance,PAYPUSDT,akcje,US,8.0,569,2026-03-23 08:00:00.001000+00:00,2026-09-28 16:00:00.002000+00:00,410.73562056365597,8.0,8.000000000489045,1094.9999999330619,1.8204134445284355,-8.135092269782332,11.775919158839205,0.0,0.0,0.648506151142355,0.0,0,0,3.6464210526315792,,,,,,0.0
binance,PDDUSDT,akcje,US,8.0,94,2026-08-28 16:00:00.002000+00:00,2026-09-28 16:00:00.002000+00:00,94.0,8.0,8.0,1095.0,23.990424893617018,14.934317254872834,33.046532532361205,0.0,0.0,0.6276595744680851,0.0,0,0,3.72375,,,,,,0.0
binance,PENGUSDT,akcje,US,8.0,209,2026-07-21 08:00:00.001000+00:00,2026-09-28 16:00:00.002000+00:00,209.0,8.0,8.00000000133547,1094.9999998172075,0.7719435644644373,-5.843531916776162,7.3874190457050375,0.0,0.0,0.8229665071770335,0.0,0,0,3.672857142857142,,,,,,0.0
binance,PLTRUSDT,akcje,US,8.0,703,2026-02-06 16:00:00.001000+00:00,2026-09-28 16:00:00.002000+00:00,164.49624307485797,8.0,8.000000000395694,1094.9999999458394,-1.2606144665094818,-13.921132664151987,11.399903731133024,0.0,0.0,0.8620199146514936,0.0,0,0,3.645191489361703,,,,,,0.0
binance,POPMARTUSDT,akcje,HK,4.0,258,2026-07-23 08:00:00.001000+00:00,2026-09-28 16:00:00.002000+00:00,258.0,8.0,6.28793774427151,1393.143564116965,15.014367171895316,8.886360776893412,21.142373566897216,0.0,0.0,0.8062015503875969,0.0,0,0,3.674117647058823,,,,,,0.0
binance,PYPLUSDT,akcje,US,8.0,190,2026-07-29 08:00:00.001000+00:00,2026-09-28 16:00:00.002000+00:00,190.0,8.0,7.788359789829513,1124.7554345703586,-2.2922042175308297,-5.531590472281235,0.9471820372195761,0.0,0.0,0.9421052631578948,0.0,0,1,3.6783870967741925,,,,,,0.0
binance,QCOMUSDT,akcje,US,8.0,451,2026-05-06 08:00:00.001000+00:00,2026-09-28 16:00:00.002000+00:00,51.757844776670765,8.0,7.751111111728395,1130.1605503687117,14.295468460892904,-1.650229628735233,30.241166550521044,0.0,0.0,0.6031042128603105,0.0,0,2,3.6483561643835607,,,,,,0.0
binance,QNTXUSDT,akcje,US,8.0,367,2026-05-29 16:00:00.001000+00:00,2026-09-28 16:00:00.002000+00:00,169.85114943002446,8.0,8.000000000758956,1094.999999896118,11.029538173340555,-1.867605863109522,23.92668220979063,0.0,0.0,0.5122615803814714,0.0,0,0,3.6525203252032528,,,,,,0.0
binance,QQQUSDT,ETF,US,8.0,550,2026-04-03 08:00:00.001000+00:00,2026-09-28 16:00:00.002000+00:00,61.54011531950349,8.0,7.795992714531471,1123.6542055345499,0.5005246153286032,-11.667264155737461,12.668313386394669,0.0,0.0,0.6472727272727272,0.0,0,2,3.6468156424581,,,,,,0.0
binance,RAMUSDT,ETF,US,8.0,104,2026-08-25 08:00:00.001000+00:00,2026-09-28 16:00:00.002000+00:00,104.0,8.0,8.000000002696872,1094.9999996308657,-4.70988980610456,-18.142460845462026,8.722681233252905,0.0,0.0,0.6634615384615384,0.0,0,0,3.7157142857142853,,,,,,0.0
binance,RDDTUSDT,akcje,US,8.0,161,2026-08-06 08:00:00.002000+00:00,2026-09-28 16:00:00.002000+00:00,161.0,8.0,8.0,1095.0,3.0849142546583845,-0.02968160711961115,6.1995101164363815,0.0,0.0,0.8136645962732919,0.0,0,0,3.685555555555555,,,,,,0.0
binance,RIVNUSDT,akcje,US,8.0,332,2026-06-10 08:00:00.001000+00:00,2026-09-28 16:00:00.002000+00:00,332.0,8.0,8.000000000839208,1094.9999998851333,0.06692362951105194,-0.31856581860028177,0.4524130776223857,0.0,0.0,0.9849397590361446,0.0,0,0,3.6560360360360367,,,,,,0.0
binance,RKLBUSDT,akcje,US,8.0,401,2026-05-18 08:00:00.001000+00:00,2026-09-28 16:00:00.002000+00:00,96.3643510573947,8.0,8.000000000694445,1094.9999999049478,7.287110311088135,3.0867377618489216,11.487482860327349,0.0,0.0,0.6309226932668329,0.0,0,0,3.649925373134328,,,,,,0.0
binance,RUMUSDT,akcje,US,8.0,2,2026-09-28 08:00:00.001000+00:00,2026-09-28 16:00:00.002000+00:00,2.0,8.0,8.000000277777778,1094.999961979168,0.0,0.0,0.0,0.0,0.0,1.0,0.0,0,0,3.88,,,,,,0.0
binance,SAMSUNGEMUSDT,akcje,KR,4.0,213,2026-08-13 08:00:00.002000+00:00,2026-09-28 16:00:00.002000+00:00,213.0,4.0,5.245283018867925,1670.071942446043,4.582442188671598,-4.861618837684511,14.026503215027708,0.0,0.0,0.7183098591549296,0.0,0,0,3.6938297872340415,,,,,,0.0
binance,SAMSUNGUSDT,akcje,KR,1.0,590,2026-06-02 08:00:00.001000+00:00,2026-09-28 16:00:00.002000+00:00,226.66093034771046,4.0,4.821731749198265,1816.7746477096266,21.116685816793513,0.08002190606090873,42.15334972752612,0.0,0.0,0.4915254237288136,0.0,0,1,3.653613445378152,,,,,,0.0
binance,SHAZUSDT,akcje,US,8.0,209,2026-07-21 08:00:00.001000+00:00,2026-09-28 16:00:00.002000+00:00,183.73682771501996,8.0,8.00000000133547,1094.9999998172075,-10.01868416100697,-25.05042371889491,5.013055396880972,0.0,0.0,0.5598086124401914,0.0,0,0,3.672857142857142,,,,,,0.0
binance,SHOPUSDT,akcje,US,8.0,128,2026-08-17 08:00:00.001000+00:00,2026-09-28 16:00:00.002000+00:00,69.7094021591178,8.0,8.000000002187226,1094.9999997006234,4.481321717524792,-0.638008586220826,9.60065202127041,0.0,0.0,0.859375,0.0,0,0,3.6997674418604647,,,,,,0.0
binance,SKDDUSDT,ETF,US,8.0,104,2026-08-25 08:00:00.001000+00:00,2026-09-28 16:00:00.002000+00:00,104.0,8.0,8.000000002696872,1094.9999996308657,-3.8353954313993626,-16.099417406660493,8.42862654386177,0.0,0.0,0.6923076923076923,0.0,0,0,3.7157142857142853,,,,,,0.0
binance,SKHYNIXUSDT,akcje,KR,4.0,589,2026-06-02 08:00:00.001000+00:00,2026-09-28 16:00:00.002000+00:00,153.04285240422465,4.0,4.829931973261527,1813.6901406676752,38.4507944885991,6.998652066135199,69.902936911063,0.0,0.0,0.4397283531409168,0.0,0,1,3.653613445378152,,,,,,0.0
binance,SKHYUSDT,akcje,US,8.0,241,2026-07-10 16:00:00.001000+00:00,2026-09-28 16:00:00.002000+00:00,198.3964402903982,8.0,8.000000001157408,1094.9999998415797,-5.908301949352679,-10.993591394963712,-0.8230125037416451,0.0,0.0,0.6265560165975104,0.0,0,0,3.666543209876543,,,,,,0.0
binance,SKUUUSDT,ETF,US,8.0,104,2026-08-25 08:00:00.001000+00:00,2026-09-28 16:00:00.002000+00:00,45.10389443605466,8.0,8.000000002696872,1094.9999996308657,-11.27233009235384,-27.734395614551072,5.189735429843392,0.0,0.0,0.6538461538461539,0.0,0,0,3.7157142857142853,,,,,,0.0
binance,SMCIUSDT,akcje,US,8.0,295,2026-06-22 16:00:00.001000+00:00,2026-09-28 16:00:00.002000+00:00,62.977067309529886,8.0,8.000000000944823,1094.9999998706774,2.5493418810548483,-5.086585414547455,10.185269176657151,0.0,0.0,0.9084745762711864,0.0,0,0,3.65969696969697,,,,,,0.0
binance,SMHUSDT,ETF,US,8.0,185,2026-07-29 08:00:00.001000+00:00,2026-09-28 16:00:00.002000+00:00,49.4297714410264,8.0,8.000000001509662,1094.999999793365,0.2802193783254988,-1.3743469471250862,1.9347857037760838,0.0,0.0,0.9513513513513514,0.0,0,0,3.6783870967741925,,,,,,0.0
binance,SNDKUSDT,akcje,US,8.0,524,2026-04-07 08:00:00.002000+00:00,2026-09-28 16:00:00.002000+00:00,114.16093738795325,8.0,8.0,1095.0,10.510721106870228,-2.2296105414763643,23.251052755216826,0.0,0.0,0.5591603053435115,0.0,0,0,3.6469714285714288,,,,,,0.0
binance,SNOWUSDT,akcje,US,8.0,242,2026-07-10 08:00:00.001000+00:00,2026-09-28 16:00:00.002000+00:00,242.0,8.0,8.000000001152605,1094.9999998422372,0.12888421485746404,-4.069083862278862,4.32685229199379,0.0,0.0,0.7975206611570248,0.0,0,0,3.666543209876543,,,,,,0.0
binance,SNXXUSDT,ETF,US,8.0,244,2026-07-09 16:00:00.001000+00:00,2026-09-28 16:00:00.002000+00:00,244.0,8.0,8.00000000114312,1094.9999998435355,6.24040499910831,-1.2645531231908516,13.74536312140747,0.0,0.0,0.5737704918032787,0.0,0,0,3.6659756097560976,,,,,,0.0
binance,SOFIUSDT,akcje,US,8.0,209,2026-07-21 08:00:00.001000+00:00,2026-09-28 16:00:00.002000+00:00,24.69425362400586,8.0,8.00000000133547,1094.9999998172075,5.958356051636927,-1.808781450620805,13.725493553894658,0.0,0.0,0.8708133971291866,0.0,0,0,3.672857142857142,,,,,,0.0
binance,SONYUSDT,akcje,US,8.0,295,2026-06-22 16:00:00.001000+00:00,2026-09-28 16:00:00.002000+00:00,101.09664499628202,8.0,8.000000000944823,1094.9999998706774,4.776033660452886,-4.829666339499641,14.381733660405416,0.0,0.0,0.8305084745762712,0.0,0,0,3.65969696969697,,,,,,0.0
binance,SOXLUSDT,ETF,US,8.0,412,2026-05-14 16:00:00.001000+00:00,2026-09-28 16:00:00.002000+00:00,122.63328178365333,8.0,8.00000000067586,1094.9999999074917,16.041609136994275,4.889785648271542,27.193432625717012,0.0,0.0,0.5218446601941747,0.0,0,0,3.6493478260869563,,,,,,0.0
binance,SOXSUSDT,ETF,US,8.0,224,2026-07-16 08:00:00.002000+00:00,2026-09-28 16:00:00.002000+00:00,34.40580479667756,8.0,8.0,1095.0,-6.316835022321427,-23.15680938867635,10.523139344033499,0.0,0.0,0.6651785714285714,0.0,0,0,3.669999999999999,,,,,,0.0
binance,SPCXUSD1,akcje,US,8.0,220,2026-07-17 16:00:00.001000+00:00,2026-09-28 16:00:00.002000+00:00,94.89766953375076,8.0,8.000000001268392,1094.9999998263888,-0.5091550908283649,-3.6235178743848357,2.6052076927281056,0.0,0.0,0.8136363636363636,0.0,0,0,3.67054054054054,,,,,,0.0
binance,SPCXUSDT,akcje,US,8.0,391,2026-05-21 16:00:00.001000+00:00,2026-09-28 16:00:00.002000+00:00,37.51922022240289,8.0,8.000000000712252,1094.9999999025106,4.390871585286823,-2.24876134309338,11.030504513667026,0.0,0.0,0.5396419437340153,0.0,0,0,3.6505343511450374,,,,,,0.0
binance,SPYUSDT,ETF,US,8.0,550,2026-04-03 08:00:00.001000+00:00,2026-09-28 16:00:00.002000+00:00,58.79899032615525,8.0,7.795992714531471,1123.6542055345499,-4.952524297962346,-15.911652361235124,6.006603765310435,0.0,0.0,0.76,0.0,0,2,3.6468156424581,,,,,,0.0
binance,SQQQUSDT,ETF,US,8.0,289,2026-06-24 16:00:00.001000+00:00,2026-09-28 16:00:00.002000+00:00,285.7795683497034,8.0,8.000000000964507,1094.9999998679832,1.1483480967473643,-0.6928146158699289,2.9895108093646576,0.0,0.0,0.8304498269896193,0.0,0,0,3.6603092783505162,,,,,,0.0
binance,STRCUSDT,akcje,US,8.0,299,2026-07-02 16:00:00.001000+00:00,2026-09-28 16:00:00.002000+00:00,299.0,8.0,7.087248323079791,1236.0227271101612,-6.623300125687106,-16.4964759022093,3.2498756508350906,0.0,0.0,0.7926421404682275,0.0,0,5,3.6630337078651682,,,,,,0.0
binance,STXXUSDT,akcje,US,8.0,339,2026-06-11 08:00:00.001000+00:00,2026-09-28 16:00:00.002000+00:00,28.0009055250863,8.0,7.763313610289283,1128.3841462220123,-11.96306880404332,-42.24925370739855,18.323116099311918,0.0,0.0,0.56047197640118,0.0,0,2,3.6563636363636367,,,,,,0.0
binance,TBTUSDT,ETF_oblig,US,8.0,190,2026-07-27 16:00:00+00:00,2026-09-28 16:00:00.002000+00:00,46.334363260288775,8.0,8.000000002939448,1094.9999995976632,-47.609654824612,-86.06446312348459,-9.154846525739401,0.0,0.0,0.5684210526315789,0.0,0,0,3.6768749999999994,,,,,,0.0
binance,TEAMUSDT,akcje,US,8.0,79,2026-09-02 16:00:00.001000+00:00,2026-09-28 16:00:00.002000+00:00,16.541133293855037,8.0,8.000000003561253,1094.9999995125536,12.063143728807228,-15.586899532696357,39.71318699031082,0.0,0.0,0.7721518987341772,0.0,0,0,3.7411111111111106,,,,,,0.0
binance,TEMUSDT,akcje,US,8.0,94,2026-08-28 16:00:00.002000+00:00,2026-09-28 16:00:00.002000+00:00,94.0,8.0,8.0,1095.0,3.927275744680851,-4.081709156460944,11.936260645822646,0.0,0.0,0.8617021276595744,0.0,0,0,3.72375,,,,,,0.0
binance,TENCENTUSDT,akcje,HK,4.0,276,2026-07-17 08:00:00.001000+00:00,2026-09-28 16:00:00.002000+00:00,276.0,8.0,6.400000001010102,1368.7499997839725,13.79245237554055,8.718363421956314,18.866541329124786,0.0,0.0,0.8297101449275363,0.0,0,0,3.67054054054054,,,,,,0.0
binance,TERUSDT,akcje,US,8.0,270,2026-07-02 16:00:00.001000+00:00,2026-09-28 16:00:00.002000+00:00,270.0,8.0,7.851301116274267,1115.7386362168904,0.9426999708356087,-0.3586326251677492,2.2440325668389667,0.0,0.0,0.9333333333333333,0.0,0,1,3.6630337078651682,,,,,,0.0
binance,TMFUSDT,ETF_oblig,US,8.0,190,2026-07-27 16:00:00+00:00,2026-09-28 16:00:00.002000+00:00,61.431439724898766,8.0,8.000000002939448,1094.9999995976632,6.196270734565404,-3.669248009127403,16.06178947825821,0.0,0.0,0.8052631578947368,0.0,0,0,3.6768749999999994,,,,,,0.0
binance,TQQQUSDT,ETF,US,8.0,289,2026-06-24 16:00:00.001000+00:00,2026-09-28 16:00:00.002000+00:00,289.0,8.0,8.000000000964507,1094.9999998679832,0.9518315915807455,-0.9033697078082563,2.8070328909697473,0.0,0.0,0.7716262975778547,0.0,0,0,3.6603092783505162,,,,,,0.0
binance,TSLAUSDT,akcje,US,8.0,742,2026-01-27 16:00:00.001000+00:00,2026-09-28 16:00:00.002000+00:00,284.65944174340365,8.0,7.902834008472035,1108.4631147015186,1.7077203840160295,-6.777900714370724,10.193341482402785,0.0,0.0,0.5862533692722371,0.0,0,0,3.644979591836735,,,,,,0.0
binance,TSLLUSDT,ETF,US,8.0,79,2026-09-02 16:00:00.001000+00:00,2026-09-28 16:00:00.002000+00:00,15.59900889674897,8.0,8.000000003561253,1094.9999995125536,4.324778732252012,-6.895633087739177,15.545190552243199,0.0,0.0,0.9367088607594937,0.0,0,0,3.7411111111111106,,,,,,0.0
binance,TSMUSDT,akcje,US,8.0,550,2026-04-03 08:00:00.001000+00:00,2026-09-28 16:00:00.002000+00:00,194.7794859799797,8.0,7.795992714531471,1123.6542055345499,6.621716706299213,-1.878641850154493,15.122075262752919,0.0,0.0,0.6527272727272727,0.0,0,2,3.6468156424581,,,,,,0.0
binance,TTWOUSDT,akcje,US,8.0,265,2026-07-02 16:00:00.001000+00:00,2026-09-28 16:00:00.002000+00:00,160.07750120356738,8.0,8.00000000105219,1094.9999998559815,2.6344501694648277,-0.9895562124909234,6.258456551420578,0.0,0.0,0.8377358490566038,0.0,0,0,3.6630337078651682,,,,,,0.0
binance,TWSTUSDT,akcje,US,8.0,2,2026-09-28 08:00:00.001000+00:00,2026-09-28 16:00:00.002000+00:00,2.0,8.0,8.000000277777778,1094.999961979168,42.78055351456411,-41.06779127405503,126.62889830318326,42.78055351456411,0.0,0.5,0.0,0,0,3.88,,,,,,0.0
binance,TXNUSDT,akcje,US,8.0,270,2026-07-02 16:00:00.001000+00:00,2026-09-28 16:00:00.002000+00:00,158.0845151347853,8.0,7.851301116274267,1115.7386362168904,-0.06591122684318276,-5.940551408102445,5.80872895441608,0.0,0.0,0.937037037037037,0.0,0,1,3.6630337078651682,,,,,,0.0
binance,TZAUSDT,ETF,US,8.0,224,2026-07-16 08:00:00.002000+00:00,2026-09-28 16:00:00.002000+00:00,224.0,8.0,8.0,1095.0,0.27281142857142865,-0.3373773003223573,0.8830001574652145,0.0,0.0,0.9732142857142857,0.0,0,0,3.669999999999999,,,,,,0.0
binance,UBERUSDT,akcje,US,8.0,413,2026-05-14 08:00:00.001000+00:00,2026-09-28 16:00:00.002000+00:00,54.13633223251827,8.0,8.000000000674218,1094.9999999077163,1.4917479296563618,-0.6295752027965295,3.6130710621092534,0.0,0.0,0.9491525423728814,0.0,0,0,3.6493478260869563,,,,,,0.0
binance,UNITREEUSDT,akcje,CN,4.0,243,2026-08-19 08:00:00.001000+00:00,2026-09-28 16:00:00.002000+00:00,30.163965129054905,4.0,4.000000001147842,2189.9999993715564,-73.69377034922316,-202.9708504854682,55.58330978702184,0.0,0.0,0.6008230452674898,0.0,0,0,3.7031707317073166,,,,,,0.0
binance,URNMUSDT,ETF,US,8.0,335,2026-06-09 08:00:00.001000+00:00,2026-09-28 16:00:00.002000+00:00,335.0,8.0,8.00000000083167,1094.9999998861651,-1.2570207759887253,-8.286930240296064,5.7728886883186155,0.0,0.0,0.6985074626865672,0.0,0,0,3.655714285714286,,,,,,0.0
binance,USARUSDT,akcje,US,8.0,437,2026-05-06 08:00:00.001000+00:00,2026-09-28 16:00:00.002000+00:00,68.34962248178533,8.0,8.000000000637105,1094.9999999127963,9.306893614819458,-1.869816291874946,20.483603521513867,0.0,0.0,0.8009153318077803,0.0,0,0,3.6483561643835607,,,,,,0.0
binance,USDBRLUSDT,waluty,,8.0,31,2026-09-18 16:00:00.001000+00:00,2026-09-28 16:00:00.002000+00:00,31.0,8.0,8.00000000925926,1094.9999987326387,16.23676594894938,1.6496983944898607,30.8238335034089,0.0,0.0,0.6451612903225806,0.0,0,0,3.880000000000001,10.95,10.18,IRSTCI01BRM156N−DFF,0.0,"A,B",0.0
binance,UVXYUSDT,ETF,US,8.0,329,2026-06-11 08:00:00.001000+00:00,2026-09-28 16:00:00.002000+00:00,138.55588942473452,8.0,8.000000000846883,1094.9999998840829,2.0693536319997823,-3.3840579775701882,7.522765241569754,0.0,0.0,0.7720364741641338,0.0,0,0,3.6563636363636367,,,,,,0.0
binance,VRTUSDT,akcje,US,8.0,247,2026-07-10 08:00:00.001000+00:00,2026-09-28 16:00:00.002000+00:00,37.89904319747407,8.0,7.837398375112918,1117.7178421626156,9.246585571937068,-0.005873924659361692,18.499045068533494,0.0,0.0,0.7732793522267206,0.0,0,1,3.666543209876543,,,,,,0.0
binance,VSTUSDT,akcje,US,8.0,133,2026-08-17 08:00:00.001000+00:00,2026-09-28 16:00:00.002000+00:00,39.98941766080933,8.0,7.696969699074074,1138.1102359093093,12.878230752502967,-2.2464577441528664,28.002919249158804,0.0,0.0,0.8045112781954887,0.0,0,1,3.6997674418604647,,,,,,0.0
binance,VUSDT,akcje,US,8.0,406,2026-05-18 08:00:00.001000+00:00,2026-09-28 16:00:00.002000+00:00,406.0,8.0,7.901234568587106,1108.6874999037598,-1.4211407603446171,-4.800540390694241,1.9582588700050065,0.0,0.0,0.8940886699507389,0.0,0,1,3.649925373134328,,,,,,0.0
binance,WDCUSDT,akcje,US,8.0,390,2026-05-26 16:00:00.001000+00:00,2026-09-28 16:00:00.002000+00:00,109.90447160782774,8.0,7.712082262924879,1135.879999894826,6.013054555648363,-2.7392921334830924,14.765401244779818,0.0,0.0,0.7717948717948718,0.0,0,2,3.651746031746032,,,,,,0.0
binance,WENUSDT,akcje,US,8.0,249,2026-07-09 16:00:00.001000+00:00,2026-09-28 16:00:00.002000+00:00,249.0,8.0,7.838709678539427,1117.530864037847,-7.130726575410265,-16.660579481946925,2.3991263311263946,0.0,0.0,0.8514056224899599,0.0,0,1,3.6659756097560976,,,,,,0.0
binance,WMTUSDT,akcje,US,8.0,406,2026-05-18 08:00:00.001000+00:00,2026-09-28 16:00:00.002000+00:00,168.51103990793743,8.0,7.901234568587106,1108.6874999037598,2.2401522471885476,-0.6268325262955832,5.1071370206726785,0.0,0.0,0.8916256157635468,0.0,0,1,3.649925373134328,,,,,,0.0
binance,XAGUSDT,surowce,,4.0,1586,2026-01-07 08:00:00.001000+00:00,2026-09-28 16:00:00.002000+00:00,160.34727704069596,4.0,4.002523659481247,2188.619167621698,21.355258333438538,6.1185166769857,36.59199998989138,0.0,0.0,0.46279949558638084,0.0,1,0,3.6446037735849055,,,,,,0.0
binance,XAUUSDT,surowce,,4.0,1748,2025-12-11 08:00:00.001000+00:00,2026-09-28 16:00:00.002000+00:00,253.94218079557632,4.0,4.0022896395408,2188.747139501146,13.179689905603178,3.473957290905225,22.88542252030113,0.0,0.0,0.4605263157894737,0.0,1,0,3.6441780821917806,,,,,,0.0
binance,XBIUSDT,ETF,US,8.0,249,2026-07-09 16:00:00.001000+00:00,2026-09-28 16:00:00.002000+00:00,62.01807924086916,8.0,7.838709678539427,1117.530864037847,6.03900663506351,-1.6813543241971385,13.759367594324157,0.0,0.0,0.8433734939759037,0.0,0,1,3.6659756097560976,,,,,,0.0
binance,XLEUSDT,ETF,US,8.0,346,2026-06-10 08:00:00.001000+00:00,2026-09-28 16:00:00.002000+00:00,346.0,8.0,7.675362319645733,1141.3141992760454,-2.7780115385731214,-8.871943168922442,3.3159200917761975,0.0,0.0,0.9161849710982659,0.0,0,2,3.6560360360360367,,,,,,0.0
binance,XOMUSDT,akcje,US,8.0,2,2026-09-28 08:00:00.001000+00:00,2026-09-28 16:00:00.002000+00:00,2.0,8.0,8.000000277777778,1094.999961979168,0.0,0.0,0.0,0.0,0.0,1.0,0.0,0,0,3.88,,,,,,0.0
binance,XPDUSDT,surowce,,4.0,1447,2026-01-30 08:00:00.001000+00:00,2026-09-28 16:00:00.002000+00:00,199.53399645474806,4.0,4.005532503649915,2186.975138016662,20.070910674954824,9.694661499427063,30.447159850482592,0.0,0.0,0.5998617829993089,0.0,2,0,3.64504132231405,,,,,,0.0
binance,XPTUSDT,surowce,,4.0,1447,2026-01-30 08:00:00.001000+00:00,2026-09-28 16:00:00.002000+00:00,157.1268972323536,4.0,4.005532503649915,2186.975138016662,17.31999671708831,7.576255186802121,27.06373824737449,0.0,0.0,0.6109191430545957,0.0,2,0,3.64504132231405,,,,,,0.0
binance,ZHIPUUSDT,akcje,HK,4.0,276,2026-07-17 08:00:00.001000+00:00,2026-09-28 16:00:00.002000+00:00,276.0,8.0,6.400000001010102,1368.7499997839725,23.302041368604893,2.2588521252377087,44.34523061197208,0.0,0.0,0.5108695652173914,0.0,0,0,3.67054054054054,,,,,,0.0
binance,ZHONGJIUSDT,akcje,HK,4.0,213,2026-08-13 08:00:00.002000+00:00,2026-09-28 16:00:00.002000+00:00,67.7471857818165,4.0,5.245283018867925,1670.071942446043,19.7796264221299,0.03460849091468426,39.52464435334512,0.0,0.0,0.6056338028169014,0.0,0,0,3.6938297872340415,,,,,,0.0
binance,ZMUSDT,akcje,US,8.0,332,2026-06-10 08:00:00.001000+00:00,2026-09-28 16:00:00.002000+00:00,315.41055667833234,8.0,8.000000000839208,1094.9999998851333,3.73642694237913,-0.5327467090250253,8.005600593783285,0.0,0.0,0.8072289156626506,0.0,0,0,3.6560360360360367,,,,,,0.0
binance,ZSUSDT,akcje,US,8.0,79,2026-09-02 16:00:00.001000+00:00,2026-09-28 16:00:00.002000+00:00,34.17174940437536,8.0,8.000000003561253,1094.9999995125536,13.379181259866957,-4.01197294995441,30.77033546968832,0.0,0.0,0.8354430379746836,0.0,0,0,3.7411111111111106,,,,,,0.0
