as_of,component,phase,formed,today,symbol,sign,weight,k,exposure,margin
2026-09-23,trend,0,2026-09-21,False,1000PEPEUSDT,1,0.002730701200433125,0.5708527631823012,0.0015588283256924762,0.0007794141628462381
2026-09-23,trend,0,2026-09-21,False,ACEUSDT,-1,-0.000953470615923913,0.5708527631823012,-0.0005442913357132964,0.0002721456678566482
2026-09-23,trend,0,2026-09-21,False,ADAUSDT,1,0.003647844296422822,0.5708527631823012,0.002082381996271765,0.0010411909981358825
2026-09-23,trend,0,2026-09-21,False,AKEUSDT,1,0.0004616241682955238,0.5708527631823012,0.00026351943202323135,0.00013175971601161568
2026-09-23,trend,0,2026-09-21,False,BNBUSDT,1,0.006957438501210036,0.5708527631823012,0.003971672993086677,0.0019858364965433385
2026-09-23,trend,0,2026-09-21,False,BTCUSDT,1,0.006532574650673029,0.5708527631823012,0.0037291382900313543,0.0018645691450156771
2026-09-23,trend,0,2026-09-21,False,BTWUSDT,1,0.0009827020280730907,0.5708527631823012,0.0005609781681103752,0.0002804890840551876
2026-09-23,trend,0,2026-09-21,False,CYSUSDT,-1,-0.0009172415840753924,0.5708527631823012,-0.0005236098927751487,0.00026180494638757435
2026-09-23,trend,0,2026-09-21,False,DOGEUSDT,1,0.0040919974308684754,0.5708527631823012,0.0023359280403461467,0.0011679640201730733
2026-09-23,trend,0,2026-09-21,False,ENAUSDT,1,0.00220911836622968,0.5708527631823012,0.0012610813235589837,0.0006305406617794918
2026-09-23,trend,0,2026-09-21,False,ETHUSDT,1,0.004813929066835339,0.5708527631823012,0.00274804470956655,0.001374022354783275
2026-09-23,trend,0,2026-09-21,False,HYPEUSDT,1,0.0033347832093603242,0.5708527631823012,0.0019036702096772835,0.0009518351048386417
2026-09-23,trend,0,2026-09-21,False,LINKUSDT,1,0.00426155613077262,0.5708527631823012,0.002432721092708026,0.001216360546354013
2026-09-23,trend,0,2026-09-21,False,PUMPUSDT,-1,-0.002158486101667461,0.5708527631823012,-0.0012321777554274637,0.0006160888777137319
2026-09-23,trend,0,2026-09-21,False,SOLUSDT,1,0.004438960545201384,0.5708527631823012,0.0025339928928854237,0.0012669964464427118
2026-09-23,trend,0,2026-09-21,False,SUIUSDT,1,0.003356883656068527,0.5708527631823012,0.0019162863107482241,0.0009581431553741121
2026-09-23,trend,0,2026-09-21,False,TRUMPUSDT,-1,-0.0024822577818018957,0.5708527631823012,-0.0014170037136723816,0.0007085018568361908
2026-09-23,trend,0,2026-09-21,False,TUTUSDT,-1,-0.0006729595687911947,0.5708527631823012,-0.0003841608293544234,0.0001920804146772117
2026-09-23,trend,0,2026-09-21,False,XRPUSDT,1,0.003936629054986361,0.5708527631823012,0.002247235573662695,0.0011236177868313474
2026-09-23,trend,0,2026-09-21,False,ZECUSDT,1,0.001993673458095699,0.5708527631823012,0.0011380940024371435,0.0005690470012185717
2026-09-23,trend,1,2026-09-22,False,1000PEPEUSDT,1,0.002737807267831378,0.5708527631823012,0.0015628848439021286,0.0007814424219510643
2026-09-23,trend,1,2026-09-22,False,ACEUSDT,-1,-0.000961383303710628,0.5708527631823012,-0.0005488083154005414,0.0002744041577002707
2026-09-23,trend,1,2026-09-22,False,ADAUSDT,1,0.0036526911328742897,0.5708527631823012,0.002085148826252778,0.001042574413126389
2026-09-23,trend,1,2026-09-22,False,AKEUSDT,1,0.00046494604021710573,0.5708527631823012,0.0002654157317886041,0.00013270786589430206
2026-09-23,trend,1,2026-09-22,False,BNBUSDT,1,0.006991763530124156,0.5708527631823012,0.003991267530688615,0.0019956337653443076
2026-09-23,trend,1,2026-09-22,False,BTCUSDT,1,0.006584342715449326,0.5708527631823012,0.0037586902328535037,0.0018793451164267519
2026-09-23,trend,1,2026-09-22,False,BTWUSDT,1,0.0009859675121142145,0.5708527631823012,0.0005628422786983783,0.00028142113934918916
2026-09-23,trend,1,2026-09-22,False,CYSUSDT,-1,-0.0009191892918627984,0.5708527631823012,-0.0005247217471474612,0.0002623608735737306
2026-09-23,trend,1,2026-09-22,False,DOGEUSDT,1,0.004125216413227783,0.5708527631823012,0.0023548911882160612,0.0011774455941080306
2026-09-23,trend,1,2026-09-22,False,ENAUSDT,1,0.00222612487437482,0.5708527631823012,0.001270789535725719,0.0006353947678628595
2026-09-23,trend,1,2026-09-22,False,ETHUSDT,1,0.004851305576552145,0.5708527631823012,0.0027693811934164985,0.0013846905967082493
2026-09-23,trend,1,2026-09-22,False,HYPEUSDT,1,0.0033467824410490198,0.5708527631823012,0.0019105200042428398,0.0009552600021214199
2026-09-23,trend,1,2026-09-22,False,LINKUSDT,1,0.004293975369609908,0.5708527631823012,0.0024512277047785587,0.0012256138523892793
2026-09-23,trend,1,2026-09-22,False,PUMPUSDT,-1,-0.002174068846436701,0.5708527631823012,-0.0012410732083369487,0.0006205366041684743
2026-09-23,trend,1,2026-09-22,False,SOLUSDT,1,0.0044754590853984194,0.5708527631823012,0.002554828185409022,0.001277414092704511
2026-09-23,trend,1,2026-09-22,False,SUIUSDT,1,0.0033798912275863208,0.5708527631823012,0.001929420246523271,0.0009647101232616355
2026-09-23,trend,1,2026-09-22,False,TRUMPUSDT,1,0.002498397286378885,0.5708527631823012,0.0014262169944565493,0.0007131084972282747
2026-09-23,trend,1,2026-09-22,False,TUTUSDT,-1,-0.000675940349995293,0.5708527631823012,-0.0003858624165412248,0.0001929312082706124
2026-09-23,trend,1,2026-09-22,False,XRPUSDT,1,0.003956917087737815,0.5708527631823012,0.0022588170532183956,0.0011294085266091978
2026-09-23,trend,1,2026-09-22,False,ZECUSDT,1,0.001976308750582904,0.5708527631823012,0.001128181311171612,0.000564090655585806
2026-09-23,trend,2,2026-09-23,True,1000PEPEUSDT,1,0.0026368451634840996,0.5708527631823012,0.0015052503476587849,0.0007526251738293924
2026-09-23,trend,2,2026-09-23,True,ACEUSDT,-1,-0.0009684260165135029,0.5708527631823012,-0.000552828667464362,0.000276414333732181
2026-09-23,trend,2,2026-09-23,True,ADAUSDT,1,0.003611723314097633,0.5708527631823012,0.002061762233702572,0.001030881116851286
2026-09-23,trend,2,2026-09-23,True,AKEUSDT,1,0.0004679740391206574,0.5708527631823012,0.00026714427332960957,0.00013357213666480479
2026-09-23,trend,2,2026-09-23,True,BNBUSDT,1,0.006959584281258377,0.5708527631823012,0.003972897917556454,0.001986448958778227
2026-09-23,trend,2,2026-09-23,True,BTCUSDT,1,0.006592491137090115,0.5708527631823012,0.003763341781862723,0.0018816708909313615
2026-09-23,trend,2,2026-09-23,True,BTWUSDT,1,0.0009856720424161456,0.5708527631823012,0.000562673609004799,0.0002813368045023995
2026-09-23,trend,2,2026-09-23,True,CYSUSDT,-1,-0.0009264650443613088,0.5708527631823012,-0.0005288751305654664,0.0002644375652827332
2026-09-23,trend,2,2026-09-23,True,DOGEUSDT,1,0.004011368117128946,0.5708527631823012,0.0022899005738044433,0.0011449502869022216
2026-09-23,trend,2,2026-09-23,True,ENAUSDT,1,0.002234882766413802,0.5708527631823012,0.0012757890025958242,0.0006378945012979121
2026-09-23,trend,2,2026-09-23,True,ETHUSDT,1,0.004864623730907116,0.5708527631823012,0.0027769838986305222,0.0013884919493152611
2026-09-23,trend,2,2026-09-23,True,HYPEUSDT,1,0.003359534429966456,0.5708527631823012,0.0019177995123524285,0.0009588997561762142
2026-09-23,trend,2,2026-09-23,True,LINKUSDT,1,0.004246853844337995,0.5708527631823012,0.0024243282518717226,0.0012121641259358613
2026-09-23,trend,2,2026-09-23,True,PUMPUSDT,-1,-0.002148802332112326,0.5708527631823012,-0.001226649748818894,0.000613324874409447
2026-09-23,trend,2,2026-09-23,True,SOLUSDT,1,0.004482839954824003,0.5708527631823012,0.002559041575115304,0.001279520787557652
2026-09-23,trend,2,2026-09-23,True,SUIUSDT,1,0.0033529056311573345,0.5708527631823012,0.001914015444235662,0.000957007722117831
2026-09-23,trend,2,2026-09-23,True,TRUMPUSDT,-1,-0.002430942264373586,0.5708527631823012,-0.0013877101087543017,0.0006938550543771508
2026-09-23,trend,2,2026-09-23,True,TUTUSDT,-1,-0.0006811763165267935,0.5708527631823012,-0.0003888513825036619,0.00019442569125183095
2026-09-23,trend,2,2026-09-23,True,XRPUSDT,1,0.003941669316906838,0.5708527631823012,0.0022501128211071617,0.0011250564105535809
2026-09-23,trend,2,2026-09-23,True,ZECUSDT,1,0.0019739741327649465,0.5708527631823012,0.0011268485881392562,0.0005634242940696281
2026-09-23,trend,3,2026-09-17,False,1000PEPEUSDT,1,0.003073687272577924,0.5708527631823012,0.0017546228727093789,0.0008773114363546894
2026-09-23,trend,3,2026-09-17,False,ACEUSDT,-1,-0.0009257272949932301,0.5708527631823012,-0.0005284539843001627,0.00026422699215008133
2026-09-23,trend,3,2026-09-17,False,ADAUSDT,1,0.003871234654860379,0.5708527631823012,0.0022099049996541294,0.0011049524998270647
2026-09-23,trend,3,2026-09-17,False,AKEUSDT,1,0.0005094910506584521,0.5708527631823012,0.00029084437408503114,0.00014542218704251557
2026-09-23,trend,3,2026-09-17,False,BNBUSDT,1,0.00702449904144654,0.5708527631823012,0.004009954687781183,0.0020049773438905916
2026-09-23,trend,3,2026-09-17,False,BTCUSDT,1,0.00726545617838984,0.5708527631823012,0.004147505735213762,0.002073752867606881
2026-09-23,trend,3,2026-09-17,False,BTWUSDT,1,0.0009839631324683113,0.5708527631823012,0.0005616980730390481,0.00028084903651952407
2026-09-23,trend,3,2026-09-17,False,CYSUSDT,-1,-0.0008896432510927478,0.5708527631823012,-0.0005078553081327809,0.00025392765406639044
2026-09-23,trend,3,2026-09-17,False,DOGEUSDT,1,0.004784035156990259,0.5708527631823012,0.0027309796885291635,0.0013654898442645818
2026-09-23,trend,3,2026-09-17,False,ENAUSDT,1,0.0023905012703492124,0.5708527631823012,0.001364624255569649,0.0006823121277848245
2026-09-23,trend,3,2026-09-17,False,ETHUSDT,1,0.004954505318047807,0.5708527631823012,0.0028282930510089965,0.0014141465255044982
2026-09-23,trend,3,2026-09-17,False,HYPEUSDT,1,0.00333121008883373,0.5708527631823012,0.0019016304839514938,0.0009508152419757469
2026-09-23,trend,3,2026-09-17,False,LINKUSDT,1,0.004373043556011019,0.5708527631823012,0.0024963639974654468,0.0012481819987327234
2026-09-23,trend,3,2026-09-17,False,PUMPUSDT,1,0.0020978554441728396,0.5708527631823012,0.0011975665770630993,0.0005987832885315496
2026-09-23,trend,3,2026-09-17,False,SOLUSDT,1,0.004924656763063816,0.5708527631823012,0.002811253920919386,0.001405626960459693
2026-09-23,trend,3,2026-09-17,False,SUIUSDT,1,0.003981410905730603,0.5708527631823012,0.002272799416900463,0.0011363997084502316
2026-09-23,trend,3,2026-09-17,False,TRUMPUSDT,1,0.002445075292010764,0.5708527631823012,0.0013957779866331167,0.0006978889933165584
2026-09-23,trend,3,2026-09-17,False,TUTUSDT,-1,-0.0006523967396109628,0.5708527631823012,-0.00037242248149804236,0.00018621124074902118
2026-09-23,trend,3,2026-09-17,False,XRPUSDT,1,0.004150630413780874,0.5708527631823012,0.0023693988406553097,0.0011846994203276548
2026-09-23,trend,3,2026-09-17,False,ZECUSDT,1,0.0019531718564872154,0.5708527631823012,0.0011149735512456318,0.0005574867756228159
2026-09-23,trend,4,2026-09-18,False,1000PEPEUSDT,-1,-0.003063005523354094,0.5708527631823012,-0.001748525166649335,0.0008742625833246675
2026-09-23,trend,4,2026-09-18,False,ACEUSDT,-1,-0.0009330794235392619,0.5708527631823012,-0.0005326509671959364,0.0002663254835979682
2026-09-23,trend,4,2026-09-18,False,ADAUSDT,-1,-0.003667005084667753,0.5708527631823012,-0.002093319985186135,0.0010466599925930675
2026-09-23,trend,4,2026-09-18,False,AKEUSDT,1,0.00045592429679368297,0.5708527631823012,0.0002602656446266215,0.00013013282231331074
2026-09-23,trend,4,2026-09-18,False,BNBUSDT,1,0.00695955468109606,0.5708527631823012,0.003972881020222005,0.0019864405101110024
2026-09-23,trend,4,2026-09-18,False,BTCUSDT,1,0.006875737437512046,0.5708527631823012,0.003925033715119746,0.001962516857559873
2026-09-23,trend,4,2026-09-18,False,BTWUSDT,1,0.0009873867341627638,0.5708527631823012,0.000563652445526362,0.000281826222763181
2026-09-23,trend,4,2026-09-18,False,CYSUSDT,-1,-0.0008948264390389236,0.5708527631823012,-0.0005108141452939485,0.00025540707264697424
2026-09-23,trend,4,2026-09-18,False,DOGEUSDT,-1,-0.004630641021337249,0.5708527631823012,-0.0026434142223356817,0.0013217071111678409
2026-09-23,trend,4,2026-09-18,False,ENAUSDT,1,0.0023714557574991127,0.5708527631823012,0.0013537520719329457,0.0006768760359664728
2026-09-23,trend,4,2026-09-18,False,ETHUSDT,1,0.004800214651711703,0.5708527631823012,0.0027402157977977934,0.0013701078988988967
2026-09-23,trend,4,2026-09-18,False,HYPEUSDT,1,0.0032567705704129243,0.5708527631823012,0.001859136479171017,0.0009295682395855085
2026-09-23,trend,4,2026-09-18,False,LINKUSDT,1,0.004245696237835403,0.5708527631823012,0.00242366742900104,0.00121183371450052
2026-09-23,trend,4,2026-09-18,False,PUMPUSDT,1,0.002110169595046435,0.5708527631823012,0.0012045961441155349,0.0006022980720577674
2026-09-23,trend,4,2026-09-18,False,SOLUSDT,1,0.004500376572038305,0.5708527631823012,0.002569052401508959,0.0012845262007544795
2026-09-23,trend,4,2026-09-18,False,SUIUSDT,-1,-0.003800238511197631,0.5708527631823012,-0.002169376654868962,0.001084688327434481
2026-09-23,trend,4,2026-09-18,False,TRUMPUSDT,1,0.0024406290917942594,0.5708527631823012,0.0013932398609538632,0.0006966199304769316
2026-09-23,trend,4,2026-09-18,False,TUTUSDT,-1,-0.0006569287784129963,0.5708527631823012,-0.0003750096083710326,0.0001875048041855163
2026-09-23,trend,4,2026-09-18,False,XRPUSDT,-1,-0.0040306971947791145,0.5708527631823012,-0.0023009346311908072,0.0011504673155954036
2026-09-23,trend,4,2026-09-18,False,ZECUSDT,1,0.0019577811129441332,0.5708527631823012,0.0011176047580302793,0.0005588023790151396
2026-09-23,trend,5,2026-09-19,False,1000PEPEUSDT,1,0.003023297575195855,0.5708527631823012,0.0017258577747229047,0.0008629288873614523
2026-09-23,trend,5,2026-09-19,False,ACEUSDT,-1,-0.0009407120636121161,0.5708527631823012,-0.0005370080808719011,0.00026850404043595057
2026-09-23,trend,5,2026-09-19,False,ADAUSDT,1,0.003693454804162038,0.5708527631823012,0.0021084188806448443,0.0010542094403224221
2026-09-23,trend,5,2026-09-19,False,AKEUSDT,1,0.00045434271529684714,0.5708527631823012,0.00025936279445895475,0.00012968139722947737
2026-09-23,trend,5,2026-09-19,False,BNBUSDT,1,0.0070172555149909405,0.5708527631823012,0.00400581970068882,0.00200290985034441
2026-09-23,trend,5,2026-09-19,False,BTCUSDT,1,0.0069303657356038235,0.5708527631823012,0.003956218430033384,0.001978109215016692
2026-09-23,trend,5,2026-09-19,False,BTWUSDT,1,0.0009954673142599886,0.5708527631823012,0.0005682652670029786,0.0002841326335014893
2026-09-23,trend,5,2026-09-19,False,CYSUSDT,-1,-0.0009022731240237784,0.5708527631823012,-0.0005150651059941011,0.00025753255299705054
2026-09-23,trend,5,2026-09-19,False,DOGEUSDT,-1,-0.004668755537135592,0.5708527631823012,-0.0026651719989965214,0.0013325859994982607
2026-09-23,trend,5,2026-09-19,False,ENAUSDT,1,0.002188810769080368,0.5708527631823012,0.001249488675612706,0.000624744337806353
2026-09-23,trend,5,2026-09-19,False,ETHUSDT,1,0.00483752149389765,0.5708527631823012,0.002761512511745247,0.0013807562558726236
2026-09-23,trend,5,2026-09-19,False,HYPEUSDT,1,0.003283576194748336,0.5708527631823012,0.0018744385438917133,0.0009372192719458567
2026-09-23,trend,5,2026-09-19,False,LINKUSDT,1,0.004274088320081312,0.5708527631823012,0.0024398751276036167,0.0012199375638018083
2026-09-23,trend,5,2026-09-19,False,PUMPUSDT,-1,-0.0021276710790961505,0.5708527631823012,-0.0012145869146451059,0.0006072934573225529
2026-09-23,trend,5,2026-09-19,False,SOLUSDT,1,0.0045300596990399495,0.5708527631823012,0.002585997096577739,0.0012929985482888694
2026-09-23,trend,5,2026-09-19,False,SUIUSDT,1,0.003775815888446462,0.5708527631823012,0.002155434933187298,0.001077717466593649
2026-09-23,trend,5,2026-09-19,False,TRUMPUSDT,-1,-0.002460608580069864,0.5708527631823012,-0.0014046452070429604,0.0007023226035214802
2026-09-23,trend,5,2026-09-19,False,TUTUSDT,-1,-0.0006621599283271447,0.5708527631823012,-0.000377995824754145,0.0001889979123770725
2026-09-23,trend,5,2026-09-19,False,XRPUSDT,-1,-0.004061689051945947,0.5708527631823012,-0.0023186264184906448,0.0011593132092453224
2026-09-23,trend,5,2026-09-19,False,ZECUSDT,1,0.001964662433597117,0.5708527631823012,0.0011215329789393783,0.0005607664894696891
2026-09-23,trend,6,2026-09-20,False,1000PEPEUSDT,-1,-0.003038509638251178,0.5708527631823012,-0.0017345416229517393,0.0008672708114758696
2026-09-23,trend,6,2026-09-20,False,ACEUSDT,-1,-0.0009482917856264336,0.5708527631823012,-0.000541334986127928,0.000270667493063964
2026-09-23,trend,6,2026-09-20,False,ADAUSDT,1,0.0037241146460454864,0.5708527631823012,0.0021259211361027435,0.0010629605680513717
2026-09-23,trend,6,2026-09-20,False,AKEUSDT,1,0.0004578212048887412,0.5708527631823012,0.0002613484998541884,0.0001306742499270942
2026-09-23,trend,6,2026-09-20,False,BNBUSDT,1,0.007050549510055693,0.5708527631823012,0.0040248256697689114,0.0020124128348844557
2026-09-23,trend,6,2026-09-20,False,BTCUSDT,1,0.006987775863919772,0.5708527631823012,0.003988991160417193,0.0019944955802085967
2026-09-23,trend,6,2026-09-20,False,BTWUSDT,1,0.0009749804775471826,0.5708527631823012,0.0005565702996566087,0.00027828514982830435
2026-09-23,trend,6,2026-09-20,False,CYSUSDT,-1,-0.0009096970740518783,0.5708527631823012,-0.0005193030883813692,0.0002596515441906846
2026-09-23,trend,6,2026-09-20,False,DOGEUSDT,-1,-0.004706464406347885,0.5708527631823012,-0.0026866982111828385,0.0013433491055914193
2026-09-23,trend,6,2026-09-20,False,ENAUSDT,1,0.0021923803232263062,0.5708527631823012,0.0012515263654602434,0.0006257631827301217
2026-09-23,trend,6,2026-09-20,False,ETHUSDT,1,0.0048767809105144605,0.5708527631823012,0.0027839238582018783,0.0013919619291009391
2026-09-23,trend,6,2026-09-20,False,HYPEUSDT,1,0.0033075558523036927,0.5708527631823012,0.0018881273976673542,0.0009440636988336771
2026-09-23,trend,6,2026-09-20,False,LINKUSDT,1,0.004307745244460943,0.5708527631823012,0.002459088275885947,0.0012295441379429734
2026-09-23,trend,6,2026-09-20,False,PUMPUSDT,-1,-0.0021452061239369603,0.5708527631823012,-0.0012245968434450077,0.0006122984217225039
2026-09-23,trend,6,2026-09-20,False,SOLUSDT,1,0.004567661692936384,0.5708527631823012,0.0026074622986946828,0.0013037311493473414
2026-09-23,trend,6,2026-09-20,False,SUIUSDT,1,0.0037649357348023904,0.5708527631823012,0.002149223967415732,0.001074611983707866
2026-09-23,trend,6,2026-09-20,False,TRUMPUSDT,-1,-0.0024798164059637766,0.5708527631823012,-0.001415610047529225,0.0007078050237646125
2026-09-23,trend,6,2026-09-20,False,TUTUSDT,-1,-0.0006676387330177809,0.5708527631823012,-0.0003811234155507309,0.00019056170777536545
2026-09-23,trend,6,2026-09-20,False,XRPUSDT,-1,-0.004095406497971864,0.5708527631823012,-0.0023378741157219895,0.0011689370578609947
2026-09-23,trend,6,2026-09-20,False,ZECUSDT,1,0.0019790692668932054,0.5708527631823012,0.0011297571595351573,0.0005648785797675787
2026-09-23,coinbase,0,2026-09-21,False,BTCUSDT,1,0.13065149301346057,0.3426267270430358,0.04476469343448806,0.014921564478162685
2026-09-23,coinbase,1,2026-09-22,False,BTCUSDT,1,0.13168685430898652,0.3426267270430358,0.04511943588648115,0.015039811962160383
2026-09-23,coinbase,2,2026-09-23,True,BTCUSDT,1,0.1318498227418023,0.3426267270430358,0.04517527322722815,0.01505842440907605
2026-09-23,coinbase,3,2026-09-17,False,BTCUSDT,1,0.1453091235677968,0.3426267270430358,0.049786789417526275,0.01659559647250876
2026-09-23,coinbase,4,2026-09-18,False,BTCUSDT,1,0.13751474875024092,0.3426267270430358,0.047116228284440446,0.015705409428146817
2026-09-23,coinbase,5,2026-09-19,False,BTCUSDT,1,0.13860731471207646,0.3426267270430358,0.047490570584022784,0.01583019019467426
2026-09-23,coinbase,6,2026-09-20,False,BTCUSDT,1,0.13975551727839547,0.3426267270430358,0.04788397547130308,0.01596132515710103
2026-09-24,trend,0,2026-09-21,False,1000PEPEUSDT,1,0.002730701200433125,0.5699873952881126,0.0015564652645449991,0.0007782326322724996
2026-09-24,trend,0,2026-09-21,False,ACEUSDT,-1,-0.000953470615923913,0.5699873952881126,-0.0005434662328542236,0.0002717331164271118
2026-09-24,trend,0,2026-09-21,False,ADAUSDT,1,0.003647844296422822,0.5699873952881126,0.002079225268934642,0.001039612634467321
2026-09-24,trend,0,2026-09-21,False,AKEUSDT,1,0.0004616241682955238,0.5699873952881126,0.00026311995728880695,0.00013155997864440348
2026-09-24,trend,0,2026-09-21,False,BNBUSDT,1,0.006957438501210036,0.5699873952881126,0.003965652249181938,0.001982826124590969
2026-09-24,trend,0,2026-09-21,False,BTCUSDT,1,0.006532574650673029,0.5699873952881126,0.003723485209662272,0.001861742604831136
2026-09-24,trend,0,2026-09-21,False,BTWUSDT,1,0.0009827020280730907,0.5699873952881126,0.0005601277693257267,0.00028006388466286336
2026-09-24,trend,0,2026-09-21,False,CYSUSDT,-1,-0.0009172415840753924,0.5699873952881126,-0.0005228161413570753,0.00026140807067853765
2026-09-24,trend,0,2026-09-21,False,DOGEUSDT,1,0.0040919974308684754,0.5699873952881126,0.002332386957146371,0.0011661934785731855
2026-09-24,trend,0,2026-09-21,False,ENAUSDT,1,0.00220911836622968,0.5699873952881126,0.0012591696234503862,0.0006295848117251931
2026-09-24,trend,0,2026-09-21,False,ETHUSDT,1,0.004813929066835339,0.5699873952881126,0.0027438788899072095,0.0013719394449536047
2026-09-24,trend,0,2026-09-21,False,HYPEUSDT,1,0.0033347832093603242,0.5699873952881126,0.0019007843953538239,0.0009503921976769119
2026-09-24,trend,0,2026-09-21,False,LINKUSDT,1,0.00426155613077262,0.5699873952881126,0.002429033278853173,0.0012145166394265865
2026-09-24,trend,0,2026-09-21,False,PUMPUSDT,-1,-0.002158486101667461,0.5699873952881126,-0.0012303098708550285,0.0006151549354275142
2026-09-24,trend,0,2026-09-21,False,SOLUSDT,1,0.004438960545201384,0.5699873952881126,0.002530151558946037,0.0012650757794730185
2026-09-24,trend,0,2026-09-21,False,SUIUSDT,1,0.003356883656068527,0.5699873952881126,0.0019133813714077362,0.0009566906857038681
2026-09-24,trend,0,2026-09-21,False,TRUMPUSDT,-1,-0.0024822577818018957,0.5699873952881126,-0.0014148556474829106,0.0007074278237414553
2026-09-24,trend,0,2026-09-21,False,TUTUSDT,-1,-0.0006729595687911947,0.5699873952881126,-0.0003835784717495045,0.00019178923587475226
2026-09-24,trend,0,2026-09-21,False,XRPUSDT,1,0.003936629054986361,0.5699873952881126,0.00224382894126718,0.00112191447063359
2026-09-24,trend,0,2026-09-21,False,ZECUSDT,1,0.001993673458095699,0.5699873952881126,0.0011363687414350115,0.0005681843707175057
2026-09-24,trend,1,2026-09-22,False,1000PEPEUSDT,1,0.002737807267831378,0.5699873952881126,0.0015605156333920712,0.0007802578166960356
2026-09-24,trend,1,2026-09-22,False,ACEUSDT,-1,-0.000961383303710628,0.5699873952881126,-0.0005479763651555014,0.0002739881825777507
2026-09-24,trend,1,2026-09-22,False,ADAUSDT,1,0.0036526911328742897,0.5699873952881126,0.0020819879046190017,0.0010409939523095008
2026-09-24,trend,1,2026-09-22,False,AKEUSDT,1,0.00046494604021710573,0.5699873952881126,0.0002650133824128701,0.00013250669120643506
2026-09-24,trend,1,2026-09-22,False,BNBUSDT,1,0.006991763530124156,0.5699873952881126,0.003985217083005887,0.0019926085415029435
2026-09-24,trend,1,2026-09-22,False,BTCUSDT,1,0.006584342715449326,0.5699873952881126,0.0037529923540632194,0.0018764961770316097
2026-09-24,trend,1,2026-09-22,False,BTWUSDT,1,0.0009859675121142145,0.5699873952881126,0.0005619890540686816,0.0002809945270343408
2026-09-24,trend,1,2026-09-22,False,CYSUSDT,-1,-0.0009191892918627984,0.5699873952881126,-0.0005239263102456012,0.0002619631551228006
2026-09-24,trend,1,2026-09-22,False,DOGEUSDT,1,0.004125216413227783,0.5699873952881126,0.0023513213583754742,0.0011756606791877371
2026-09-24,trend,1,2026-09-22,False,ENAUSDT,1,0.00222612487437482,0.5699873952881126,0.0012688631187309804,0.0006344315593654902
2026-09-24,trend,1,2026-09-22,False,ETHUSDT,1,0.004851305576552145,0.5699873952881126,0.002765183029325652,0.001382591514662826
2026-09-24,trend,1,2026-09-22,False,HYPEUSDT,1,0.0033467824410490198,0.5699873952881126,0.001907623806169522,0.000953811903084761
2026-09-24,trend,1,2026-09-22,False,LINKUSDT,1,0.004293975369609908,0.5699873952881126,0.002447511836355262,0.001223755918177631
2026-09-24,trend,1,2026-09-22,False,PUMPUSDT,-1,-0.002174068846436701,0.5699873952881126,-0.001239191838957487,0.0006195959194787435
2026-09-24,trend,1,2026-09-22,False,SOLUSDT,1,0.0044754590853984194,0.5699873952881126,0.0025509552668047638,0.0012754776334023819
2026-09-24,trend,1,2026-09-22,False,SUIUSDT,1,0.0033798912275863208,0.5699873952881126,0.0019264953971690683,0.0009632476985845342
2026-09-24,trend,1,2026-09-22,False,TRUMPUSDT,1,0.002498397286378885,0.5699873952881126,0.0014240549616579893,0.0007120274808289946
2026-09-24,trend,1,2026-09-22,False,TUTUSDT,-1,-0.000675940349995293,0.5699873952881126,-0.00038527747946395227,0.00019263873973197613
2026-09-24,trend,1,2026-09-22,False,XRPUSDT,1,0.003956917087737815,0.5699873952881126,0.0022553928642107014,0.0011276964321053507
2026-09-24,trend,1,2026-09-22,False,ZECUSDT,1,0.001976308750582904,0.5699873952881126,0.0011264710770298536,0.0005632355385149268
2026-09-24,trend,2,2026-09-23,False,1000PEPEUSDT,1,0.0026368451634840996,0.5699873952881126,0.0015029685065123593,0.0007514842532561797
2026-09-24,trend,2,2026-09-23,False,ACEUSDT,-1,-0.0009684260165135029,0.5699873952881126,-0.0005519906226817742,0.0002759953113408871
2026-09-24,trend,2,2026-09-23,False,ADAUSDT,1,0.003611723314097633,0.5699873952881126,0.0020586367643038598,0.0010293183821519299
2026-09-24,trend,2,2026-09-23,False,AKEUSDT,1,0.0004679740391206574,0.5699873952881126,0.0002667393036208408,0.0001333696518104204
2026-09-24,trend,2,2026-09-23,False,BNBUSDT,1,0.006959584281258377,0.5699873952881126,0.003966875316762554,0.001983437658381277
2026-09-24,trend,2,2026-09-23,False,BTCUSDT,1,0.006592491137090115,0.5699873952881126,0.0037576368516899624,0.0018788184258449812
2026-09-24,trend,2,2026-09-23,False,BTWUSDT,1,0.0009856720424161456,0.5699873952881126,0.0005618206400650929,0.00028091032003254646
2026-09-24,trend,2,2026-09-23,False,CYSUSDT,-1,-0.0009264650443613088,0.5699873952881126,-0.0005280733974609881,0.00026403669873049403
2026-09-24,trend,2,2026-09-23,False,DOGEUSDT,1,0.004011368117128946,0.5699873952881126,0.002286429264624108,0.001143214632312054
2026-09-24,trend,2,2026-09-23,False,ENAUSDT,1,0.002234882766413802,0.5699873952881126,0.0012738550068024943,0.0006369275034012471
2026-09-24,trend,2,2026-09-23,False,ETHUSDT,1,0.004864623730907116,0.5699873952881126,0.0027727742094364877,0.0013863871047182438
2026-09-24,trend,2,2026-09-23,False,HYPEUSDT,1,0.003359534429966456,0.5699873952881126,0.0019148922791173144,0.0009574461395586572
2026-09-24,trend,2,2026-09-23,False,LINKUSDT,1,0.004246853844337995,0.5699873952881126,0.002420653160903521,0.0012103265804517605
2026-09-24,trend,2,2026-09-23,False,PUMPUSDT,-1,-0.002148802332112326,0.5699873952881126,-0.0012247902442697265,0.0006123951221348633
2026-09-24,trend,2,2026-09-23,False,SOLUSDT,1,0.004482839954824003,0.5699873952881126,0.0025551622693436135,0.0012775811346718068
2026-09-24,trend,2,2026-09-23,False,SUIUSDT,1,0.0033529056311573345,0.5699873952881126,0.0019111139473502142,0.0009555569736751071
2026-09-24,trend,2,2026-09-23,False,TRUMPUSDT,-1,-0.002430942264373586,0.5699873952881126,-0.0013856064493660868,0.0006928032246830434
2026-09-24,trend,2,2026-09-23,False,TUTUSDT,-1,-0.0006811763165267935,0.5699873952881126,-0.00038826191438905795,0.00019413095719452897
2026-09-24,trend,2,2026-09-23,False,XRPUSDT,1,0.003941669316906838,0.5699873952881126,0.0022467018270308026,0.0011233509135154013
2026-09-24,trend,2,2026-09-23,False,ZECUSDT,1,0.0019739741327649465,0.5699873952881126,0.0011251403743008028,0.0005625701871504014
2026-09-24,trend,3,2026-09-24,True,1000PEPEUSDT,1,0.0026557928925456695,0.5699873952881126,0.0015137684732467885,0.0007568842366233943
2026-09-24,trend,3,2026-09-24,True,ACEUSDT,-1,-0.0009762859801533084,0.5699873952881126,-0.0005564707028838862,0.0002782353514419431
2026-09-24,trend,3,2026-09-24,True,ADAUSDT,1,0.003614442019071132,0.5699873952881126,0.0020601863918702614,0.0010300931959351307
2026-09-24,trend,3,2026-09-24,True,AKEUSDT,1,0.00047068869436264944,0.5699873952881126,0.0002682866228913291,0.00013414331144566454
2026-09-24,trend,3,2026-09-24,True,BNBUSDT,1,0.006998527798825092,0.5699873952881126,0.003989072630903762,0.001994536315451881
2026-09-24,trend,3,2026-09-24,True,BTCUSDT,1,0.006647218041671572,0.5699873952881126,0.0037888304974845284,0.0018944152487422642
2026-09-24,trend,3,2026-09-24,True,BTWUSDT,1,0.0009925617579157797,0.5699873952881126,0.0005657476910570055,0.00028287384552850274
2026-09-24,trend,3,2026-09-24,True,CYSUSDT,-1,-0.0009320996478545577,0.5699873952881126,-0.0005312850504295863,0.00026564252521479317
2026-09-24,trend,3,2026-09-24,True,DOGEUSDT,1,0.004018476016380393,0.5699873952881126,0.002290480677604411,0.0011452403388022055
2026-09-24,trend,3,2026-09-24,True,ENAUSDT,1,0.00222020780440521,0.5699873952881126,0.0012654904634312651,0.0006327452317156326
2026-09-24,trend,3,2026-09-24,True,ETHUSDT,1,0.004904946322239042,0.5699873952881126,0.002795757578241039,0.0013978787891205195
2026-09-24,trend,3,2026-09-24,True,HYPEUSDT,1,0.0033812430879527596,0.5699873952881126,0.0019272659405381281,0.0009636329702690641
2026-09-24,trend,3,2026-09-24,True,LINKUSDT,1,0.004146240718499543,0.5699873952881126,0.002363304947375067,0.0011816524736875335
2026-09-24,trend,3,2026-09-24,True,PUMPUSDT,-1,-0.002161144848050978,0.5699873952881126,-0.0012318253227809007,0.0006159126613904504
2026-09-24,trend,3,2026-09-24,True,SOLUSDT,1,0.004509430201525016,0.5699873952881126,0.0025703183748007927,0.0012851591874003963
2026-09-24,trend,3,2026-09-24,True,SUIUSDT,1,0.003336424816002098,0.5699873952881126,0.0019017200904476563,0.0009508600452238281
2026-09-24,trend,3,2026-09-24,True,TRUMPUSDT,-1,-0.0024337347044129866,0.5699873952881126,-0.0013871981049906428,0.0006935990524953214
2026-09-24,trend,3,2026-09-24,True,TUTUSDT,-1,-0.0006856456089134606,0.5699873952881126,-0.0003908093547153153,0.00019540467735765766
2026-09-24,trend,3,2026-09-24,True,XRPUSDT,1,0.00396254929258446,0.5699873952881126,0.0022586031499809696,0.0011293015749904848
2026-09-24,trend,3,2026-09-24,True,ZECUSDT,1,0.0019874335513122123,0.5699873952881126,0.0011328120732206513,0.0005664060366103256
2026-09-24,trend,4,2026-09-18,False,1000PEPEUSDT,-1,-0.003063005523354094,0.5699873952881126,-0.0017458745400097022,0.0008729372700048511
2026-09-24,trend,4,2026-09-18,False,ACEUSDT,-1,-0.0009330794235392619,0.5699873952881126,-0.0005318435102200775,0.00026592175511003875
2026-09-24,trend,4,2026-09-18,False,ADAUSDT,-1,-0.003667005084667753,0.5699873952881126,-0.0020901466767180373,0.0010450733383590186
2026-09-24,trend,4,2026-09-18,False,AKEUSDT,1,0.00045592429679368297,0.5699873952881126,0.00025987110237799574,0.00012993555118899787
2026-09-24,trend,4,2026-09-18,False,BNBUSDT,1,0.00695955468109606,0.5699873952881126,0.0039668584450431345,0.0019834292225215672
2026-09-24,trend,4,2026-09-18,False,BTCUSDT,1,0.006875737437512046,0.5699873952881126,0.003919083672692453,0.0019595418363462266
2026-09-24,trend,4,2026-09-18,False,BTWUSDT,1,0.0009873867341627638,0.5699873952881126,0.0005627979927474698,0.0002813989963737349
2026-09-24,trend,4,2026-09-18,False,CYSUSDT,-1,-0.0008948264390389236,0.5699873952881126,-0.0005100397912227332,0.0002550198956113666
2026-09-24,trend,4,2026-09-18,False,DOGEUSDT,-1,-0.004630641021337249,0.5699873952881126,-0.002639407014266304,0.001319703507133152
2026-09-24,trend,4,2026-09-18,False,ENAUSDT,1,0.0023714557574991127,0.5699873952881126,0.0013516998902579171,0.0006758499451289586
2026-09-24,trend,4,2026-09-18,False,ETHUSDT,1,0.004800214651711703,0.5699873952881126,0.0027360618461529885,0.0013680309230764943
2026-09-24,trend,4,2026-09-18,False,HYPEUSDT,1,0.0032567705704129243,0.5699873952881126,0.0018563181744806435,0.0009281590872403218
2026-09-24,trend,4,2026-09-18,False,LINKUSDT,1,0.004245696237835403,0.5699873952881126,0.0024199933397883403,0.0012099966698941702
2026-09-24,trend,4,2026-09-18,False,PUMPUSDT,1,0.002110169595046435,0.5699873952881126,0.001202770071096689,0.0006013850355483445
2026-09-24,trend,4,2026-09-18,False,SOLUSDT,1,0.004500376572038305,0.5699873952881126,0.0025651579201117587,0.0012825789600558793
2026-09-24,trend,4,2026-09-18,False,SUIUSDT,-1,-0.003800238511197631,0.5699873952881126,-0.0021660880504711126,0.0010830440252355563
2026-09-24,trend,4,2026-09-18,False,TRUMPUSDT,1,0.0024406290917942594,0.5699873952881126,0.0013911278188962017,0.0006955639094481009
2026-09-24,trend,4,2026-09-18,False,TUTUSDT,-1,-0.0006569287784129963,0.5699873952881126,-0.0003744411232974254,0.0001872205616487127
2026-09-24,trend,4,2026-09-18,False,XRPUSDT,-1,-0.0040306971947791145,0.5699873952881126,-0.00229744659524725,0.001148723297623625
2026-09-24,trend,4,2026-09-18,False,ZECUSDT,1,0.0019577811129441332,0.5699873952881126,0.0011159105571112886,0.0005579552785556443
2026-09-24,trend,5,2026-09-19,False,1000PEPEUSDT,1,0.003023297575195855,0.5699873952881126,0.001723241510066752,0.000861620755033376
2026-09-24,trend,5,2026-09-19,False,ACEUSDT,-1,-0.0009407120636121161,0.5699873952881126,-0.0005361940188543753,0.0002680970094271877
2026-09-24,trend,5,2026-09-19,False,ADAUSDT,1,0.003693454804162038,0.5699873952881126,0.0021052226834386858,0.0010526113417193429
2026-09-24,trend,5,2026-09-19,False,AKEUSDT,1,0.00045434271529684714,0.5699873952881126,0.00025896962086017843,0.00012948481043008922
2026-09-24,trend,5,2026-09-19,False,BNBUSDT,1,0.0070172555149909405,0.5699873952881126,0.003999747193060829,0.0019998735965304146
2026-09-24,trend,5,2026-09-19,False,BTCUSDT,1,0.0069303657356038235,0.5699873952881126,0.003950221114030808,0.001975110557015404
2026-09-24,trend,5,2026-09-19,False,BTWUSDT,1,0.0009954673142599886,0.5699873952881126,0.000567403821549504,0.000283701910774752
2026-09-24,trend,5,2026-09-19,False,CYSUSDT,-1,-0.0009022731240237784,0.5699873952881126,-0.0005142843078007817,0.00025714215390039083
2026-09-24,trend,5,2026-09-19,False,DOGEUSDT,-1,-0.004668755537135592,0.5699873952881126,-0.002661131807848869,0.0013305659039244346
2026-09-24,trend,5,2026-09-19,False,ENAUSDT,1,0.002188810769080368,0.5699873952881126,0.0012475945490466895,0.0006237972745233447
2026-09-24,trend,5,2026-09-19,False,ETHUSDT,1,0.00483752149389765,0.5699873952881126,0.002757326275956981,0.0013786631379784904
2026-09-24,trend,5,2026-09-19,False,HYPEUSDT,1,0.003283576194748336,0.5699873952881126,0.0018715970424746562,0.0009357985212373281
2026-09-24,trend,5,2026-09-19,False,LINKUSDT,1,0.004274088320081312,0.5699873952881126,0.002436176468794492,0.001218088234397246
2026-09-24,trend,5,2026-09-19,False,PUMPUSDT,-1,-0.0021276710790961505,0.5699873952881126,-0.0012127456964038626,0.0006063728482019313
2026-09-24,trend,5,2026-09-19,False,SOLUSDT,1,0.0045300596990399495,0.5699873952881126,0.002582076928355432,0.001291038464177716
2026-09-24,trend,5,2026-09-19,False,SUIUSDT,1,0.003775815888446462,0.5699873952881126,0.0021521674633430696,0.0010760837316715348
2026-09-24,trend,5,2026-09-19,False,TRUMPUSDT,-1,-0.002460608580069864,0.5699873952881126,-0.001402515875377603,0.0007012579376888015
2026-09-24,trend,5,2026-09-19,False,TUTUSDT,-1,-0.0006621599283271447,0.5699873952881126,-0.00037742281281135255,0.00018871140640567627
2026-09-24,trend,5,2026-09-19,False,XRPUSDT,-1,-0.004061689051945947,0.5699873952881126,-0.002315111563188914,0.001157555781594457
2026-09-24,trend,5,2026-09-19,False,ZECUSDT,1,0.001964662433597117,0.5699873952881126,0.001119832823146425,0.0005599164115732125
2026-09-24,trend,6,2026-09-20,False,1000PEPEUSDT,-1,-0.003038509638251178,0.5699873952881126,-0.0017319121942646143,0.0008659560971323072
2026-09-24,trend,6,2026-09-20,False,ACEUSDT,-1,-0.0009482917856264336,0.5699873952881126,-0.0005405143648623241,0.00027025718243116207
2026-09-24,trend,6,2026-09-20,False,ADAUSDT,1,0.0037241146460454864,0.5699873952881126,0.0021226984068537782,0.0010613492034268891
2026-09-24,trend,6,2026-09-20,False,AKEUSDT,1,0.0004578212048887412,0.5699873952881126,0.00026095231608219894,0.00013047615804109947
2026-09-24,trend,6,2026-09-20,False,BNBUSDT,1,0.007050549510055693,0.5699873952881126,0.004018724350586523,0.0020093621752932615
2026-09-24,trend,6,2026-09-20,False,BTCUSDT,1,0.006987775863919772,0.5699873952881126,0.003982944163532772,0.001991472081766386
2026-09-24,trend,6,2026-09-20,False,BTWUSDT,1,0.0009749804775471826,0.5699873952881126,0.0005557265828538788,0.0002778632914269394
2026-09-24,trend,6,2026-09-20,False,CYSUSDT,-1,-0.0009096970740518783,0.5699873952881126,-0.0005185158657400475,0.00025925793287002373
2026-09-24,trend,6,2026-09-20,False,DOGEUSDT,-1,-0.004706464406347885,0.5699873952881126,-0.0026826253879904437,0.0013413126939952219
2026-09-24,trend,6,2026-09-20,False,ENAUSDT,1,0.0021923803232263062,0.5699873952881126,0.0012496291499166728,0.0006248145749583364
2026-09-24,trend,6,2026-09-20,False,ETHUSDT,1,0.0048767809105144605,0.5699873952881126,0.0027797036485749274,0.0013898518242874637
2026-09-24,trend,6,2026-09-20,False,HYPEUSDT,1,0.0033075558523036927,0.5699873952881126,0.001885265145024535,0.0009426325725122675
2026-09-24,trend,6,2026-09-20,False,LINKUSDT,1,0.004307745244460943,0.5699873952881126,0.0024553604914550465,0.0012276802457275233
2026-09-24,trend,6,2026-09-20,False,PUMPUSDT,-1,-0.0021452061239369603,0.5699873952881126,-0.001222740450938936,0.000611370225469468
2026-09-24,trend,6,2026-09-20,False,SOLUSDT,1,0.004567661692936384,0.5699873952881126,0.0026035095909141006,0.0013017547954570503
2026-09-24,trend,6,2026-09-20,False,SUIUSDT,1,0.0037649357348023904,0.5699873952881126,0.0021459659129071506,0.0010729829564535753
2026-09-24,trend,6,2026-09-20,False,TRUMPUSDT,-1,-0.0024798164059637766,0.5699873952881126,-0.0014134640940280218,0.0007067320470140109
2026-09-24,trend,6,2026-09-20,False,TUTUSDT,-1,-0.0006676387330177809,0.5699873952881126,-0.0003805456624262606,0.0001902728312131303
2026-09-24,trend,6,2026-09-20,False,XRPUSDT,-1,-0.004095406497971864,0.5699873952881126,-0.0023343300824249934,0.0011671650412124967
2026-09-24,trend,6,2026-09-20,False,ZECUSDT,1,0.0019790692668932054,0.5699873952881126,0.0011280445365312126,0.0005640222682656063
2026-09-24,coinbase,0,2026-09-21,False,BTCUSDT,1,0.13065149301346057,0.3426151857028053,0.04476318554115556,0.014921061847051853
2026-09-24,coinbase,1,2026-09-22,False,BTCUSDT,1,0.13168685430898652,0.3426151857028053,0.04511791604369168,0.015039305347897228
2026-09-24,coinbase,2,2026-09-23,False,BTCUSDT,1,0.1318498227418023,0.3426151857028053,0.045173751503564556,0.01505791716785485
2026-09-24,coinbase,3,2026-09-24,True,BTCUSDT,1,0.13294436083343145,0.3426151857028053,0.045548756875086874,0.01518291895836229
2026-09-24,coinbase,4,2026-09-18,False,BTCUSDT,1,0.13751474875024092,0.3426151857028053,0.0471146411799384,0.015704880393312803
2026-09-24,coinbase,5,2026-09-19,False,BTCUSDT,1,0.13860731471207646,0.3426151857028053,0.04748897086984526,0.015829656956615083
2026-09-24,coinbase,6,2026-09-20,False,BTCUSDT,1,0.13975551727839547,0.3426151857028053,0.04788236250532908,0.01596078750177636
2026-09-25,trend,0,2026-09-21,False,1000PEPEUSDT,1,0.002730701200433125,0.5699873952881126,0.0015564652645449991,0.0007782326322724996
2026-09-25,trend,0,2026-09-21,False,ACEUSDT,-1,-0.000953470615923913,0.5699873952881126,-0.0005434662328542236,0.0002717331164271118
2026-09-25,trend,0,2026-09-21,False,ADAUSDT,1,0.003647844296422822,0.5699873952881126,0.002079225268934642,0.001039612634467321
2026-09-25,trend,0,2026-09-21,False,AKEUSDT,1,0.0004616241682955238,0.5699873952881126,0.00026311995728880695,0.00013155997864440348
2026-09-25,trend,0,2026-09-21,False,BNBUSDT,1,0.006957438501210036,0.5699873952881126,0.003965652249181938,0.001982826124590969
2026-09-25,trend,0,2026-09-21,False,BTCUSDT,1,0.006532574650673029,0.5699873952881126,0.003723485209662272,0.001861742604831136
2026-09-25,trend,0,2026-09-21,False,BTWUSDT,1,0.0009827020280730907,0.5699873952881126,0.0005601277693257267,0.00028006388466286336
2026-09-25,trend,0,2026-09-21,False,CYSUSDT,-1,-0.0009172415840753924,0.5699873952881126,-0.0005228161413570753,0.00026140807067853765
2026-09-25,trend,0,2026-09-21,False,DOGEUSDT,1,0.0040919974308684754,0.5699873952881126,0.002332386957146371,0.0011661934785731855
2026-09-25,trend,0,2026-09-21,False,ENAUSDT,1,0.00220911836622968,0.5699873952881126,0.0012591696234503862,0.0006295848117251931
2026-09-25,trend,0,2026-09-21,False,ETHUSDT,1,0.004813929066835339,0.5699873952881126,0.0027438788899072095,0.0013719394449536047
2026-09-25,trend,0,2026-09-21,False,HYPEUSDT,1,0.0033347832093603242,0.5699873952881126,0.0019007843953538239,0.0009503921976769119
2026-09-25,trend,0,2026-09-21,False,LINKUSDT,1,0.00426155613077262,0.5699873952881126,0.002429033278853173,0.0012145166394265865
2026-09-25,trend,0,2026-09-21,False,PUMPUSDT,-1,-0.002158486101667461,0.5699873952881126,-0.0012303098708550285,0.0006151549354275142
2026-09-25,trend,0,2026-09-21,False,SOLUSDT,1,0.004438960545201384,0.5699873952881126,0.002530151558946037,0.0012650757794730185
2026-09-25,trend,0,2026-09-21,False,SUIUSDT,1,0.003356883656068527,0.5699873952881126,0.0019133813714077362,0.0009566906857038681
2026-09-25,trend,0,2026-09-21,False,TRUMPUSDT,-1,-0.0024822577818018957,0.5699873952881126,-0.0014148556474829106,0.0007074278237414553
2026-09-25,trend,0,2026-09-21,False,TUTUSDT,-1,-0.0006729595687911947,0.5699873952881126,-0.0003835784717495045,0.00019178923587475226
2026-09-25,trend,0,2026-09-21,False,XRPUSDT,1,0.003936629054986361,0.5699873952881126,0.00224382894126718,0.00112191447063359
2026-09-25,trend,0,2026-09-21,False,ZECUSDT,1,0.001993673458095699,0.5699873952881126,0.0011363687414350115,0.0005681843707175057
2026-09-25,trend,1,2026-09-22,False,1000PEPEUSDT,1,0.002737807267831378,0.5699873952881126,0.0015605156333920712,0.0007802578166960356
2026-09-25,trend,1,2026-09-22,False,ACEUSDT,-1,-0.000961383303710628,0.5699873952881126,-0.0005479763651555014,0.0002739881825777507
2026-09-25,trend,1,2026-09-22,False,ADAUSDT,1,0.0036526911328742897,0.5699873952881126,0.0020819879046190017,0.0010409939523095008
2026-09-25,trend,1,2026-09-22,False,AKEUSDT,1,0.00046494604021710573,0.5699873952881126,0.0002650133824128701,0.00013250669120643506
2026-09-25,trend,1,2026-09-22,False,BNBUSDT,1,0.006991763530124156,0.5699873952881126,0.003985217083005887,0.0019926085415029435
2026-09-25,trend,1,2026-09-22,False,BTCUSDT,1,0.006584342715449326,0.5699873952881126,0.0037529923540632194,0.0018764961770316097
2026-09-25,trend,1,2026-09-22,False,BTWUSDT,1,0.0009859675121142145,0.5699873952881126,0.0005619890540686816,0.0002809945270343408
2026-09-25,trend,1,2026-09-22,False,CYSUSDT,-1,-0.0009191892918627984,0.5699873952881126,-0.0005239263102456012,0.0002619631551228006
2026-09-25,trend,1,2026-09-22,False,DOGEUSDT,1,0.004125216413227783,0.5699873952881126,0.0023513213583754742,0.0011756606791877371
2026-09-25,trend,1,2026-09-22,False,ENAUSDT,1,0.00222612487437482,0.5699873952881126,0.0012688631187309804,0.0006344315593654902
2026-09-25,trend,1,2026-09-22,False,ETHUSDT,1,0.004851305576552145,0.5699873952881126,0.002765183029325652,0.001382591514662826
2026-09-25,trend,1,2026-09-22,False,HYPEUSDT,1,0.0033467824410490198,0.5699873952881126,0.001907623806169522,0.000953811903084761
2026-09-25,trend,1,2026-09-22,False,LINKUSDT,1,0.004293975369609908,0.5699873952881126,0.002447511836355262,0.001223755918177631
2026-09-25,trend,1,2026-09-22,False,PUMPUSDT,-1,-0.002174068846436701,0.5699873952881126,-0.001239191838957487,0.0006195959194787435
2026-09-25,trend,1,2026-09-22,False,SOLUSDT,1,0.0044754590853984194,0.5699873952881126,0.0025509552668047638,0.0012754776334023819
2026-09-25,trend,1,2026-09-22,False,SUIUSDT,1,0.0033798912275863208,0.5699873952881126,0.0019264953971690683,0.0009632476985845342
2026-09-25,trend,1,2026-09-22,False,TRUMPUSDT,1,0.002498397286378885,0.5699873952881126,0.0014240549616579893,0.0007120274808289946
2026-09-25,trend,1,2026-09-22,False,TUTUSDT,-1,-0.000675940349995293,0.5699873952881126,-0.00038527747946395227,0.00019263873973197613
2026-09-25,trend,1,2026-09-22,False,XRPUSDT,1,0.003956917087737815,0.5699873952881126,0.0022553928642107014,0.0011276964321053507
2026-09-25,trend,1,2026-09-22,False,ZECUSDT,1,0.001976308750582904,0.5699873952881126,0.0011264710770298536,0.0005632355385149268
2026-09-25,trend,2,2026-09-23,False,1000PEPEUSDT,1,0.0026368451634840996,0.5699873952881126,0.0015029685065123593,0.0007514842532561797
2026-09-25,trend,2,2026-09-23,False,ACEUSDT,-1,-0.0009684260165135029,0.5699873952881126,-0.0005519906226817742,0.0002759953113408871
2026-09-25,trend,2,2026-09-23,False,ADAUSDT,1,0.003611723314097633,0.5699873952881126,0.0020586367643038598,0.0010293183821519299
2026-09-25,trend,2,2026-09-23,False,AKEUSDT,1,0.0004679740391206574,0.5699873952881126,0.0002667393036208408,0.0001333696518104204
2026-09-25,trend,2,2026-09-23,False,BNBUSDT,1,0.006959584281258377,0.5699873952881126,0.003966875316762554,0.001983437658381277
2026-09-25,trend,2,2026-09-23,False,BTCUSDT,1,0.006592491137090115,0.5699873952881126,0.0037576368516899624,0.0018788184258449812
2026-09-25,trend,2,2026-09-23,False,BTWUSDT,1,0.0009856720424161456,0.5699873952881126,0.0005618206400650929,0.00028091032003254646
2026-09-25,trend,2,2026-09-23,False,CYSUSDT,-1,-0.0009264650443613088,0.5699873952881126,-0.0005280733974609881,0.00026403669873049403
2026-09-25,trend,2,2026-09-23,False,DOGEUSDT,1,0.004011368117128946,0.5699873952881126,0.002286429264624108,0.001143214632312054
2026-09-25,trend,2,2026-09-23,False,ENAUSDT,1,0.002234882766413802,0.5699873952881126,0.0012738550068024943,0.0006369275034012471
2026-09-25,trend,2,2026-09-23,False,ETHUSDT,1,0.004864623730907116,0.5699873952881126,0.0027727742094364877,0.0013863871047182438
2026-09-25,trend,2,2026-09-23,False,HYPEUSDT,1,0.003359534429966456,0.5699873952881126,0.0019148922791173144,0.0009574461395586572
2026-09-25,trend,2,2026-09-23,False,LINKUSDT,1,0.004246853844337995,0.5699873952881126,0.002420653160903521,0.0012103265804517605
2026-09-25,trend,2,2026-09-23,False,PUMPUSDT,-1,-0.002148802332112326,0.5699873952881126,-0.0012247902442697265,0.0006123951221348633
2026-09-25,trend,2,2026-09-23,False,SOLUSDT,1,0.004482839954824003,0.5699873952881126,0.0025551622693436135,0.0012775811346718068
2026-09-25,trend,2,2026-09-23,False,SUIUSDT,1,0.0033529056311573345,0.5699873952881126,0.0019111139473502142,0.0009555569736751071
2026-09-25,trend,2,2026-09-23,False,TRUMPUSDT,-1,-0.002430942264373586,0.5699873952881126,-0.0013856064493660868,0.0006928032246830434
2026-09-25,trend,2,2026-09-23,False,TUTUSDT,-1,-0.0006811763165267935,0.5699873952881126,-0.00038826191438905795,0.00019413095719452897
2026-09-25,trend,2,2026-09-23,False,XRPUSDT,1,0.003941669316906838,0.5699873952881126,0.0022467018270308026,0.0011233509135154013
2026-09-25,trend,2,2026-09-23,False,ZECUSDT,1,0.0019739741327649465,0.5699873952881126,0.0011251403743008028,0.0005625701871504014
2026-09-25,trend,3,2026-09-24,False,1000PEPEUSDT,1,0.0026557928925456695,0.5699873952881126,0.0015137684732467885,0.0007568842366233943
2026-09-25,trend,3,2026-09-24,False,ACEUSDT,-1,-0.0009762859801533084,0.5699873952881126,-0.0005564707028838862,0.0002782353514419431
2026-09-25,trend,3,2026-09-24,False,ADAUSDT,1,0.003614442019071132,0.5699873952881126,0.0020601863918702614,0.0010300931959351307
2026-09-25,trend,3,2026-09-24,False,AKEUSDT,1,0.00047068869436264944,0.5699873952881126,0.0002682866228913291,0.00013414331144566454
2026-09-25,trend,3,2026-09-24,False,BNBUSDT,1,0.006998527798825092,0.5699873952881126,0.003989072630903762,0.001994536315451881
2026-09-25,trend,3,2026-09-24,False,BTCUSDT,1,0.006647218041671572,0.5699873952881126,0.0037888304974845284,0.0018944152487422642
2026-09-25,trend,3,2026-09-24,False,BTWUSDT,1,0.0009925617579157797,0.5699873952881126,0.0005657476910570055,0.00028287384552850274
2026-09-25,trend,3,2026-09-24,False,CYSUSDT,-1,-0.0009320996478545577,0.5699873952881126,-0.0005312850504295863,0.00026564252521479317
2026-09-25,trend,3,2026-09-24,False,DOGEUSDT,1,0.004018476016380393,0.5699873952881126,0.002290480677604411,0.0011452403388022055
2026-09-25,trend,3,2026-09-24,False,ENAUSDT,1,0.00222020780440521,0.5699873952881126,0.0012654904634312651,0.0006327452317156326
2026-09-25,trend,3,2026-09-24,False,ETHUSDT,1,0.004904946322239042,0.5699873952881126,0.002795757578241039,0.0013978787891205195
2026-09-25,trend,3,2026-09-24,False,HYPEUSDT,1,0.0033812430879527596,0.5699873952881126,0.0019272659405381281,0.0009636329702690641
2026-09-25,trend,3,2026-09-24,False,LINKUSDT,1,0.004146240718499543,0.5699873952881126,0.002363304947375067,0.0011816524736875335
2026-09-25,trend,3,2026-09-24,False,PUMPUSDT,-1,-0.002161144848050978,0.5699873952881126,-0.0012318253227809007,0.0006159126613904504
2026-09-25,trend,3,2026-09-24,False,SOLUSDT,1,0.004509430201525016,0.5699873952881126,0.0025703183748007927,0.0012851591874003963
2026-09-25,trend,3,2026-09-24,False,SUIUSDT,1,0.003336424816002098,0.5699873952881126,0.0019017200904476563,0.0009508600452238281
2026-09-25,trend,3,2026-09-24,False,TRUMPUSDT,-1,-0.0024337347044129866,0.5699873952881126,-0.0013871981049906428,0.0006935990524953214
2026-09-25,trend,3,2026-09-24,False,TUTUSDT,-1,-0.0006856456089134606,0.5699873952881126,-0.0003908093547153153,0.00019540467735765766
2026-09-25,trend,3,2026-09-24,False,XRPUSDT,1,0.00396254929258446,0.5699873952881126,0.0022586031499809696,0.0011293015749904848
2026-09-25,trend,3,2026-09-24,False,ZECUSDT,1,0.0019874335513122123,0.5699873952881126,0.0011328120732206513,0.0005664060366103256
2026-09-25,trend,4,2026-09-25,True,1000PEPEUSDT,1,0.0026762688238898594,0.5699873952881126,0.0015254394960197615,0.0007627197480098807
2026-09-25,trend,4,2026-09-25,True,ACEUSDT,-1,-0.0009839331972641904,0.5699873952881126,-0.0005608295202461206,0.0002804147601230603
2026-09-25,trend,4,2026-09-25,True,ADAUSDT,1,0.003609918714947522,0.5699873952881126,0.0020576081655347485,0.0010288040827673743
2026-09-25,trend,4,2026-09-25,True,AKEUSDT,1,0.00047433303230178116,0.5699873952881126,0.00027036384958080444,0.00013518192479040222
2026-09-25,trend,4,2026-09-25,True,BNBUSDT,1,0.0070565961524192205,0.5699873952881126,0.004022170860517549,0.0020110854302587745
2026-09-25,trend,4,2026-09-25,True,BTCUSDT,1,0.006700873875653805,0.5699873952881126,0.0038194136465380724,0.0019097068232690362
2026-09-25,trend,4,2026-09-25,True,BTWUSDT,1,0.0009447267780314251,0.5699873952881126,0.0005384823554690629,0.00026924117773453144
2026-09-25,trend,4,2026-09-25,True,CYSUSDT,-1,-0.0009398947991867717,0.5699873952881126,-0.0005357281884333117,0.00026786409421665583
2026-09-25,trend,4,2026-09-25,True,DOGEUSDT,1,0.004024857747824757,0.5699873952881126,0.002294118184087812,0.001147059092043906
2026-09-25,trend,4,2026-09-25,True,ENAUSDT,1,0.0020988432080882116,0.5699873952881126,0.0011963141732963458,0.0005981570866481729
2026-09-25,trend,4,2026-09-25,True,ETHUSDT,1,0.004945572567565881,0.5699873952881126,0.00281891402599522,0.00140945701299761
2026-09-25,trend,4,2026-09-25,True,HYPEUSDT,1,0.0034091542456663355,0.5699873952881126,0.001943174948622765,0.0009715874743113825
2026-09-25,trend,4,2026-09-25,True,LINKUSDT,1,0.0041056212500320466,0.5699873952881126,0.002340152362345291,0.0011700761811726456
2026-09-25,trend,4,2026-09-25,True,PUMPUSDT,-1,-0.0021490442847718425,0.5699873952881126,-0.0012249281542359074,0.0006124640771179537
2026-09-25,trend,4,2026-09-25,True,SOLUSDT,1,0.004482508416565717,0.5699873952881126,0.0025549732967153353,0.0012774866483576677
2026-09-25,trend,4,2026-09-25,True,SUIUSDT,1,0.0029929661271175315,0.5699873952881126,0.001705952966981272,0.000852976483490636
2026-09-25,trend,4,2026-09-25,True,TRUMPUSDT,-1,-0.0024511644015132324,0.5699873952881126,-0.0013971328126414727,0.0006985664063207364
2026-09-25,trend,4,2026-09-25,True,TUTUSDT,-1,-0.0006911168704581032,0.5699873952881126,-0.0003939279048320862,0.0001969639524160431
2026-09-25,trend,4,2026-09-25,True,XRPUSDT,1,0.003984207752913141,0.5699873952881126,0.0022709481993696654,0.0011354740996848327
2026-09-25,trend,4,2026-09-25,True,ZECUSDT,1,0.00200382221564997,0.5699873952881126,0.001142153405318781,0.0005710767026593905
2026-09-25,trend,5,2026-09-19,False,1000PEPEUSDT,1,0.003023297575195855,0.5699873952881126,0.001723241510066752,0.000861620755033376
2026-09-25,trend,5,2026-09-19,False,ACEUSDT,-1,-0.0009407120636121161,0.5699873952881126,-0.0005361940188543753,0.0002680970094271877
2026-09-25,trend,5,2026-09-19,False,ADAUSDT,1,0.003693454804162038,0.5699873952881126,0.0021052226834386858,0.0010526113417193429
2026-09-25,trend,5,2026-09-19,False,AKEUSDT,1,0.00045434271529684714,0.5699873952881126,0.00025896962086017843,0.00012948481043008922
2026-09-25,trend,5,2026-09-19,False,BNBUSDT,1,0.0070172555149909405,0.5699873952881126,0.003999747193060829,0.0019998735965304146
2026-09-25,trend,5,2026-09-19,False,BTCUSDT,1,0.0069303657356038235,0.5699873952881126,0.003950221114030808,0.001975110557015404
2026-09-25,trend,5,2026-09-19,False,BTWUSDT,1,0.0009954673142599886,0.5699873952881126,0.000567403821549504,0.000283701910774752
2026-09-25,trend,5,2026-09-19,False,CYSUSDT,-1,-0.0009022731240237784,0.5699873952881126,-0.0005142843078007817,0.00025714215390039083
2026-09-25,trend,5,2026-09-19,False,DOGEUSDT,-1,-0.004668755537135592,0.5699873952881126,-0.002661131807848869,0.0013305659039244346
2026-09-25,trend,5,2026-09-19,False,ENAUSDT,1,0.002188810769080368,0.5699873952881126,0.0012475945490466895,0.0006237972745233447
2026-09-25,trend,5,2026-09-19,False,ETHUSDT,1,0.00483752149389765,0.5699873952881126,0.002757326275956981,0.0013786631379784904
2026-09-25,trend,5,2026-09-19,False,HYPEUSDT,1,0.003283576194748336,0.5699873952881126,0.0018715970424746562,0.0009357985212373281
2026-09-25,trend,5,2026-09-19,False,LINKUSDT,1,0.004274088320081312,0.5699873952881126,0.002436176468794492,0.001218088234397246
2026-09-25,trend,5,2026-09-19,False,PUMPUSDT,-1,-0.0021276710790961505,0.5699873952881126,-0.0012127456964038626,0.0006063728482019313
2026-09-25,trend,5,2026-09-19,False,SOLUSDT,1,0.0045300596990399495,0.5699873952881126,0.002582076928355432,0.001291038464177716
2026-09-25,trend,5,2026-09-19,False,SUIUSDT,1,0.003775815888446462,0.5699873952881126,0.0021521674633430696,0.0010760837316715348
2026-09-25,trend,5,2026-09-19,False,TRUMPUSDT,-1,-0.002460608580069864,0.5699873952881126,-0.001402515875377603,0.0007012579376888015
2026-09-25,trend,5,2026-09-19,False,TUTUSDT,-1,-0.0006621599283271447,0.5699873952881126,-0.00037742281281135255,0.00018871140640567627
2026-09-25,trend,5,2026-09-19,False,XRPUSDT,-1,-0.004061689051945947,0.5699873952881126,-0.002315111563188914,0.001157555781594457
2026-09-25,trend,5,2026-09-19,False,ZECUSDT,1,0.001964662433597117,0.5699873952881126,0.001119832823146425,0.0005599164115732125
2026-09-25,trend,6,2026-09-20,False,1000PEPEUSDT,-1,-0.003038509638251178,0.5699873952881126,-0.0017319121942646143,0.0008659560971323072
2026-09-25,trend,6,2026-09-20,False,ACEUSDT,-1,-0.0009482917856264336,0.5699873952881126,-0.0005405143648623241,0.00027025718243116207
2026-09-25,trend,6,2026-09-20,False,ADAUSDT,1,0.0037241146460454864,0.5699873952881126,0.0021226984068537782,0.0010613492034268891
2026-09-25,trend,6,2026-09-20,False,AKEUSDT,1,0.0004578212048887412,0.5699873952881126,0.00026095231608219894,0.00013047615804109947
2026-09-25,trend,6,2026-09-20,False,BNBUSDT,1,0.007050549510055693,0.5699873952881126,0.004018724350586523,0.0020093621752932615
2026-09-25,trend,6,2026-09-20,False,BTCUSDT,1,0.006987775863919772,0.5699873952881126,0.003982944163532772,0.001991472081766386
2026-09-25,trend,6,2026-09-20,False,BTWUSDT,1,0.0009749804775471826,0.5699873952881126,0.0005557265828538788,0.0002778632914269394
2026-09-25,trend,6,2026-09-20,False,CYSUSDT,-1,-0.0009096970740518783,0.5699873952881126,-0.0005185158657400475,0.00025925793287002373
2026-09-25,trend,6,2026-09-20,False,DOGEUSDT,-1,-0.004706464406347885,0.5699873952881126,-0.0026826253879904437,0.0013413126939952219
2026-09-25,trend,6,2026-09-20,False,ENAUSDT,1,0.0021923803232263062,0.5699873952881126,0.0012496291499166728,0.0006248145749583364
2026-09-25,trend,6,2026-09-20,False,ETHUSDT,1,0.0048767809105144605,0.5699873952881126,0.0027797036485749274,0.0013898518242874637
2026-09-25,trend,6,2026-09-20,False,HYPEUSDT,1,0.0033075558523036927,0.5699873952881126,0.001885265145024535,0.0009426325725122675
2026-09-25,trend,6,2026-09-20,False,LINKUSDT,1,0.004307745244460943,0.5699873952881126,0.0024553604914550465,0.0012276802457275233
2026-09-25,trend,6,2026-09-20,False,PUMPUSDT,-1,-0.0021452061239369603,0.5699873952881126,-0.001222740450938936,0.000611370225469468
2026-09-25,trend,6,2026-09-20,False,SOLUSDT,1,0.004567661692936384,0.5699873952881126,0.0026035095909141006,0.0013017547954570503
2026-09-25,trend,6,2026-09-20,False,SUIUSDT,1,0.0037649357348023904,0.5699873952881126,0.0021459659129071506,0.0010729829564535753
2026-09-25,trend,6,2026-09-20,False,TRUMPUSDT,-1,-0.0024798164059637766,0.5699873952881126,-0.0014134640940280218,0.0007067320470140109
2026-09-25,trend,6,2026-09-20,False,TUTUSDT,-1,-0.0006676387330177809,0.5699873952881126,-0.0003805456624262606,0.0001902728312131303
2026-09-25,trend,6,2026-09-20,False,XRPUSDT,-1,-0.004095406497971864,0.5699873952881126,-0.0023343300824249934,0.0011671650412124967
2026-09-25,trend,6,2026-09-20,False,ZECUSDT,1,0.0019790692668932054,0.5699873952881126,0.0011280445365312126,0.0005640222682656063
2026-09-25,coinbase,0,2026-09-21,False,BTCUSDT,1,0.13065149301346057,0.3426151857028053,0.04476318554115556,0.014921061847051853
2026-09-25,coinbase,1,2026-09-22,False,BTCUSDT,1,0.13168685430898652,0.3426151857028053,0.04511791604369168,0.015039305347897228
2026-09-25,coinbase,2,2026-09-23,False,BTCUSDT,1,0.1318498227418023,0.3426151857028053,0.045173751503564556,0.01505791716785485
2026-09-25,coinbase,3,2026-09-24,False,BTCUSDT,1,0.13294436083343145,0.3426151857028053,0.045548756875086874,0.01518291895836229
2026-09-25,coinbase,4,2026-09-25,True,BTCUSDT,1,0.1340174775130761,0.3426151857028053,0.045916422945564105,0.015305474315188035
2026-09-25,coinbase,5,2026-09-19,False,BTCUSDT,1,0.13860731471207646,0.3426151857028053,0.04748897086984526,0.015829656956615083
2026-09-25,coinbase,6,2026-09-20,False,BTCUSDT,1,0.13975551727839547,0.3426151857028053,0.04788236250532908,0.01596078750177636
2026-09-26,trend,0,2026-09-21,False,1000PEPEUSDT,1,0.002730701200433125,0.5699873952881126,0.0015564652645449991,0.0007782326322724996
2026-09-26,trend,0,2026-09-21,False,ACEUSDT,-1,-0.000953470615923913,0.5699873952881126,-0.0005434662328542236,0.0002717331164271118
2026-09-26,trend,0,2026-09-21,False,ADAUSDT,1,0.003647844296422822,0.5699873952881126,0.002079225268934642,0.001039612634467321
2026-09-26,trend,0,2026-09-21,False,AKEUSDT,1,0.0004616241682955238,0.5699873952881126,0.00026311995728880695,0.00013155997864440348
2026-09-26,trend,0,2026-09-21,False,BNBUSDT,1,0.006957438501210036,0.5699873952881126,0.003965652249181938,0.001982826124590969
2026-09-26,trend,0,2026-09-21,False,BTCUSDT,1,0.006532574650673029,0.5699873952881126,0.003723485209662272,0.001861742604831136
2026-09-26,trend,0,2026-09-21,False,BTWUSDT,1,0.0009827020280730907,0.5699873952881126,0.0005601277693257267,0.00028006388466286336
2026-09-26,trend,0,2026-09-21,False,CYSUSDT,-1,-0.0009172415840753924,0.5699873952881126,-0.0005228161413570753,0.00026140807067853765
2026-09-26,trend,0,2026-09-21,False,DOGEUSDT,1,0.0040919974308684754,0.5699873952881126,0.002332386957146371,0.0011661934785731855
2026-09-26,trend,0,2026-09-21,False,ENAUSDT,1,0.00220911836622968,0.5699873952881126,0.0012591696234503862,0.0006295848117251931
2026-09-26,trend,0,2026-09-21,False,ETHUSDT,1,0.004813929066835339,0.5699873952881126,0.0027438788899072095,0.0013719394449536047
2026-09-26,trend,0,2026-09-21,False,HYPEUSDT,1,0.0033347832093603242,0.5699873952881126,0.0019007843953538239,0.0009503921976769119
2026-09-26,trend,0,2026-09-21,False,LINKUSDT,1,0.00426155613077262,0.5699873952881126,0.002429033278853173,0.0012145166394265865
2026-09-26,trend,0,2026-09-21,False,PUMPUSDT,-1,-0.002158486101667461,0.5699873952881126,-0.0012303098708550285,0.0006151549354275142
2026-09-26,trend,0,2026-09-21,False,SOLUSDT,1,0.004438960545201384,0.5699873952881126,0.002530151558946037,0.0012650757794730185
2026-09-26,trend,0,2026-09-21,False,SUIUSDT,1,0.003356883656068527,0.5699873952881126,0.0019133813714077362,0.0009566906857038681
2026-09-26,trend,0,2026-09-21,False,TRUMPUSDT,-1,-0.0024822577818018957,0.5699873952881126,-0.0014148556474829106,0.0007074278237414553
2026-09-26,trend,0,2026-09-21,False,TUTUSDT,-1,-0.0006729595687911947,0.5699873952881126,-0.0003835784717495045,0.00019178923587475226
2026-09-26,trend,0,2026-09-21,False,XRPUSDT,1,0.003936629054986361,0.5699873952881126,0.00224382894126718,0.00112191447063359
2026-09-26,trend,0,2026-09-21,False,ZECUSDT,1,0.001993673458095699,0.5699873952881126,0.0011363687414350115,0.0005681843707175057
2026-09-26,trend,1,2026-09-22,False,1000PEPEUSDT,1,0.002737807267831378,0.5699873952881126,0.0015605156333920712,0.0007802578166960356
2026-09-26,trend,1,2026-09-22,False,ACEUSDT,-1,-0.000961383303710628,0.5699873952881126,-0.0005479763651555014,0.0002739881825777507
2026-09-26,trend,1,2026-09-22,False,ADAUSDT,1,0.0036526911328742897,0.5699873952881126,0.0020819879046190017,0.0010409939523095008
2026-09-26,trend,1,2026-09-22,False,AKEUSDT,1,0.00046494604021710573,0.5699873952881126,0.0002650133824128701,0.00013250669120643506
2026-09-26,trend,1,2026-09-22,False,BNBUSDT,1,0.006991763530124156,0.5699873952881126,0.003985217083005887,0.0019926085415029435
2026-09-26,trend,1,2026-09-22,False,BTCUSDT,1,0.006584342715449326,0.5699873952881126,0.0037529923540632194,0.0018764961770316097
2026-09-26,trend,1,2026-09-22,False,BTWUSDT,1,0.0009859675121142145,0.5699873952881126,0.0005619890540686816,0.0002809945270343408
2026-09-26,trend,1,2026-09-22,False,CYSUSDT,-1,-0.0009191892918627984,0.5699873952881126,-0.0005239263102456012,0.0002619631551228006
2026-09-26,trend,1,2026-09-22,False,DOGEUSDT,1,0.004125216413227783,0.5699873952881126,0.0023513213583754742,0.0011756606791877371
2026-09-26,trend,1,2026-09-22,False,ENAUSDT,1,0.00222612487437482,0.5699873952881126,0.0012688631187309804,0.0006344315593654902
2026-09-26,trend,1,2026-09-22,False,ETHUSDT,1,0.004851305576552145,0.5699873952881126,0.002765183029325652,0.001382591514662826
2026-09-26,trend,1,2026-09-22,False,HYPEUSDT,1,0.0033467824410490198,0.5699873952881126,0.001907623806169522,0.000953811903084761
2026-09-26,trend,1,2026-09-22,False,LINKUSDT,1,0.004293975369609908,0.5699873952881126,0.002447511836355262,0.001223755918177631
2026-09-26,trend,1,2026-09-22,False,PUMPUSDT,-1,-0.002174068846436701,0.5699873952881126,-0.001239191838957487,0.0006195959194787435
2026-09-26,trend,1,2026-09-22,False,SOLUSDT,1,0.0044754590853984194,0.5699873952881126,0.0025509552668047638,0.0012754776334023819
2026-09-26,trend,1,2026-09-22,False,SUIUSDT,1,0.0033798912275863208,0.5699873952881126,0.0019264953971690683,0.0009632476985845342
2026-09-26,trend,1,2026-09-22,False,TRUMPUSDT,1,0.002498397286378885,0.5699873952881126,0.0014240549616579893,0.0007120274808289946
2026-09-26,trend,1,2026-09-22,False,TUTUSDT,-1,-0.000675940349995293,0.5699873952881126,-0.00038527747946395227,0.00019263873973197613
2026-09-26,trend,1,2026-09-22,False,XRPUSDT,1,0.003956917087737815,0.5699873952881126,0.0022553928642107014,0.0011276964321053507
2026-09-26,trend,1,2026-09-22,False,ZECUSDT,1,0.001976308750582904,0.5699873952881126,0.0011264710770298536,0.0005632355385149268
2026-09-26,trend,2,2026-09-23,False,1000PEPEUSDT,1,0.0026368451634840996,0.5699873952881126,0.0015029685065123593,0.0007514842532561797
2026-09-26,trend,2,2026-09-23,False,ACEUSDT,-1,-0.0009684260165135029,0.5699873952881126,-0.0005519906226817742,0.0002759953113408871
2026-09-26,trend,2,2026-09-23,False,ADAUSDT,1,0.003611723314097633,0.5699873952881126,0.0020586367643038598,0.0010293183821519299
2026-09-26,trend,2,2026-09-23,False,AKEUSDT,1,0.0004679740391206574,0.5699873952881126,0.0002667393036208408,0.0001333696518104204
2026-09-26,trend,2,2026-09-23,False,BNBUSDT,1,0.006959584281258377,0.5699873952881126,0.003966875316762554,0.001983437658381277
2026-09-26,trend,2,2026-09-23,False,BTCUSDT,1,0.006592491137090115,0.5699873952881126,0.0037576368516899624,0.0018788184258449812
2026-09-26,trend,2,2026-09-23,False,BTWUSDT,1,0.0009856720424161456,0.5699873952881126,0.0005618206400650929,0.00028091032003254646
2026-09-26,trend,2,2026-09-23,False,CYSUSDT,-1,-0.0009264650443613088,0.5699873952881126,-0.0005280733974609881,0.00026403669873049403
2026-09-26,trend,2,2026-09-23,False,DOGEUSDT,1,0.004011368117128946,0.5699873952881126,0.002286429264624108,0.001143214632312054
2026-09-26,trend,2,2026-09-23,False,ENAUSDT,1,0.002234882766413802,0.5699873952881126,0.0012738550068024943,0.0006369275034012471
2026-09-26,trend,2,2026-09-23,False,ETHUSDT,1,0.004864623730907116,0.5699873952881126,0.0027727742094364877,0.0013863871047182438
2026-09-26,trend,2,2026-09-23,False,HYPEUSDT,1,0.003359534429966456,0.5699873952881126,0.0019148922791173144,0.0009574461395586572
2026-09-26,trend,2,2026-09-23,False,LINKUSDT,1,0.004246853844337995,0.5699873952881126,0.002420653160903521,0.0012103265804517605
2026-09-26,trend,2,2026-09-23,False,PUMPUSDT,-1,-0.002148802332112326,0.5699873952881126,-0.0012247902442697265,0.0006123951221348633
2026-09-26,trend,2,2026-09-23,False,SOLUSDT,1,0.004482839954824003,0.5699873952881126,0.0025551622693436135,0.0012775811346718068
2026-09-26,trend,2,2026-09-23,False,SUIUSDT,1,0.0033529056311573345,0.5699873952881126,0.0019111139473502142,0.0009555569736751071
2026-09-26,trend,2,2026-09-23,False,TRUMPUSDT,-1,-0.002430942264373586,0.5699873952881126,-0.0013856064493660868,0.0006928032246830434
2026-09-26,trend,2,2026-09-23,False,TUTUSDT,-1,-0.0006811763165267935,0.5699873952881126,-0.00038826191438905795,0.00019413095719452897
2026-09-26,trend,2,2026-09-23,False,XRPUSDT,1,0.003941669316906838,0.5699873952881126,0.0022467018270308026,0.0011233509135154013
2026-09-26,trend,2,2026-09-23,False,ZECUSDT,1,0.0019739741327649465,0.5699873952881126,0.0011251403743008028,0.0005625701871504014
2026-09-26,trend,3,2026-09-24,False,1000PEPEUSDT,1,0.0026557928925456695,0.5699873952881126,0.0015137684732467885,0.0007568842366233943
2026-09-26,trend,3,2026-09-24,False,ACEUSDT,-1,-0.0009762859801533084,0.5699873952881126,-0.0005564707028838862,0.0002782353514419431
2026-09-26,trend,3,2026-09-24,False,ADAUSDT,1,0.003614442019071132,0.5699873952881126,0.0020601863918702614,0.0010300931959351307
2026-09-26,trend,3,2026-09-24,False,AKEUSDT,1,0.00047068869436264944,0.5699873952881126,0.0002682866228913291,0.00013414331144566454
2026-09-26,trend,3,2026-09-24,False,BNBUSDT,1,0.006998527798825092,0.5699873952881126,0.003989072630903762,0.001994536315451881
2026-09-26,trend,3,2026-09-24,False,BTCUSDT,1,0.006647218041671572,0.5699873952881126,0.0037888304974845284,0.0018944152487422642
2026-09-26,trend,3,2026-09-24,False,BTWUSDT,1,0.0009925617579157797,0.5699873952881126,0.0005657476910570055,0.00028287384552850274
2026-09-26,trend,3,2026-09-24,False,CYSUSDT,-1,-0.0009320996478545577,0.5699873952881126,-0.0005312850504295863,0.00026564252521479317
2026-09-26,trend,3,2026-09-24,False,DOGEUSDT,1,0.004018476016380393,0.5699873952881126,0.002290480677604411,0.0011452403388022055
2026-09-26,trend,3,2026-09-24,False,ENAUSDT,1,0.00222020780440521,0.5699873952881126,0.0012654904634312651,0.0006327452317156326
2026-09-26,trend,3,2026-09-24,False,ETHUSDT,1,0.004904946322239042,0.5699873952881126,0.002795757578241039,0.0013978787891205195
2026-09-26,trend,3,2026-09-24,False,HYPEUSDT,1,0.0033812430879527596,0.5699873952881126,0.0019272659405381281,0.0009636329702690641
2026-09-26,trend,3,2026-09-24,False,LINKUSDT,1,0.004146240718499543,0.5699873952881126,0.002363304947375067,0.0011816524736875335
2026-09-26,trend,3,2026-09-24,False,PUMPUSDT,-1,-0.002161144848050978,0.5699873952881126,-0.0012318253227809007,0.0006159126613904504
2026-09-26,trend,3,2026-09-24,False,SOLUSDT,1,0.004509430201525016,0.5699873952881126,0.0025703183748007927,0.0012851591874003963
2026-09-26,trend,3,2026-09-24,False,SUIUSDT,1,0.003336424816002098,0.5699873952881126,0.0019017200904476563,0.0009508600452238281
2026-09-26,trend,3,2026-09-24,False,TRUMPUSDT,-1,-0.0024337347044129866,0.5699873952881126,-0.0013871981049906428,0.0006935990524953214
2026-09-26,trend,3,2026-09-24,False,TUTUSDT,-1,-0.0006856456089134606,0.5699873952881126,-0.0003908093547153153,0.00019540467735765766
2026-09-26,trend,3,2026-09-24,False,XRPUSDT,1,0.00396254929258446,0.5699873952881126,0.0022586031499809696,0.0011293015749904848
2026-09-26,trend,3,2026-09-24,False,ZECUSDT,1,0.0019874335513122123,0.5699873952881126,0.0011328120732206513,0.0005664060366103256
2026-09-26,trend,4,2026-09-25,False,1000PEPEUSDT,1,0.0026762688238898594,0.5699873952881126,0.0015254394960197615,0.0007627197480098807
2026-09-26,trend,4,2026-09-25,False,ACEUSDT,-1,-0.0009839331972641904,0.5699873952881126,-0.0005608295202461206,0.0002804147601230603
2026-09-26,trend,4,2026-09-25,False,ADAUSDT,1,0.003609918714947522,0.5699873952881126,0.0020576081655347485,0.0010288040827673743
2026-09-26,trend,4,2026-09-25,False,AKEUSDT,1,0.00047433303230178116,0.5699873952881126,0.00027036384958080444,0.00013518192479040222
2026-09-26,trend,4,2026-09-25,False,BNBUSDT,1,0.0070565961524192205,0.5699873952881126,0.004022170860517549,0.0020110854302587745
2026-09-26,trend,4,2026-09-25,False,BTCUSDT,1,0.006700873875653805,0.5699873952881126,0.0038194136465380724,0.0019097068232690362
2026-09-26,trend,4,2026-09-25,False,BTWUSDT,1,0.0009447267780314251,0.5699873952881126,0.0005384823554690629,0.00026924117773453144
2026-09-26,trend,4,2026-09-25,False,CYSUSDT,-1,-0.0009398947991867717,0.5699873952881126,-0.0005357281884333117,0.00026786409421665583
2026-09-26,trend,4,2026-09-25,False,DOGEUSDT,1,0.004024857747824757,0.5699873952881126,0.002294118184087812,0.001147059092043906
2026-09-26,trend,4,2026-09-25,False,ENAUSDT,1,0.0020988432080882116,0.5699873952881126,0.0011963141732963458,0.0005981570866481729
2026-09-26,trend,4,2026-09-25,False,ETHUSDT,1,0.004945572567565881,0.5699873952881126,0.00281891402599522,0.00140945701299761
2026-09-26,trend,4,2026-09-25,False,HYPEUSDT,1,0.0034091542456663355,0.5699873952881126,0.001943174948622765,0.0009715874743113825
2026-09-26,trend,4,2026-09-25,False,LINKUSDT,1,0.0041056212500320466,0.5699873952881126,0.002340152362345291,0.0011700761811726456
2026-09-26,trend,4,2026-09-25,False,PUMPUSDT,-1,-0.0021490442847718425,0.5699873952881126,-0.0012249281542359074,0.0006124640771179537
2026-09-26,trend,4,2026-09-25,False,SOLUSDT,1,0.004482508416565717,0.5699873952881126,0.0025549732967153353,0.0012774866483576677
2026-09-26,trend,4,2026-09-25,False,SUIUSDT,1,0.0029929661271175315,0.5699873952881126,0.001705952966981272,0.000852976483490636
2026-09-26,trend,4,2026-09-25,False,TRUMPUSDT,-1,-0.0024511644015132324,0.5699873952881126,-0.0013971328126414727,0.0006985664063207364
2026-09-26,trend,4,2026-09-25,False,TUTUSDT,-1,-0.0006911168704581032,0.5699873952881126,-0.0003939279048320862,0.0001969639524160431
2026-09-26,trend,4,2026-09-25,False,XRPUSDT,1,0.003984207752913141,0.5699873952881126,0.0022709481993696654,0.0011354740996848327
2026-09-26,trend,4,2026-09-25,False,ZECUSDT,1,0.00200382221564997,0.5699873952881126,0.001142153405318781,0.0005710767026593905
2026-09-26,trend,5,2026-09-26,True,1000PEPEUSDT,1,0.002692923155596941,0.5699873952881126,0.001534932255169745,0.0007674661275848725
2026-09-26,trend,5,2026-09-26,True,ACEUSDT,1,0.000990024739596229,0.5699873952881126,0.0005643016225932465,0.00028215081129662325
2026-09-26,trend,5,2026-09-26,True,ADAUSDT,1,0.003633556402115925,0.5699873952881126,0.002071081349274502,0.001035540674637251
2026-09-26,trend,5,2026-09-26,True,AKEUSDT,1,0.0004782576748881604,0.5699873952881126,0.00027260084638605154,0.00013630042319302577
2026-09-26,trend,5,2026-09-26,True,BNBUSDT,1,0.007112042986121639,0.5699873952881126,0.004053774856836563,0.0020268874284182815
2026-09-26,trend,5,2026-09-26,True,BTCUSDT,1,0.006754573647313718,0.5699873952881126,0.0038500218395140728,0.0019250109197570364
2026-09-26,trend,5,2026-09-26,True,BTWUSDT,1,0.0009333684966512018,0.5699873952881126,0.0005320082782502,0.0002660041391251
2026-09-26,trend,5,2026-09-26,True,CYSUSDT,-1,-0.0009474113552981638,0.5699873952881126,-0.000540012530672781,0.0002700062653363905
2026-09-26,trend,5,2026-09-26,True,DOGEUSDT,1,0.0040455434518412246,0.5699873952881126,0.0023059087746398594,0.0011529543873199297
2026-09-26,trend,5,2026-09-26,True,ENAUSDT,1,0.002116143577124242,0.5699873952881126,0.0012061751655807159,0.0006030875827903579
2026-09-26,trend,5,2026-09-26,True,ETHUSDT,1,0.004986507649995164,0.5699873952881126,0.002842246507004991,0.0014211232535024955
2026-09-26,trend,5,2026-09-26,True,HYPEUSDT,1,0.0034374144695602164,0.5699873952881126,0.001959282920030297,0.0009796414600151484
2026-09-26,trend,5,2026-09-26,True,LINKUSDT,1,0.004133632351829031,0.5699873952881126,0.0023561183372977045,0.0011780591686488522
2026-09-26,trend,5,2026-09-26,True,PUMPUSDT,-1,-0.002158538736904446,0.5699873952881126,-0.0012303398722766578,0.0006151699361383289
2026-09-26,trend,5,2026-09-26,True,SOLUSDT,1,0.004518410480321685,0.5699873952881126,0.002575437020521067,0.0012877185102605335
2026-09-26,trend,5,2026-09-26,True,SUIUSDT,1,0.0030106500374417686,0.5699873952881126,0.0017160325729654923,0.0008580162864827461
2026-09-26,trend,5,2026-09-26,True,TRUMPUSDT,-1,-0.002471413948057158,0.5699873952881126,-0.0014086747989318102,0.0007043373994659051
2026-09-26,trend,5,2026-09-26,True,TUTUSDT,-1,-0.0006968306085619996,0.5699873952881126,-0.0003971846635312845,0.00019859233176564226
2026-09-26,trend,5,2026-09-26,True,XRPUSDT,1,0.0040008883283178,0.5699873952881126,0.002280455917096474,0.001140227958548237
2026-09-26,trend,5,2026-09-26,True,ZECUSDT,1,0.0020086690578859827,0.5699873952881126,0.0011449160443002583,0.0005724580221501291
2026-09-26,trend,6,2026-09-20,False,1000PEPEUSDT,-1,-0.003038509638251178,0.5699873952881126,-0.0017319121942646143,0.0008659560971323072
2026-09-26,trend,6,2026-09-20,False,ACEUSDT,-1,-0.0009482917856264336,0.5699873952881126,-0.0005405143648623241,0.00027025718243116207
2026-09-26,trend,6,2026-09-20,False,ADAUSDT,1,0.0037241146460454864,0.5699873952881126,0.0021226984068537782,0.0010613492034268891
2026-09-26,trend,6,2026-09-20,False,AKEUSDT,1,0.0004578212048887412,0.5699873952881126,0.00026095231608219894,0.00013047615804109947
2026-09-26,trend,6,2026-09-20,False,BNBUSDT,1,0.007050549510055693,0.5699873952881126,0.004018724350586523,0.0020093621752932615
2026-09-26,trend,6,2026-09-20,False,BTCUSDT,1,0.006987775863919772,0.5699873952881126,0.003982944163532772,0.001991472081766386
2026-09-26,trend,6,2026-09-20,False,BTWUSDT,1,0.0009749804775471826,0.5699873952881126,0.0005557265828538788,0.0002778632914269394
2026-09-26,trend,6,2026-09-20,False,CYSUSDT,-1,-0.0009096970740518783,0.5699873952881126,-0.0005185158657400475,0.00025925793287002373
2026-09-26,trend,6,2026-09-20,False,DOGEUSDT,-1,-0.004706464406347885,0.5699873952881126,-0.0026826253879904437,0.0013413126939952219
2026-09-26,trend,6,2026-09-20,False,ENAUSDT,1,0.0021923803232263062,0.5699873952881126,0.0012496291499166728,0.0006248145749583364
2026-09-26,trend,6,2026-09-20,False,ETHUSDT,1,0.0048767809105144605,0.5699873952881126,0.0027797036485749274,0.0013898518242874637
2026-09-26,trend,6,2026-09-20,False,HYPEUSDT,1,0.0033075558523036927,0.5699873952881126,0.001885265145024535,0.0009426325725122675
2026-09-26,trend,6,2026-09-20,False,LINKUSDT,1,0.004307745244460943,0.5699873952881126,0.0024553604914550465,0.0012276802457275233
2026-09-26,trend,6,2026-09-20,False,PUMPUSDT,-1,-0.0021452061239369603,0.5699873952881126,-0.001222740450938936,0.000611370225469468
2026-09-26,trend,6,2026-09-20,False,SOLUSDT,1,0.004567661692936384,0.5699873952881126,0.0026035095909141006,0.0013017547954570503
2026-09-26,trend,6,2026-09-20,False,SUIUSDT,1,0.0037649357348023904,0.5699873952881126,0.0021459659129071506,0.0010729829564535753
2026-09-26,trend,6,2026-09-20,False,TRUMPUSDT,-1,-0.0024798164059637766,0.5699873952881126,-0.0014134640940280218,0.0007067320470140109
2026-09-26,trend,6,2026-09-20,False,TUTUSDT,-1,-0.0006676387330177809,0.5699873952881126,-0.0003805456624262606,0.0001902728312131303
2026-09-26,trend,6,2026-09-20,False,XRPUSDT,-1,-0.004095406497971864,0.5699873952881126,-0.0023343300824249934,0.0011671650412124967
2026-09-26,trend,6,2026-09-20,False,ZECUSDT,1,0.0019790692668932054,0.5699873952881126,0.0011280445365312126,0.0005640222682656063
2026-09-26,coinbase,0,2026-09-21,False,BTCUSDT,1,0.13065149301346057,0.3426151857028053,0.04476318554115556,0.014921061847051853
2026-09-26,coinbase,1,2026-09-22,False,BTCUSDT,1,0.13168685430898652,0.3426151857028053,0.04511791604369168,0.015039305347897228
2026-09-26,coinbase,2,2026-09-23,False,BTCUSDT,1,0.1318498227418023,0.3426151857028053,0.045173751503564556,0.01505791716785485
2026-09-26,coinbase,3,2026-09-24,False,BTCUSDT,1,0.13294436083343145,0.3426151857028053,0.045548756875086874,0.01518291895836229
2026-09-26,coinbase,4,2026-09-25,False,BTCUSDT,1,0.1340174775130761,0.3426151857028053,0.045916422945564105,0.015305474315188035
2026-09-26,coinbase,5,2026-09-26,True,BTCUSDT,1,0.13509147294627435,0.3426151857028053,0.04628439009035329,0.01542813003011776
2026-09-26,coinbase,6,2026-09-20,False,BTCUSDT,1,0.13975551727839547,0.3426151857028053,0.04788236250532908,0.01596078750177636
2026-09-27,trend,0,2026-09-21,False,1000PEPEUSDT,1,0.002730701200433125,0.5739424784225385,0.001567265414807989,0.0007836327074039945
2026-09-27,trend,0,2026-09-21,False,ACEUSDT,-1,-0.000953470615923913,0.5739424784225385,-0.0005472372884064349,0.00027361864420321746
2026-09-27,trend,0,2026-09-21,False,ADAUSDT,1,0.003647844296422822,0.5739424784225385,0.0020936527963884358,0.0010468263981942179
2026-09-27,trend,0,2026-09-21,False,AKEUSDT,1,0.0004616241682955238,0.5739424784225385,0.00026494571925127593,0.00013247285962563797
2026-09-27,trend,0,2026-09-21,False,BNBUSDT,1,0.006957438501210036,0.5739424784225385,0.00399316949685688,0.00199658474842844
2026-09-27,trend,0,2026-09-21,False,BTCUSDT,1,0.006532574650673029,0.5739424784225385,0.003749322085487527,0.0018746610427437635
2026-09-27,trend,0,2026-09-21,False,BTWUSDT,1,0.0009827020280730907,0.5739424784225385,0.0005640144375431247,0.00028200721877156236
2026-09-27,trend,0,2026-09-21,False,CYSUSDT,-1,-0.0009172415840753924,0.5739424784225385,-0.000526443908076446,0.000263221954038223
2026-09-27,trend,0,2026-09-21,False,DOGEUSDT,1,0.0040919974308684754,0.5739424784225385,0.002348571147171313,0.0011742855735856566
2026-09-27,trend,0,2026-09-21,False,ENAUSDT,1,0.00220911836622968,0.5739424784225385,0.0012679068702426118,0.0006339534351213059
2026-09-27,trend,0,2026-09-21,False,ETHUSDT,1,0.004813929066835339,0.5739424784225385,0.002762918379569773,0.0013814591897848864
2026-09-27,trend,0,2026-09-21,False,HYPEUSDT,1,0.0033347832093603242,0.5739424784225385,0.0019139737401821318,0.0009569868700910659
2026-09-27,trend,0,2026-09-21,False,LINKUSDT,1,0.00426155613077262,0.5739424784225385,0.002445888087632401,0.0012229440438162006
2026-09-27,trend,0,2026-09-21,False,PUMPUSDT,-1,-0.002158486101667461,0.5739424784225385,-0.001238846862831626,0.000619423431415813
2026-09-27,trend,0,2026-09-21,False,SOLUSDT,1,0.004438960545201384,0.5739424784225385,0.0025477080169327452,0.0012738540084663726
2026-09-27,trend,0,2026-09-21,False,SUIUSDT,1,0.003356883656068527,0.5739424784225385,0.0019266581253400829,0.0009633290626700414
2026-09-27,trend,0,2026-09-21,False,TRUMPUSDT,-1,-0.0024822577818018957,0.5739424784225385,-0.0014246731833710128,0.0007123365916855064
2026-09-27,trend,0,2026-09-21,False,TUTUSDT,-1,-0.0006729595687911947,0.5739424784225385,-0.0003862400827901811,0.00019312004139509056
2026-09-27,trend,0,2026-09-21,False,XRPUSDT,1,0.003936629054986361,0.5739424784225385,0.0022593986364490477,0.0011296993182245238
2026-09-27,trend,0,2026-09-21,False,ZECUSDT,1,0.001993673458095699,0.5739424784225385,0.0011442538857046785,0.0005721269428523392
2026-09-27,trend,1,2026-09-22,False,1000PEPEUSDT,1,0.002737807267831378,0.5739424784225385,0.0015713438887423798,0.0007856719443711899
2026-09-27,trend,1,2026-09-22,False,ACEUSDT,-1,-0.000961383303710628,0.5739424784225385,-0.0005517787160457259,0.00027588935802286296
2026-09-27,trend,1,2026-09-22,False,ADAUSDT,1,0.0036526911328742897,0.5739424784225385,0.0020964346017139,0.00104821730085695
2026-09-27,trend,1,2026-09-22,False,AKEUSDT,1,0.00046494604021710573,0.5739424784225385,0.0002668522826549509,0.00013342614132747546
2026-09-27,trend,1,2026-09-22,False,BNBUSDT,1,0.006991763530124156,0.5739424784225385,0.004012870089023775,0.0020064350445118877
2026-09-27,trend,1,2026-09-22,False,BTCUSDT,1,0.006584342715449326,0.5739424784225385,0.0037790339768883734,0.0018895169884441867
2026-09-27,trend,1,2026-09-22,False,BTWUSDT,1,0.0009859675121142145,0.5739424784225385,0.0005658886375469365,0.00028294431877346827
2026-09-27,trend,1,2026-09-22,False,CYSUSDT,-1,-0.0009191892918627984,0.5739424784225385,-0.0005275617803111927,0.00026378089015559634
2026-09-27,trend,1,2026-09-22,False,DOGEUSDT,1,0.004125216413227783,0.5739424784225385,0.0023676369322372885,0.0011838184661186442
2026-09-27,trend,1,2026-09-22,False,ENAUSDT,1,0.00222612487437482,0.5739424784225385,0.0012776676276767464,0.0006388338138383732
2026-09-27,trend,1,2026-09-22,False,ETHUSDT,1,0.004851305576552145,0.5739424784225385,0.00278437034619142,0.00139218517309571
2026-09-27,trend,1,2026-09-22,False,HYPEUSDT,1,0.0033467824410490198,0.5739424784225385,0.001920860608956708,0.000960430304478354
2026-09-27,trend,1,2026-09-22,False,LINKUSDT,1,0.004293975369609908,0.5739424784225385,0.0024644948659192467,0.0012322474329596233
2026-09-27,trend,1,2026-09-22,False,PUMPUSDT,-1,-0.002174068846436701,0.5739424784225385,-0.0012477904619851096,0.0006238952309925548
2026-09-27,trend,1,2026-09-22,False,SOLUSDT,1,0.0044754590853984194,0.5739424784225385,0.0025686560795522362,0.0012843280397761181
2026-09-27,trend,1,2026-09-22,False,SUIUSDT,1,0.0033798912275863208,0.5739424784225385,0.0019398631479594893,0.0009699315739797446
2026-09-27,trend,1,2026-09-22,False,TRUMPUSDT,1,0.002498397286378885,0.5739424784225385,0.001433936330628442,0.000716968165314221
2026-09-27,trend,1,2026-09-22,False,TUTUSDT,-1,-0.000675940349995293,0.5739424784225385,-0.00038795087974209663,0.00019397543987104832
2026-09-27,trend,1,2026-09-22,False,XRPUSDT,1,0.003956917087737815,0.5739424784225385,0.002271042800248735,0.0011355214001243675
2026-09-27,trend,1,2026-09-22,False,ZECUSDT,1,0.001976308750582904,0.5739424784225385,0.0011342875424377025,0.0005671437712188512
2026-09-27,trend,2,2026-09-23,False,1000PEPEUSDT,1,0.0026368451634840996,0.5739424784225385,0.001513397448346548,0.000756698724173274
2026-09-27,trend,2,2026-09-23,False,ACEUSDT,-1,-0.0009684260165135029,0.5739424784225385,-0.0005558208280866261,0.00027791041404331306
2026-09-27,trend,2,2026-09-23,False,ADAUSDT,1,0.003611723314097633,0.5739424784225385,0.0020729214302696603,0.0010364607151348302
2026-09-27,trend,2,2026-09-23,False,AKEUSDT,1,0.0004679740391206574,0.5739424784225385,0.00026859017985031615,0.00013429508992515807
2026-09-27,trend,2,2026-09-23,False,BNBUSDT,1,0.006959584281258377,0.5739424784225385,0.003994401051175975,0.0019972005255879874
2026-09-27,trend,2,2026-09-23,False,BTCUSDT,1,0.006592491137090115,0.5739424784225385,0.00378371070220012,0.00189185535110006
2026-09-27,trend,2,2026-09-23,False,BTWUSDT,1,0.0009856720424161456,0.5739424784225385,0.0005657190549361281,0.00028285952746806407
2026-09-27,trend,2,2026-09-23,False,CYSUSDT,-1,-0.0009264650443613088,0.5739424784225385,-0.0005317376437325767,0.00026586882186628835
2026-09-27,trend,2,2026-09-23,False,DOGEUSDT,1,0.004011368117128946,0.5739424784225385,0.002302294559010139,0.0011511472795050694
2026-09-27,trend,2,2026-09-23,False,ENAUSDT,1,0.002234882766413802,0.5739424784225385,0.0012826941539393567,0.0006413470769696784
2026-09-27,trend,2,2026-09-23,False,ETHUSDT,1,0.004864623730907116,0.5739424784225385,0.0027920142007099263,0.0013960071003549632
2026-09-27,trend,2,2026-09-23,False,HYPEUSDT,1,0.003359534429966456,0.5739424784225385,0.001928179517080798,0.000964089758540399
2026-09-27,trend,2,2026-09-23,False,LINKUSDT,1,0.004246853844337995,0.5739424784225385,0.002437449820917634,0.001218724910458817
2026-09-27,trend,2,2026-09-23,False,PUMPUSDT,-1,-0.002148802332112326,0.5739424784225385,-0.001233288936132679,0.0006166444680663396
2026-09-27,trend,2,2026-09-23,False,SOLUSDT,1,0.004482839954824003,0.5739424784225385,0.0025728922740432688,0.0012864461370216344
2026-09-27,trend,2,2026-09-23,False,SUIUSDT,1,0.0033529056311573345,0.5739424784225385,0.0019243749678633263,0.0009621874839316632
2026-09-27,trend,2,2026-09-23,False,TRUMPUSDT,-1,-0.002430942264373586,0.5739424784225385,-0.001395221028116674,0.000697610514058337
2026-09-27,trend,2,2026-09-23,False,TUTUSDT,-1,-0.0006811763165267935,0.5739424784225385,-0.00039095602335012346,0.00019547801167506173
2026-09-27,trend,2,2026-09-23,False,XRPUSDT,1,0.003941669316906838,0.5739424784225385,0.002262291456867585,0.0011311457284337925
2026-09-27,trend,2,2026-09-23,False,ZECUSDT,1,0.0019739741327649465,0.5739424784225385,0.0011329476061010945,0.0005664738030505472
2026-09-27,trend,3,2026-09-24,False,1000PEPEUSDT,1,0.0026557928925456695,0.5739424784225385,0.001524272354924624,0.000762136177462312
2026-09-27,trend,3,2026-09-24,False,ACEUSDT,-1,-0.0009762859801533084,0.5739424784225385,-0.0005603319950983671,0.00028016599754918353
2026-09-27,trend,3,2026-09-24,False,ADAUSDT,1,0.003614442019071132,0.5739424784225385,0.00207448181054025,0.001037240905270125
2026-09-27,trend,3,2026-09-24,False,AKEUSDT,1,0.00047068869436264944,0.5739424784225385,0.0002701482358079678,0.0001350741179039839
2026-09-27,trend,3,2026-09-24,False,BNBUSDT,1,0.006998527798825092,0.5739424784225385,0.004016752390166706,0.002008376195083353
2026-09-27,trend,3,2026-09-24,False,BTCUSDT,1,0.006647218041671572,0.5739424784225385,0.0038151207974519955,0.0019075603987259977
2026-09-27,trend,3,2026-09-24,False,BTWUSDT,1,0.0009925617579157797,0.5739424784225385,0.0005696733553256143,0.00028483667766280717
2026-09-27,trend,3,2026-09-24,False,CYSUSDT,-1,-0.0009320996478545577,0.5739424784225385,-0.0005349715820264202,0.0002674857910132101
2026-09-27,trend,3,2026-09-24,False,DOGEUSDT,1,0.004018476016380393,0.5739424784225385,0.0023063740843228923,0.0011531870421614462
2026-09-27,trend,3,2026-09-24,False,ENAUSDT,1,0.00222020780440521,0.5739424784225385,0.001274271569873389,0.0006371357849366945
2026-09-27,trend,3,2026-09-24,False,ETHUSDT,1,0.004904946322239042,0.5739424784225385,0.002815157048715391,0.0014075785243576955
2026-09-27,trend,3,2026-09-24,False,HYPEUSDT,1,0.0033812430879527596,0.5739424784225385,0.0019406390380486843,0.0009703195190243421
2026-09-27,trend,3,2026-09-24,False,LINKUSDT,1,0.004146240718499543,0.5739424784225385,0.0023797036741120743,0.0011898518370560371
2026-09-27,trend,3,2026-09-24,False,PUMPUSDT,-1,-0.002161144848050978,0.5739424784225385,-0.0012403728303204786,0.0006201864151602393
2026-09-27,trend,3,2026-09-24,False,SOLUSDT,1,0.004509430201525016,0.5739424784225385,0.0025881535461367154,0.0012940767730683577
2026-09-27,trend,3,2026-09-24,False,SUIUSDT,1,0.003336424816002098,0.5739424784225385,0.0019149159279667062,0.0009574579639833531
2026-09-27,trend,3,2026-09-24,False,TRUMPUSDT,-1,-0.0024337347044129866,0.5739424784225385,-0.0013968237280737338,0.0006984118640368669
2026-09-27,trend,3,2026-09-24,False,TUTUSDT,-1,-0.0006856456089134606,0.5739424784225385,-0.00039352114009932215,0.00019676057004966107
2026-09-27,trend,3,2026-09-24,False,XRPUSDT,1,0.00396254929258446,0.5739424784225385,0.0022742753618574018,0.0011371376809287009
2026-09-27,trend,3,2026-09-24,False,ZECUSDT,1,0.0019874335513122123,0.5739424784225385,0.0011406725381402384,0.0005703362690701192
2026-09-27,trend,4,2026-09-25,False,1000PEPEUSDT,1,0.0026762688238898594,0.5739424784225385,0.0015360243617083182,0.0007680121808541591
2026-09-27,trend,4,2026-09-25,False,ACEUSDT,-1,-0.0009839331972641904,0.5739424784225385,-0.000564721057840022,0.000282360528920011
2026-09-27,trend,4,2026-09-25,False,ADAUSDT,1,0.003609918714947522,0.5739424784225385,0.002071885694160886,0.001035942847080443
2026-09-27,trend,4,2026-09-25,False,AKEUSDT,1,0.00047433303230178116,0.5739424784225385,0.0002722398761569623,0.00013611993807848116
2026-09-27,trend,4,2026-09-25,False,BNBUSDT,1,0.0070565961524192205,0.5739424784225385,0.004050080284946437,0.0020250401424732186
2026-09-27,trend,4,2026-09-25,False,BTCUSDT,1,0.006700873875653805,0.5739424784225385,0.003845916159789586,0.001922958079894793
2026-09-27,trend,4,2026-09-25,False,BTWUSDT,1,0.0009447267780314251,0.5739424784225385,0.0005422188284154955,0.00027110941420774775
2026-09-27,trend,4,2026-09-25,False,CYSUSDT,-1,-0.0009398947991867717,0.5739424784225385,-0.0005394455505017099,0.00026972277525085496
2026-09-27,trend,4,2026-09-25,False,DOGEUSDT,1,0.004024857747824757,0.5739424784225385,0.0023100368310846973,0.0011550184155423486
2026-09-27,trend,4,2026-09-25,False,ENAUSDT,1,0.0020988432080882116,0.5739424784225385,0.00120461527267046,0.00060230763633523
2026-09-27,trend,4,2026-09-25,False,ETHUSDT,1,0.004945572567565881,0.5739424784225385,0.0028384741766472794,0.0014192370883236397
2026-09-27,trend,4,2026-09-25,False,HYPEUSDT,1,0.0034091542456663355,0.5739424784225385,0.0019566584370824566,0.0009783292185412283
2026-09-27,trend,4,2026-09-25,False,LINKUSDT,1,0.0041056212500320466,0.5739424784225385,0.0023563904357076335,0.0011781952178538167
2026-09-27,trend,4,2026-09-25,False,PUMPUSDT,-1,-0.0021490442847718425,0.5739424784225385,-0.001233427803041743,0.0006167139015208715
2026-09-27,trend,4,2026-09-25,False,SOLUSDT,1,0.004482508416565717,0.5739424784225385,0.002572701990153617,0.0012863509950768084
2026-09-27,trend,4,2026-09-25,False,SUIUSDT,1,0.0029929661271175315,0.5739424784225385,0.0017177903968325426,0.0008588951984162713
2026-09-27,trend,4,2026-09-25,False,TRUMPUSDT,-1,-0.0024511644015132324,0.5739424784225385,-0.001406827371625603,0.0007034136858128015
2026-09-27,trend,4,2026-09-25,False,TUTUSDT,-1,-0.0006911168704581032,0.5739424784225385,-0.0003966613295103523,0.00019833066475517615
2026-09-27,trend,4,2026-09-25,False,XRPUSDT,1,0.003984207752913141,0.5739424784225385,0.002286706072257261,0.0011433530361286304
2026-09-27,trend,4,2026-09-25,False,ZECUSDT,1,0.00200382221564997,0.5739424784225385,0.0011500786887682862,0.0005750393443841431
2026-09-27,trend,5,2026-09-26,False,1000PEPEUSDT,1,0.002692923155596941,0.5739424784225385,0.0015455829901247517,0.0007727914950623759
2026-09-27,trend,5,2026-09-26,False,ACEUSDT,1,0.000990024739596229,0.5739424784225385,0.000568217252743488,0.000284108626371744
2026-09-27,trend,5,2026-09-26,False,ADAUSDT,1,0.003633556402115925,0.5739424784225385,0.002085452366918496,0.001042726183459248
2026-09-27,trend,5,2026-09-26,False,AKEUSDT,1,0.0004782576748881604,0.5739424784225385,0.00027449239524991145,0.00013724619762495573
2026-09-27,trend,5,2026-09-26,False,BNBUSDT,1,0.007112042986121639,0.5739424784225385,0.004081903578102285,0.0020409517890511426
2026-09-27,trend,5,2026-09-26,False,BTCUSDT,1,0.006754573647313718,0.5739424784225385,0.003876736739826801,0.0019383683699134005
2026-09-27,trend,5,2026-09-26,False,BTWUSDT,1,0.0009333684966512018,0.5739424784225385,0.0005356998282495096,0.0002678499141247548
2026-09-27,trend,5,2026-09-26,False,CYSUSDT,-1,-0.0009474113552981638,0.5739424784225385,-0.0005437596213454844,0.0002718798106727422
2026-09-27,trend,5,2026-09-26,False,DOGEUSDT,1,0.0040455434518412246,0.5739424784225385,0.002321909235315824,0.001160954617657912
2026-09-27,trend,5,2026-09-26,False,ENAUSDT,1,0.002116143577124242,0.5739424784225385,0.0012145446893526237,0.0006072723446763119
2026-09-27,trend,5,2026-09-26,False,ETHUSDT,1,0.004986507649995164,0.5739424784225385,0.002861968559311173,0.0014309842796555864
2026-09-27,trend,5,2026-09-26,False,HYPEUSDT,1,0.0034374144695602164,0.5739424784225385,0.0019728781800248864,0.0009864390900124432
2026-09-27,trend,5,2026-09-26,False,LINKUSDT,1,0.004133632351829031,0.5739424784225385,0.002372467196896341,0.0011862335984481704
2026-09-27,trend,5,2026-09-26,False,PUMPUSDT,-1,-0.002158538736904446,0.5739424784225385,-0.0012388770724299936,0.0006194385362149968
2026-09-27,trend,5,2026-09-26,False,SOLUSDT,1,0.004518410480321685,0.5739424784225385,0.0025933077096062006,0.0012966538548031003
2026-09-27,trend,5,2026-09-26,False,SUIUSDT,1,0.0030106500374417686,0.5739424784225385,0.001727939944152237,0.0008639699720761185
2026-09-27,trend,5,2026-09-26,False,TRUMPUSDT,-1,-0.002471413948057158,0.5739424784225385,-0.001418449446555956,0.000709224723277978
2026-09-27,trend,5,2026-09-26,False,TUTUSDT,-1,-0.0006968306085619996,0.5739424784225385,-0.00039994068651875986,0.00019997034325937993
2026-09-27,trend,5,2026-09-26,False,XRPUSDT,1,0.0040008883283178,0.5739424784225385,0.0022962797630465253,0.0011481398815232626
2026-09-27,trend,5,2026-09-26,False,ZECUSDT,1,0.0020086690578859827,0.5739424784225385,0.0011528604974137464,0.0005764302487068732
2026-09-27,trend,6,2026-09-27,True,1000PEPEUSDT,1,0.0027152717014160784,0.5739424784225385,0.0015584097699013271,0.0007792048849506636
2026-09-27,trend,6,2026-09-27,True,ACEUSDT,1,0.0009966769516376293,0.5739424784225385,0.0005720352398095216,0.0002860176199047608
2026-09-27,trend,6,2026-09-27,True,ADAUSDT,1,0.0036632480180778973,0.5739424784225385,0.0021024936465720806,0.0010512468232860403
2026-09-27,trend,6,2026-09-27,True,AKEUSDT,1,0.0004820133870848964,0.5739424784225385,0.0002766479580163479,0.00013832397900817394
2026-09-27,trend,6,2026-09-27,True,BNBUSDT,1,0.0071640391236568,0.5739424784225385,0.004111746370147614,0.002055873185073807
2026-09-27,trend,6,2026-09-27,True,BTCUSDT,1,0.006810634276845594,0.5739424784225385,0.003908912316482253,0.0019544561582411266
2026-09-27,trend,6,2026-09-27,True,BTWUSDT,1,0.0009258074316614268,0.5739424784225385,0.0005313602118697643,0.00026568010593488214
2026-09-27,trend,6,2026-09-27,True,CYSUSDT,-1,-0.0009542578414431269,0.5739424784225385,-0.0005476891105720101,0.00027384455528600503
2026-09-27,trend,6,2026-09-27,True,DOGEUSDT,1,0.00407904232594538,0.5739424784225385,0.0023411356621435273,0.0011705678310717637
2026-09-27,trend,6,2026-09-27,True,ENAUSDT,1,0.0021333568562009577,0.5739424784225385,0.0012244241214076927,0.0006122120607038464
2026-09-27,trend,6,2026-09-27,True,ETHUSDT,1,0.005027532929915929,0.5739424784225385,0.0028855147101468754,0.0014427573550734377
2026-09-27,trend,6,2026-09-27,True,HYPEUSDT,1,0.0034646785676297927,0.5739424784225385,0.001988526204042894,0.000994263102021447
2026-09-27,trend,6,2026-09-27,True,LINKUSDT,1,0.0041659732741769475,0.5739424784225385,0.0023910290260231747,0.0011955145130115874
2026-09-27,trend,6,2026-09-27,True,PUMPUSDT,1,0.0020714241611266364,0.5739424784225385,0.0011888783169013495,0.0005944391584506748
2026-09-27,trend,6,2026-09-27,True,SOLUSDT,1,0.004555073796235099,0.5739424784225385,0.0026143503440087344,0.0013071751720043672
2026-09-27,trend,6,2026-09-27,True,SUIUSDT,1,0.0029611992536431,0.5739424784225385,0.001699558038738892,0.000849779019369446
2026-09-27,trend,6,2026-09-27,True,TRUMPUSDT,-1,-0.002491777307987881,0.5739424784225385,-0.0014301368438236056,0.0007150684219118028
2026-09-27,trend,6,2026-09-27,True,TUTUSDT,-1,-0.000702231064561064,0.5739424784225385,-0.00040304023761947473,0.00020152011880973737
2026-09-27,trend,6,2026-09-27,True,XRPUSDT,1,0.004032964301959953,0.5739424784225385,0.0023146895268565185,0.0011573447634282592
2026-09-27,trend,6,2026-09-27,True,ZECUSDT,1,0.0020205759693535537,0.5739424784225385,0.0011596943796918018,0.0005798471898459009
2026-09-27,coinbase,0,2026-09-21,False,BTCUSDT,1,0.13065149301346057,0.31343836876340647,0.04095119084664268,0.013650396948880893
2026-09-27,coinbase,1,2026-09-22,False,BTCUSDT,1,0.13168685430898652,0.31343836876340647,0.0412757128021931,0.013758570934064365
2026-09-27,coinbase,2,2026-09-23,False,BTCUSDT,1,0.1318498227418023,0.31343836876340647,0.0413267933619348,0.0137755977873116
2026-09-27,coinbase,3,2026-09-24,False,BTCUSDT,1,0.13294436083343145,0.31343836876340647,0.04166986359592446,0.01388995453197482
2026-09-27,coinbase,4,2026-09-25,False,BTCUSDT,1,0.1340174775130761,0.31343836876340647,0.04200621953748508,0.014002073179161694
2026-09-27,coinbase,5,2026-09-26,False,BTCUSDT,1,0.13509147294627435,0.31343836876340647,0.04234285091412609,0.014114283638042029
2026-09-27,coinbase,6,2026-09-27,True,BTCUSDT,1,0.13621268553691188,0.31343836876340647,0.042694281959572505,0.014231427319857503
2026-09-28,trend,0,2026-09-28,True,1000PEPEUSDT,1,0.0027282624906158873,0.5739424784225385,0.00156586573565133,0.000782932867825665
2026-09-28,trend,0,2026-09-28,True,ACEUSDT,1,0.001003838320492539,0.5739424784225385,0.0005761454535990064,0.0002880727267995032
2026-09-28,trend,0,2026-09-28,True,ADAUSDT,1,0.003676493686093065,0.5739424784225385,0.002110095898101068,0.001055047949050534
2026-09-28,trend,0,2026-09-28,True,AKEUSDT,1,0.0004859803385313702,0.5739424784225385,0.0002789247599613189,0.00013946237998065946
2026-09-28,trend,0,2026-09-28,True,BNBUSDT,1,0.00717285903611755,0.5739424784225385,0.004116808492564808,0.002058404246282404
2026-09-28,trend,0,2026-09-28,True,BTCUSDT,1,0.00685149663384984,0.5739424784225385,0.003932364958935457,0.0019661824794677285
2026-09-28,trend,0,2026-09-28,True,BTWUSDT,1,0.0009323864506431778,0.5739424784225385,0.0005351361903297393,0.0002675680951648697
2026-09-28,trend,0,2026-09-28,True,CYSUSDT,-1,-0.0009604147720286675,0.5739424784225385,-0.0005512228345717508,0.0002756114172858754
2026-09-28,trend,0,2026-09-28,True,DOGEUSDT,1,0.0040892847597169485,0.5739424784225385,0.0023470142299674606,0.0011735071149837303
2026-09-28,trend,0,2026-09-28,True,ENAUSDT,1,0.002139008067801956,0.5739424784225385,0.00122766759180006,0.00061383379590003
2026-09-28,trend,0,2026-09-28,True,ETHUSDT,1,0.005069269845015173,0.5739424784225385,0.002909469298640646,0.001454734649320323
2026-09-28,trend,0,2026-09-28,True,HYPEUSDT,1,0.0034609237451419137,0.5739424784225385,0.001986371151918164,0.000993185575959082
2026-09-28,trend,0,2026-09-28,True,LINKUSDT,1,0.003944027039661972,0.5739424784225385,0.0022636446541090998,0.0011318223270545499
2026-09-28,trend,0,2026-09-28,True,PUMPUSDT,1,0.002082284327581568,0.5739424784225385,0.0011951114277525742,0.0005975557138762871
2026-09-28,trend,0,2026-09-28,True,SOLUSDT,1,0.0045698102917734965,0.5739424784225385,0.0026228082447813045,0.0013114041223906523
2026-09-28,trend,0,2026-09-28,True,SUIUSDT,1,0.002930753579851841,0.5739424784225385,0.0016820839732658928,0.0008410419866329464
2026-09-28,trend,0,2026-09-28,True,TRUMPUSDT,-1,-0.0024952979960262247,0.5739424784225385,-0.0014321575162420852,0.0007160787581210426
2026-09-28,trend,0,2026-09-28,True,TUTUSDT,-1,-0.0007074411107575191,0.5739424784225385,-0.0004060305044461641,0.00020301525222308204
2026-09-28,trend,0,2026-09-28,True,XRPUSDT,1,0.00406224554135082,0.5739424784225385,0.0023314952739637964,0.0011657476369818982
2026-09-28,trend,0,2026-09-28,True,ZECUSDT,1,0.0020240754128549505,0.5739424784225385,0.0011617028589680932,0.0005808514294840466
2026-09-28,trend,1,2026-09-22,False,1000PEPEUSDT,1,0.002737807267831378,0.5739424784225385,0.0015713438887423798,0.0007856719443711899
2026-09-28,trend,1,2026-09-22,False,ACEUSDT,-1,-0.000961383303710628,0.5739424784225385,-0.0005517787160457259,0.00027588935802286296
2026-09-28,trend,1,2026-09-22,False,ADAUSDT,1,0.0036526911328742897,0.5739424784225385,0.0020964346017139,0.00104821730085695
2026-09-28,trend,1,2026-09-22,False,AKEUSDT,1,0.00046494604021710573,0.5739424784225385,0.0002668522826549509,0.00013342614132747546
2026-09-28,trend,1,2026-09-22,False,BNBUSDT,1,0.006991763530124156,0.5739424784225385,0.004012870089023775,0.0020064350445118877
2026-09-28,trend,1,2026-09-22,False,BTCUSDT,1,0.006584342715449326,0.5739424784225385,0.0037790339768883734,0.0018895169884441867
2026-09-28,trend,1,2026-09-22,False,BTWUSDT,1,0.0009859675121142145,0.5739424784225385,0.0005658886375469365,0.00028294431877346827
2026-09-28,trend,1,2026-09-22,False,CYSUSDT,-1,-0.0009191892918627984,0.5739424784225385,-0.0005275617803111927,0.00026378089015559634
2026-09-28,trend,1,2026-09-22,False,DOGEUSDT,1,0.004125216413227783,0.5739424784225385,0.0023676369322372885,0.0011838184661186442
2026-09-28,trend,1,2026-09-22,False,ENAUSDT,1,0.00222612487437482,0.5739424784225385,0.0012776676276767464,0.0006388338138383732
2026-09-28,trend,1,2026-09-22,False,ETHUSDT,1,0.004851305576552145,0.5739424784225385,0.00278437034619142,0.00139218517309571
2026-09-28,trend,1,2026-09-22,False,HYPEUSDT,1,0.0033467824410490198,0.5739424784225385,0.001920860608956708,0.000960430304478354
2026-09-28,trend,1,2026-09-22,False,LINKUSDT,1,0.004293975369609908,0.5739424784225385,0.0024644948659192467,0.0012322474329596233
2026-09-28,trend,1,2026-09-22,False,PUMPUSDT,-1,-0.002174068846436701,0.5739424784225385,-0.0012477904619851096,0.0006238952309925548
2026-09-28,trend,1,2026-09-22,False,SOLUSDT,1,0.0044754590853984194,0.5739424784225385,0.0025686560795522362,0.0012843280397761181
2026-09-28,trend,1,2026-09-22,False,SUIUSDT,1,0.0033798912275863208,0.5739424784225385,0.0019398631479594893,0.0009699315739797446
2026-09-28,trend,1,2026-09-22,False,TRUMPUSDT,1,0.002498397286378885,0.5739424784225385,0.001433936330628442,0.000716968165314221
2026-09-28,trend,1,2026-09-22,False,TUTUSDT,-1,-0.000675940349995293,0.5739424784225385,-0.00038795087974209663,0.00019397543987104832
2026-09-28,trend,1,2026-09-22,False,XRPUSDT,1,0.003956917087737815,0.5739424784225385,0.002271042800248735,0.0011355214001243675
2026-09-28,trend,1,2026-09-22,False,ZECUSDT,1,0.001976308750582904,0.5739424784225385,0.0011342875424377025,0.0005671437712188512
2026-09-28,trend,2,2026-09-23,False,1000PEPEUSDT,1,0.0026368451634840996,0.5739424784225385,0.001513397448346548,0.000756698724173274
2026-09-28,trend,2,2026-09-23,False,ACEUSDT,-1,-0.0009684260165135029,0.5739424784225385,-0.0005558208280866261,0.00027791041404331306
2026-09-28,trend,2,2026-09-23,False,ADAUSDT,1,0.003611723314097633,0.5739424784225385,0.0020729214302696603,0.0010364607151348302
2026-09-28,trend,2,2026-09-23,False,AKEUSDT,1,0.0004679740391206574,0.5739424784225385,0.00026859017985031615,0.00013429508992515807
2026-09-28,trend,2,2026-09-23,False,BNBUSDT,1,0.006959584281258377,0.5739424784225385,0.003994401051175975,0.0019972005255879874
2026-09-28,trend,2,2026-09-23,False,BTCUSDT,1,0.006592491137090115,0.5739424784225385,0.00378371070220012,0.00189185535110006
2026-09-28,trend,2,2026-09-23,False,BTWUSDT,1,0.0009856720424161456,0.5739424784225385,0.0005657190549361281,0.00028285952746806407
2026-09-28,trend,2,2026-09-23,False,CYSUSDT,-1,-0.0009264650443613088,0.5739424784225385,-0.0005317376437325767,0.00026586882186628835
2026-09-28,trend,2,2026-09-23,False,DOGEUSDT,1,0.004011368117128946,0.5739424784225385,0.002302294559010139,0.0011511472795050694
2026-09-28,trend,2,2026-09-23,False,ENAUSDT,1,0.002234882766413802,0.5739424784225385,0.0012826941539393567,0.0006413470769696784
2026-09-28,trend,2,2026-09-23,False,ETHUSDT,1,0.004864623730907116,0.5739424784225385,0.0027920142007099263,0.0013960071003549632
2026-09-28,trend,2,2026-09-23,False,HYPEUSDT,1,0.003359534429966456,0.5739424784225385,0.001928179517080798,0.000964089758540399
2026-09-28,trend,2,2026-09-23,False,LINKUSDT,1,0.004246853844337995,0.5739424784225385,0.002437449820917634,0.001218724910458817
2026-09-28,trend,2,2026-09-23,False,PUMPUSDT,-1,-0.002148802332112326,0.5739424784225385,-0.001233288936132679,0.0006166444680663396
2026-09-28,trend,2,2026-09-23,False,SOLUSDT,1,0.004482839954824003,0.5739424784225385,0.0025728922740432688,0.0012864461370216344
2026-09-28,trend,2,2026-09-23,False,SUIUSDT,1,0.0033529056311573345,0.5739424784225385,0.0019243749678633263,0.0009621874839316632
2026-09-28,trend,2,2026-09-23,False,TRUMPUSDT,-1,-0.002430942264373586,0.5739424784225385,-0.001395221028116674,0.000697610514058337
2026-09-28,trend,2,2026-09-23,False,TUTUSDT,-1,-0.0006811763165267935,0.5739424784225385,-0.00039095602335012346,0.00019547801167506173
2026-09-28,trend,2,2026-09-23,False,XRPUSDT,1,0.003941669316906838,0.5739424784225385,0.002262291456867585,0.0011311457284337925
2026-09-28,trend,2,2026-09-23,False,ZECUSDT,1,0.0019739741327649465,0.5739424784225385,0.0011329476061010945,0.0005664738030505472
2026-09-28,trend,3,2026-09-24,False,1000PEPEUSDT,1,0.0026557928925456695,0.5739424784225385,0.001524272354924624,0.000762136177462312
2026-09-28,trend,3,2026-09-24,False,ACEUSDT,-1,-0.0009762859801533084,0.5739424784225385,-0.0005603319950983671,0.00028016599754918353
2026-09-28,trend,3,2026-09-24,False,ADAUSDT,1,0.003614442019071132,0.5739424784225385,0.00207448181054025,0.001037240905270125
2026-09-28,trend,3,2026-09-24,False,AKEUSDT,1,0.00047068869436264944,0.5739424784225385,0.0002701482358079678,0.0001350741179039839
2026-09-28,trend,3,2026-09-24,False,BNBUSDT,1,0.006998527798825092,0.5739424784225385,0.004016752390166706,0.002008376195083353
2026-09-28,trend,3,2026-09-24,False,BTCUSDT,1,0.006647218041671572,0.5739424784225385,0.0038151207974519955,0.0019075603987259977
2026-09-28,trend,3,2026-09-24,False,BTWUSDT,1,0.0009925617579157797,0.5739424784225385,0.0005696733553256143,0.00028483667766280717
2026-09-28,trend,3,2026-09-24,False,CYSUSDT,-1,-0.0009320996478545577,0.5739424784225385,-0.0005349715820264202,0.0002674857910132101
2026-09-28,trend,3,2026-09-24,False,DOGEUSDT,1,0.004018476016380393,0.5739424784225385,0.0023063740843228923,0.0011531870421614462
2026-09-28,trend,3,2026-09-24,False,ENAUSDT,1,0.00222020780440521,0.5739424784225385,0.001274271569873389,0.0006371357849366945
2026-09-28,trend,3,2026-09-24,False,ETHUSDT,1,0.004904946322239042,0.5739424784225385,0.002815157048715391,0.0014075785243576955
2026-09-28,trend,3,2026-09-24,False,HYPEUSDT,1,0.0033812430879527596,0.5739424784225385,0.0019406390380486843,0.0009703195190243421
2026-09-28,trend,3,2026-09-24,False,LINKUSDT,1,0.004146240718499543,0.5739424784225385,0.0023797036741120743,0.0011898518370560371
2026-09-28,trend,3,2026-09-24,False,PUMPUSDT,-1,-0.002161144848050978,0.5739424784225385,-0.0012403728303204786,0.0006201864151602393
2026-09-28,trend,3,2026-09-24,False,SOLUSDT,1,0.004509430201525016,0.5739424784225385,0.0025881535461367154,0.0012940767730683577
2026-09-28,trend,3,2026-09-24,False,SUIUSDT,1,0.003336424816002098,0.5739424784225385,0.0019149159279667062,0.0009574579639833531
2026-09-28,trend,3,2026-09-24,False,TRUMPUSDT,-1,-0.0024337347044129866,0.5739424784225385,-0.0013968237280737338,0.0006984118640368669
2026-09-28,trend,3,2026-09-24,False,TUTUSDT,-1,-0.0006856456089134606,0.5739424784225385,-0.00039352114009932215,0.00019676057004966107
2026-09-28,trend,3,2026-09-24,False,XRPUSDT,1,0.00396254929258446,0.5739424784225385,0.0022742753618574018,0.0011371376809287009
2026-09-28,trend,3,2026-09-24,False,ZECUSDT,1,0.0019874335513122123,0.5739424784225385,0.0011406725381402384,0.0005703362690701192
2026-09-28,trend,4,2026-09-25,False,1000PEPEUSDT,1,0.0026762688238898594,0.5739424784225385,0.0015360243617083182,0.0007680121808541591
2026-09-28,trend,4,2026-09-25,False,ACEUSDT,-1,-0.0009839331972641904,0.5739424784225385,-0.000564721057840022,0.000282360528920011
2026-09-28,trend,4,2026-09-25,False,ADAUSDT,1,0.003609918714947522,0.5739424784225385,0.002071885694160886,0.001035942847080443
2026-09-28,trend,4,2026-09-25,False,AKEUSDT,1,0.00047433303230178116,0.5739424784225385,0.0002722398761569623,0.00013611993807848116
2026-09-28,trend,4,2026-09-25,False,BNBUSDT,1,0.0070565961524192205,0.5739424784225385,0.004050080284946437,0.0020250401424732186
2026-09-28,trend,4,2026-09-25,False,BTCUSDT,1,0.006700873875653805,0.5739424784225385,0.003845916159789586,0.001922958079894793
2026-09-28,trend,4,2026-09-25,False,BTWUSDT,1,0.0009447267780314251,0.5739424784225385,0.0005422188284154955,0.00027110941420774775
2026-09-28,trend,4,2026-09-25,False,CYSUSDT,-1,-0.0009398947991867717,0.5739424784225385,-0.0005394455505017099,0.00026972277525085496
2026-09-28,trend,4,2026-09-25,False,DOGEUSDT,1,0.004024857747824757,0.5739424784225385,0.0023100368310846973,0.0011550184155423486
2026-09-28,trend,4,2026-09-25,False,ENAUSDT,1,0.0020988432080882116,0.5739424784225385,0.00120461527267046,0.00060230763633523
2026-09-28,trend,4,2026-09-25,False,ETHUSDT,1,0.004945572567565881,0.5739424784225385,0.0028384741766472794,0.0014192370883236397
2026-09-28,trend,4,2026-09-25,False,HYPEUSDT,1,0.0034091542456663355,0.5739424784225385,0.0019566584370824566,0.0009783292185412283
2026-09-28,trend,4,2026-09-25,False,LINKUSDT,1,0.0041056212500320466,0.5739424784225385,0.0023563904357076335,0.0011781952178538167
2026-09-28,trend,4,2026-09-25,False,PUMPUSDT,-1,-0.0021490442847718425,0.5739424784225385,-0.001233427803041743,0.0006167139015208715
2026-09-28,trend,4,2026-09-25,False,SOLUSDT,1,0.004482508416565717,0.5739424784225385,0.002572701990153617,0.0012863509950768084
2026-09-28,trend,4,2026-09-25,False,SUIUSDT,1,0.0029929661271175315,0.5739424784225385,0.0017177903968325426,0.0008588951984162713
2026-09-28,trend,4,2026-09-25,False,TRUMPUSDT,-1,-0.0024511644015132324,0.5739424784225385,-0.001406827371625603,0.0007034136858128015
2026-09-28,trend,4,2026-09-25,False,TUTUSDT,-1,-0.0006911168704581032,0.5739424784225385,-0.0003966613295103523,0.00019833066475517615
2026-09-28,trend,4,2026-09-25,False,XRPUSDT,1,0.003984207752913141,0.5739424784225385,0.002286706072257261,0.0011433530361286304
2026-09-28,trend,4,2026-09-25,False,ZECUSDT,1,0.00200382221564997,0.5739424784225385,0.0011500786887682862,0.0005750393443841431
2026-09-28,trend,5,2026-09-26,False,1000PEPEUSDT,1,0.002692923155596941,0.5739424784225385,0.0015455829901247517,0.0007727914950623759
2026-09-28,trend,5,2026-09-26,False,ACEUSDT,1,0.000990024739596229,0.5739424784225385,0.000568217252743488,0.000284108626371744
2026-09-28,trend,5,2026-09-26,False,ADAUSDT,1,0.003633556402115925,0.5739424784225385,0.002085452366918496,0.001042726183459248
2026-09-28,trend,5,2026-09-26,False,AKEUSDT,1,0.0004782576748881604,0.5739424784225385,0.00027449239524991145,0.00013724619762495573
2026-09-28,trend,5,2026-09-26,False,BNBUSDT,1,0.007112042986121639,0.5739424784225385,0.004081903578102285,0.0020409517890511426
2026-09-28,trend,5,2026-09-26,False,BTCUSDT,1,0.006754573647313718,0.5739424784225385,0.003876736739826801,0.0019383683699134005
2026-09-28,trend,5,2026-09-26,False,BTWUSDT,1,0.0009333684966512018,0.5739424784225385,0.0005356998282495096,0.0002678499141247548
2026-09-28,trend,5,2026-09-26,False,CYSUSDT,-1,-0.0009474113552981638,0.5739424784225385,-0.0005437596213454844,0.0002718798106727422
2026-09-28,trend,5,2026-09-26,False,DOGEUSDT,1,0.0040455434518412246,0.5739424784225385,0.002321909235315824,0.001160954617657912
2026-09-28,trend,5,2026-09-26,False,ENAUSDT,1,0.002116143577124242,0.5739424784225385,0.0012145446893526237,0.0006072723446763119
2026-09-28,trend,5,2026-09-26,False,ETHUSDT,1,0.004986507649995164,0.5739424784225385,0.002861968559311173,0.0014309842796555864
2026-09-28,trend,5,2026-09-26,False,HYPEUSDT,1,0.0034374144695602164,0.5739424784225385,0.0019728781800248864,0.0009864390900124432
2026-09-28,trend,5,2026-09-26,False,LINKUSDT,1,0.004133632351829031,0.5739424784225385,0.002372467196896341,0.0011862335984481704
2026-09-28,trend,5,2026-09-26,False,PUMPUSDT,-1,-0.002158538736904446,0.5739424784225385,-0.0012388770724299936,0.0006194385362149968
2026-09-28,trend,5,2026-09-26,False,SOLUSDT,1,0.004518410480321685,0.5739424784225385,0.0025933077096062006,0.0012966538548031003
2026-09-28,trend,5,2026-09-26,False,SUIUSDT,1,0.0030106500374417686,0.5739424784225385,0.001727939944152237,0.0008639699720761185
2026-09-28,trend,5,2026-09-26,False,TRUMPUSDT,-1,-0.002471413948057158,0.5739424784225385,-0.001418449446555956,0.000709224723277978
2026-09-28,trend,5,2026-09-26,False,TUTUSDT,-1,-0.0006968306085619996,0.5739424784225385,-0.00039994068651875986,0.00019997034325937993
2026-09-28,trend,5,2026-09-26,False,XRPUSDT,1,0.0040008883283178,0.5739424784225385,0.0022962797630465253,0.0011481398815232626
2026-09-28,trend,5,2026-09-26,False,ZECUSDT,1,0.0020086690578859827,0.5739424784225385,0.0011528604974137464,0.0005764302487068732
2026-09-28,trend,6,2026-09-27,False,1000PEPEUSDT,1,0.0027152717014160784,0.5739424784225385,0.0015584097699013271,0.0007792048849506636
2026-09-28,trend,6,2026-09-27,False,ACEUSDT,1,0.0009966769516376293,0.5739424784225385,0.0005720352398095216,0.0002860176199047608
2026-09-28,trend,6,2026-09-27,False,ADAUSDT,1,0.0036632480180778973,0.5739424784225385,0.0021024936465720806,0.0010512468232860403
2026-09-28,trend,6,2026-09-27,False,AKEUSDT,1,0.0004820133870848964,0.5739424784225385,0.0002766479580163479,0.00013832397900817394
2026-09-28,trend,6,2026-09-27,False,BNBUSDT,1,0.0071640391236568,0.5739424784225385,0.004111746370147614,0.002055873185073807
2026-09-28,trend,6,2026-09-27,False,BTCUSDT,1,0.006810634276845594,0.5739424784225385,0.003908912316482253,0.0019544561582411266
2026-09-28,trend,6,2026-09-27,False,BTWUSDT,1,0.0009258074316614268,0.5739424784225385,0.0005313602118697643,0.00026568010593488214
2026-09-28,trend,6,2026-09-27,False,CYSUSDT,-1,-0.0009542578414431269,0.5739424784225385,-0.0005476891105720101,0.00027384455528600503
2026-09-28,trend,6,2026-09-27,False,DOGEUSDT,1,0.00407904232594538,0.5739424784225385,0.0023411356621435273,0.0011705678310717637
2026-09-28,trend,6,2026-09-27,False,ENAUSDT,1,0.0021333568562009577,0.5739424784225385,0.0012244241214076927,0.0006122120607038464
2026-09-28,trend,6,2026-09-27,False,ETHUSDT,1,0.005027532929915929,0.5739424784225385,0.0028855147101468754,0.0014427573550734377
2026-09-28,trend,6,2026-09-27,False,HYPEUSDT,1,0.0034646785676297927,0.5739424784225385,0.001988526204042894,0.000994263102021447
2026-09-28,trend,6,2026-09-27,False,LINKUSDT,1,0.0041659732741769475,0.5739424784225385,0.0023910290260231747,0.0011955145130115874
2026-09-28,trend,6,2026-09-27,False,PUMPUSDT,1,0.0020714241611266364,0.5739424784225385,0.0011888783169013495,0.0005944391584506748
2026-09-28,trend,6,2026-09-27,False,SOLUSDT,1,0.004555073796235099,0.5739424784225385,0.0026143503440087344,0.0013071751720043672
2026-09-28,trend,6,2026-09-27,False,SUIUSDT,1,0.0029611992536431,0.5739424784225385,0.001699558038738892,0.000849779019369446
2026-09-28,trend,6,2026-09-27,False,TRUMPUSDT,-1,-0.002491777307987881,0.5739424784225385,-0.0014301368438236056,0.0007150684219118028
2026-09-28,trend,6,2026-09-27,False,TUTUSDT,-1,-0.000702231064561064,0.5739424784225385,-0.00040304023761947473,0.00020152011880973737
2026-09-28,trend,6,2026-09-27,False,XRPUSDT,1,0.004032964301959953,0.5739424784225385,0.0023146895268565185,0.0011573447634282592
2026-09-28,trend,6,2026-09-27,False,ZECUSDT,1,0.0020205759693535537,0.5739424784225385,0.0011596943796918018,0.0005798471898459009
2026-09-28,coinbase,0,2026-09-28,True,BTCUSDT,1,0.1370299326769968,0.31343836876340647,0.04295043857003729,0.014316812856679097
2026-09-28,coinbase,1,2026-09-22,False,BTCUSDT,1,0.13168685430898652,0.31343836876340647,0.0412757128021931,0.013758570934064365
2026-09-28,coinbase,2,2026-09-23,False,BTCUSDT,1,0.1318498227418023,0.31343836876340647,0.0413267933619348,0.0137755977873116
2026-09-28,coinbase,3,2026-09-24,False,BTCUSDT,1,0.13294436083343145,0.31343836876340647,0.04166986359592446,0.01388995453197482
2026-09-28,coinbase,4,2026-09-25,False,BTCUSDT,1,0.1340174775130761,0.31343836876340647,0.04200621953748508,0.014002073179161694
2026-09-28,coinbase,5,2026-09-26,False,BTCUSDT,1,0.13509147294627435,0.31343836876340647,0.04234285091412609,0.014114283638042029
2026-09-28,coinbase,6,2026-09-27,False,BTCUSDT,1,0.13621268553691188,0.31343836876340647,0.042694281959572505,0.014231427319857503
2026-09-29,trend,0,2026-09-28,False,1000PEPEUSDT,1,0.0027282624906158873,0.5739424784225385,0.00156586573565133,0.000782932867825665
2026-09-29,trend,0,2026-09-28,False,ACEUSDT,1,0.001003838320492539,0.5739424784225385,0.0005761454535990064,0.0002880727267995032
2026-09-29,trend,0,2026-09-28,False,ADAUSDT,1,0.003676493686093065,0.5739424784225385,0.002110095898101068,0.001055047949050534
2026-09-29,trend,0,2026-09-28,False,AKEUSDT,1,0.0004859803385313702,0.5739424784225385,0.0002789247599613189,0.00013946237998065946
2026-09-29,trend,0,2026-09-28,False,BNBUSDT,1,0.00717285903611755,0.5739424784225385,0.004116808492564808,0.002058404246282404
2026-09-29,trend,0,2026-09-28,False,BTCUSDT,1,0.00685149663384984,0.5739424784225385,0.003932364958935457,0.0019661824794677285
2026-09-29,trend,0,2026-09-28,False,BTWUSDT,1,0.0009323864506431778,0.5739424784225385,0.0005351361903297393,0.0002675680951648697
2026-09-29,trend,0,2026-09-28,False,CYSUSDT,-1,-0.0009604147720286675,0.5739424784225385,-0.0005512228345717508,0.0002756114172858754
2026-09-29,trend,0,2026-09-28,False,DOGEUSDT,1,0.0040892847597169485,0.5739424784225385,0.0023470142299674606,0.0011735071149837303
2026-09-29,trend,0,2026-09-28,False,ENAUSDT,1,0.002139008067801956,0.5739424784225385,0.00122766759180006,0.00061383379590003
2026-09-29,trend,0,2026-09-28,False,ETHUSDT,1,0.005069269845015173,0.5739424784225385,0.002909469298640646,0.001454734649320323
2026-09-29,trend,0,2026-09-28,False,HYPEUSDT,1,0.0034609237451419137,0.5739424784225385,0.001986371151918164,0.000993185575959082
2026-09-29,trend,0,2026-09-28,False,LINKUSDT,1,0.003944027039661972,0.5739424784225385,0.0022636446541090998,0.0011318223270545499
2026-09-29,trend,0,2026-09-28,False,PUMPUSDT,1,0.002082284327581568,0.5739424784225385,0.0011951114277525742,0.0005975557138762871
2026-09-29,trend,0,2026-09-28,False,SOLUSDT,1,0.0045698102917734965,0.5739424784225385,0.0026228082447813045,0.0013114041223906523
2026-09-29,trend,0,2026-09-28,False,SUIUSDT,1,0.002930753579851841,0.5739424784225385,0.0016820839732658928,0.0008410419866329464
2026-09-29,trend,0,2026-09-28,False,TRUMPUSDT,-1,-0.0024952979960262247,0.5739424784225385,-0.0014321575162420852,0.0007160787581210426
2026-09-29,trend,0,2026-09-28,False,TUTUSDT,-1,-0.0007074411107575191,0.5739424784225385,-0.0004060305044461641,0.00020301525222308204
2026-09-29,trend,0,2026-09-28,False,XRPUSDT,1,0.00406224554135082,0.5739424784225385,0.0023314952739637964,0.0011657476369818982
2026-09-29,trend,0,2026-09-28,False,ZECUSDT,1,0.0020240754128549505,0.5739424784225385,0.0011617028589680932,0.0005808514294840466
2026-09-29,trend,1,2026-09-29,True,1000PEPEUSDT,1,0.0027501490992444767,0.5739424784225385,0.001578427390051887,0.0007892136950259435
2026-09-29,trend,1,2026-09-29,True,ACEUSDT,-1,-0.0010118014439054052,0.5739424784225385,-0.0005807158283865713,0.0002903579141932857
2026-09-29,trend,1,2026-09-29,True,ADAUSDT,1,0.00370444709155091,0.5739424784225385,0.0021261395449098937,0.0010630697724549468
2026-09-29,trend,1,2026-09-29,True,AKEUSDT,1,0.0004899059345745421,0.5739424784225385,0.0002811778262836227,0.00014058891314181135
2026-09-29,trend,1,2026-09-29,True,BNBUSDT,1,0.0072261659377527284,0.5739424784225385,0.004147403587806328,0.002073701793903164
2026-09-29,trend,1,2026-09-29,True,BTCUSDT,1,0.006907911664367847,0.5739424784225385,0.0039647439413712455,0.0019823719706856227
2026-09-29,trend,1,2026-09-29,True,BTWUSDT,1,0.0009210867699778449,0.5739424784225385,0.000528650823603295,0.0002643254118016475
2026-09-29,trend,1,2026-09-29,True,CYSUSDT,-1,-0.0009677587547937636,0.5739424784225385,-0.0005554378582414424,0.0002777189291207212
2026-09-29,trend,1,2026-09-29,True,DOGEUSDT,1,0.004123227989522256,0.5739424784225385,0.0023664956914075845,0.0011832478457037923
2026-09-29,trend,1,2026-09-29,True,ENAUSDT,1,0.0021529728105124054,0.5739424784225385,0.0012356825508418284,0.0006178412754209142
2026-09-29,trend,1,2026-09-29,True,ETHUSDT,1,0.005110590400088498,0.5739424784225385,0.002933184920429225,0.0014665924602146126
2026-09-29,trend,1,2026-09-29,True,HYPEUSDT,1,0.00348541667476917,0.5739424784225385,0.0020004286846522605,0.0010002143423261303
2026-09-29,trend,1,2026-09-29,True,LINKUSDT,1,0.0039094835755921365,0.5739424784225385,0.0022438186927275588,0.0011219093463637794
2026-09-29,trend,1,2026-09-29,True,PUMPUSDT,1,0.0019822038824371304,0.5739424784225385,0.0011376710090247447,0.0005688355045123724
2026-09-29,trend,1,2026-09-29,True,SOLUSDT,1,0.004607562167888714,0.5739424784225385,0.002644475650123973,0.0013222378250619866
2026-09-29,trend,1,2026-09-29,True,SUIUSDT,1,0.0029534803398343994,0.5739424784225385,0.0016951278262167966,0.0008475639131083983
2026-09-29,trend,1,2026-09-29,True,TRUMPUSDT,-1,-0.0025155440572114983,0.5739424784225385,-0.0014437775907770554,0.0007218887953885277
2026-09-29,trend,1,2026-09-29,True,TUTUSDT,-1,-0.0007132819888661289,0.5739424784225385,-0.0004093828325039836,0.0002046914162519918
2026-09-29,trend,1,2026-09-29,True,XRPUSDT,1,0.004095550215576792,0.5739424784225385,0.0023506102412321063,0.0011753051206160531
2026-09-29,trend,1,2026-09-29,True,ZECUSDT,1,0.0020347214966074797,0.5739424784225385,0.0011678130986625137,0.0005839065493312568
2026-09-29,trend,2,2026-09-23,False,1000PEPEUSDT,1,0.0026368451634840996,0.5739424784225385,0.001513397448346548,0.000756698724173274
2026-09-29,trend,2,2026-09-23,False,ACEUSDT,-1,-0.0009684260165135029,0.5739424784225385,-0.0005558208280866261,0.00027791041404331306
2026-09-29,trend,2,2026-09-23,False,ADAUSDT,1,0.003611723314097633,0.5739424784225385,0.0020729214302696603,0.0010364607151348302
2026-09-29,trend,2,2026-09-23,False,AKEUSDT,1,0.0004679740391206574,0.5739424784225385,0.00026859017985031615,0.00013429508992515807
2026-09-29,trend,2,2026-09-23,False,BNBUSDT,1,0.006959584281258377,0.5739424784225385,0.003994401051175975,0.0019972005255879874
2026-09-29,trend,2,2026-09-23,False,BTCUSDT,1,0.006592491137090115,0.5739424784225385,0.00378371070220012,0.00189185535110006
2026-09-29,trend,2,2026-09-23,False,BTWUSDT,1,0.0009856720424161456,0.5739424784225385,0.0005657190549361281,0.00028285952746806407
2026-09-29,trend,2,2026-09-23,False,CYSUSDT,-1,-0.0009264650443613088,0.5739424784225385,-0.0005317376437325767,0.00026586882186628835
2026-09-29,trend,2,2026-09-23,False,DOGEUSDT,1,0.004011368117128946,0.5739424784225385,0.002302294559010139,0.0011511472795050694
2026-09-29,trend,2,2026-09-23,False,ENAUSDT,1,0.002234882766413802,0.5739424784225385,0.0012826941539393567,0.0006413470769696784
2026-09-29,trend,2,2026-09-23,False,ETHUSDT,1,0.004864623730907116,0.5739424784225385,0.0027920142007099263,0.0013960071003549632
2026-09-29,trend,2,2026-09-23,False,HYPEUSDT,1,0.003359534429966456,0.5739424784225385,0.001928179517080798,0.000964089758540399
2026-09-29,trend,2,2026-09-23,False,LINKUSDT,1,0.004246853844337995,0.5739424784225385,0.002437449820917634,0.001218724910458817
2026-09-29,trend,2,2026-09-23,False,PUMPUSDT,-1,-0.002148802332112326,0.5739424784225385,-0.001233288936132679,0.0006166444680663396
2026-09-29,trend,2,2026-09-23,False,SOLUSDT,1,0.004482839954824003,0.5739424784225385,0.0025728922740432688,0.0012864461370216344
2026-09-29,trend,2,2026-09-23,False,SUIUSDT,1,0.0033529056311573345,0.5739424784225385,0.0019243749678633263,0.0009621874839316632
2026-09-29,trend,2,2026-09-23,False,TRUMPUSDT,-1,-0.002430942264373586,0.5739424784225385,-0.001395221028116674,0.000697610514058337
2026-09-29,trend,2,2026-09-23,False,TUTUSDT,-1,-0.0006811763165267935,0.5739424784225385,-0.00039095602335012346,0.00019547801167506173
2026-09-29,trend,2,2026-09-23,False,XRPUSDT,1,0.003941669316906838,0.5739424784225385,0.002262291456867585,0.0011311457284337925
2026-09-29,trend,2,2026-09-23,False,ZECUSDT,1,0.0019739741327649465,0.5739424784225385,0.0011329476061010945,0.0005664738030505472
2026-09-29,trend,3,2026-09-24,False,1000PEPEUSDT,1,0.0026557928925456695,0.5739424784225385,0.001524272354924624,0.000762136177462312
2026-09-29,trend,3,2026-09-24,False,ACEUSDT,-1,-0.0009762859801533084,0.5739424784225385,-0.0005603319950983671,0.00028016599754918353
2026-09-29,trend,3,2026-09-24,False,ADAUSDT,1,0.003614442019071132,0.5739424784225385,0.00207448181054025,0.001037240905270125
2026-09-29,trend,3,2026-09-24,False,AKEUSDT,1,0.00047068869436264944,0.5739424784225385,0.0002701482358079678,0.0001350741179039839
2026-09-29,trend,3,2026-09-24,False,BNBUSDT,1,0.006998527798825092,0.5739424784225385,0.004016752390166706,0.002008376195083353
2026-09-29,trend,3,2026-09-24,False,BTCUSDT,1,0.006647218041671572,0.5739424784225385,0.0038151207974519955,0.0019075603987259977
2026-09-29,trend,3,2026-09-24,False,BTWUSDT,1,0.0009925617579157797,0.5739424784225385,0.0005696733553256143,0.00028483667766280717
2026-09-29,trend,3,2026-09-24,False,CYSUSDT,-1,-0.0009320996478545577,0.5739424784225385,-0.0005349715820264202,0.0002674857910132101
2026-09-29,trend,3,2026-09-24,False,DOGEUSDT,1,0.004018476016380393,0.5739424784225385,0.0023063740843228923,0.0011531870421614462
2026-09-29,trend,3,2026-09-24,False,ENAUSDT,1,0.00222020780440521,0.5739424784225385,0.001274271569873389,0.0006371357849366945
2026-09-29,trend,3,2026-09-24,False,ETHUSDT,1,0.004904946322239042,0.5739424784225385,0.002815157048715391,0.0014075785243576955
2026-09-29,trend,3,2026-09-24,False,HYPEUSDT,1,0.0033812430879527596,0.5739424784225385,0.0019406390380486843,0.0009703195190243421
2026-09-29,trend,3,2026-09-24,False,LINKUSDT,1,0.004146240718499543,0.5739424784225385,0.0023797036741120743,0.0011898518370560371
2026-09-29,trend,3,2026-09-24,False,PUMPUSDT,-1,-0.002161144848050978,0.5739424784225385,-0.0012403728303204786,0.0006201864151602393
2026-09-29,trend,3,2026-09-24,False,SOLUSDT,1,0.004509430201525016,0.5739424784225385,0.0025881535461367154,0.0012940767730683577
2026-09-29,trend,3,2026-09-24,False,SUIUSDT,1,0.003336424816002098,0.5739424784225385,0.0019149159279667062,0.0009574579639833531
2026-09-29,trend,3,2026-09-24,False,TRUMPUSDT,-1,-0.0024337347044129866,0.5739424784225385,-0.0013968237280737338,0.0006984118640368669
2026-09-29,trend,3,2026-09-24,False,TUTUSDT,-1,-0.0006856456089134606,0.5739424784225385,-0.00039352114009932215,0.00019676057004966107
2026-09-29,trend,3,2026-09-24,False,XRPUSDT,1,0.00396254929258446,0.5739424784225385,0.0022742753618574018,0.0011371376809287009
2026-09-29,trend,3,2026-09-24,False,ZECUSDT,1,0.0019874335513122123,0.5739424784225385,0.0011406725381402384,0.0005703362690701192
2026-09-29,trend,4,2026-09-25,False,1000PEPEUSDT,1,0.0026762688238898594,0.5739424784225385,0.0015360243617083182,0.0007680121808541591
2026-09-29,trend,4,2026-09-25,False,ACEUSDT,-1,-0.0009839331972641904,0.5739424784225385,-0.000564721057840022,0.000282360528920011
2026-09-29,trend,4,2026-09-25,False,ADAUSDT,1,0.003609918714947522,0.5739424784225385,0.002071885694160886,0.001035942847080443
2026-09-29,trend,4,2026-09-25,False,AKEUSDT,1,0.00047433303230178116,0.5739424784225385,0.0002722398761569623,0.00013611993807848116
2026-09-29,trend,4,2026-09-25,False,BNBUSDT,1,0.0070565961524192205,0.5739424784225385,0.004050080284946437,0.0020250401424732186
2026-09-29,trend,4,2026-09-25,False,BTCUSDT,1,0.006700873875653805,0.5739424784225385,0.003845916159789586,0.001922958079894793
2026-09-29,trend,4,2026-09-25,False,BTWUSDT,1,0.0009447267780314251,0.5739424784225385,0.0005422188284154955,0.00027110941420774775
2026-09-29,trend,4,2026-09-25,False,CYSUSDT,-1,-0.0009398947991867717,0.5739424784225385,-0.0005394455505017099,0.00026972277525085496
2026-09-29,trend,4,2026-09-25,False,DOGEUSDT,1,0.004024857747824757,0.5739424784225385,0.0023100368310846973,0.0011550184155423486
2026-09-29,trend,4,2026-09-25,False,ENAUSDT,1,0.0020988432080882116,0.5739424784225385,0.00120461527267046,0.00060230763633523
2026-09-29,trend,4,2026-09-25,False,ETHUSDT,1,0.004945572567565881,0.5739424784225385,0.0028384741766472794,0.0014192370883236397
2026-09-29,trend,4,2026-09-25,False,HYPEUSDT,1,0.0034091542456663355,0.5739424784225385,0.0019566584370824566,0.0009783292185412283
2026-09-29,trend,4,2026-09-25,False,LINKUSDT,1,0.0041056212500320466,0.5739424784225385,0.0023563904357076335,0.0011781952178538167
2026-09-29,trend,4,2026-09-25,False,PUMPUSDT,-1,-0.0021490442847718425,0.5739424784225385,-0.001233427803041743,0.0006167139015208715
2026-09-29,trend,4,2026-09-25,False,SOLUSDT,1,0.004482508416565717,0.5739424784225385,0.002572701990153617,0.0012863509950768084
2026-09-29,trend,4,2026-09-25,False,SUIUSDT,1,0.0029929661271175315,0.5739424784225385,0.0017177903968325426,0.0008588951984162713
2026-09-29,trend,4,2026-09-25,False,TRUMPUSDT,-1,-0.0024511644015132324,0.5739424784225385,-0.001406827371625603,0.0007034136858128015
2026-09-29,trend,4,2026-09-25,False,TUTUSDT,-1,-0.0006911168704581032,0.5739424784225385,-0.0003966613295103523,0.00019833066475517615
2026-09-29,trend,4,2026-09-25,False,XRPUSDT,1,0.003984207752913141,0.5739424784225385,0.002286706072257261,0.0011433530361286304
2026-09-29,trend,4,2026-09-25,False,ZECUSDT,1,0.00200382221564997,0.5739424784225385,0.0011500786887682862,0.0005750393443841431
2026-09-29,trend,5,2026-09-26,False,1000PEPEUSDT,1,0.002692923155596941,0.5739424784225385,0.0015455829901247517,0.0007727914950623759
2026-09-29,trend,5,2026-09-26,False,ACEUSDT,1,0.000990024739596229,0.5739424784225385,0.000568217252743488,0.000284108626371744
2026-09-29,trend,5,2026-09-26,False,ADAUSDT,1,0.003633556402115925,0.5739424784225385,0.002085452366918496,0.001042726183459248
2026-09-29,trend,5,2026-09-26,False,AKEUSDT,1,0.0004782576748881604,0.5739424784225385,0.00027449239524991145,0.00013724619762495573
2026-09-29,trend,5,2026-09-26,False,BNBUSDT,1,0.007112042986121639,0.5739424784225385,0.004081903578102285,0.0020409517890511426
2026-09-29,trend,5,2026-09-26,False,BTCUSDT,1,0.006754573647313718,0.5739424784225385,0.003876736739826801,0.0019383683699134005
2026-09-29,trend,5,2026-09-26,False,BTWUSDT,1,0.0009333684966512018,0.5739424784225385,0.0005356998282495096,0.0002678499141247548
2026-09-29,trend,5,2026-09-26,False,CYSUSDT,-1,-0.0009474113552981638,0.5739424784225385,-0.0005437596213454844,0.0002718798106727422
2026-09-29,trend,5,2026-09-26,False,DOGEUSDT,1,0.0040455434518412246,0.5739424784225385,0.002321909235315824,0.001160954617657912
2026-09-29,trend,5,2026-09-26,False,ENAUSDT,1,0.002116143577124242,0.5739424784225385,0.0012145446893526237,0.0006072723446763119
2026-09-29,trend,5,2026-09-26,False,ETHUSDT,1,0.004986507649995164,0.5739424784225385,0.002861968559311173,0.0014309842796555864
2026-09-29,trend,5,2026-09-26,False,HYPEUSDT,1,0.0034374144695602164,0.5739424784225385,0.0019728781800248864,0.0009864390900124432
2026-09-29,trend,5,2026-09-26,False,LINKUSDT,1,0.004133632351829031,0.5739424784225385,0.002372467196896341,0.0011862335984481704
2026-09-29,trend,5,2026-09-26,False,PUMPUSDT,-1,-0.002158538736904446,0.5739424784225385,-0.0012388770724299936,0.0006194385362149968
2026-09-29,trend,5,2026-09-26,False,SOLUSDT,1,0.004518410480321685,0.5739424784225385,0.0025933077096062006,0.0012966538548031003
2026-09-29,trend,5,2026-09-26,False,SUIUSDT,1,0.0030106500374417686,0.5739424784225385,0.001727939944152237,0.0008639699720761185
2026-09-29,trend,5,2026-09-26,False,TRUMPUSDT,-1,-0.002471413948057158,0.5739424784225385,-0.001418449446555956,0.000709224723277978
2026-09-29,trend,5,2026-09-26,False,TUTUSDT,-1,-0.0006968306085619996,0.5739424784225385,-0.00039994068651875986,0.00019997034325937993
2026-09-29,trend,5,2026-09-26,False,XRPUSDT,1,0.0040008883283178,0.5739424784225385,0.0022962797630465253,0.0011481398815232626
2026-09-29,trend,5,2026-09-26,False,ZECUSDT,1,0.0020086690578859827,0.5739424784225385,0.0011528604974137464,0.0005764302487068732
2026-09-29,trend,6,2026-09-27,False,1000PEPEUSDT,1,0.0027152717014160784,0.5739424784225385,0.0015584097699013271,0.0007792048849506636
2026-09-29,trend,6,2026-09-27,False,ACEUSDT,1,0.0009966769516376293,0.5739424784225385,0.0005720352398095216,0.0002860176199047608
2026-09-29,trend,6,2026-09-27,False,ADAUSDT,1,0.0036632480180778973,0.5739424784225385,0.0021024936465720806,0.0010512468232860403
2026-09-29,trend,6,2026-09-27,False,AKEUSDT,1,0.0004820133870848964,0.5739424784225385,0.0002766479580163479,0.00013832397900817394
2026-09-29,trend,6,2026-09-27,False,BNBUSDT,1,0.0071640391236568,0.5739424784225385,0.004111746370147614,0.002055873185073807
2026-09-29,trend,6,2026-09-27,False,BTCUSDT,1,0.006810634276845594,0.5739424784225385,0.003908912316482253,0.0019544561582411266
2026-09-29,trend,6,2026-09-27,False,BTWUSDT,1,0.0009258074316614268,0.5739424784225385,0.0005313602118697643,0.00026568010593488214
2026-09-29,trend,6,2026-09-27,False,CYSUSDT,-1,-0.0009542578414431269,0.5739424784225385,-0.0005476891105720101,0.00027384455528600503
2026-09-29,trend,6,2026-09-27,False,DOGEUSDT,1,0.00407904232594538,0.5739424784225385,0.0023411356621435273,0.0011705678310717637
2026-09-29,trend,6,2026-09-27,False,ENAUSDT,1,0.0021333568562009577,0.5739424784225385,0.0012244241214076927,0.0006122120607038464
2026-09-29,trend,6,2026-09-27,False,ETHUSDT,1,0.005027532929915929,0.5739424784225385,0.0028855147101468754,0.0014427573550734377
2026-09-29,trend,6,2026-09-27,False,HYPEUSDT,1,0.0034646785676297927,0.5739424784225385,0.001988526204042894,0.000994263102021447
2026-09-29,trend,6,2026-09-27,False,LINKUSDT,1,0.0041659732741769475,0.5739424784225385,0.0023910290260231747,0.0011955145130115874
2026-09-29,trend,6,2026-09-27,False,PUMPUSDT,1,0.0020714241611266364,0.5739424784225385,0.0011888783169013495,0.0005944391584506748
2026-09-29,trend,6,2026-09-27,False,SOLUSDT,1,0.004555073796235099,0.5739424784225385,0.0026143503440087344,0.0013071751720043672
2026-09-29,trend,6,2026-09-27,False,SUIUSDT,1,0.0029611992536431,0.5739424784225385,0.001699558038738892,0.000849779019369446
2026-09-29,trend,6,2026-09-27,False,TRUMPUSDT,-1,-0.002491777307987881,0.5739424784225385,-0.0014301368438236056,0.0007150684219118028
2026-09-29,trend,6,2026-09-27,False,TUTUSDT,-1,-0.000702231064561064,0.5739424784225385,-0.00040304023761947473,0.00020152011880973737
2026-09-29,trend,6,2026-09-27,False,XRPUSDT,1,0.004032964301959953,0.5739424784225385,0.0023146895268565185,0.0011573447634282592
2026-09-29,trend,6,2026-09-27,False,ZECUSDT,1,0.0020205759693535537,0.5739424784225385,0.0011596943796918018,0.0005798471898459009
2026-09-29,coinbase,0,2026-09-28,False,BTCUSDT,1,0.1370299326769968,0.31343836876340647,0.04295043857003729,0.014316812856679097
2026-09-29,coinbase,1,2026-09-29,True,BTCUSDT,1,0.13815823328735694,0.31343836876340647,0.04330409127282332,0.014434697090941107
2026-09-29,coinbase,2,2026-09-23,False,BTCUSDT,1,0.1318498227418023,0.31343836876340647,0.0413267933619348,0.0137755977873116
2026-09-29,coinbase,3,2026-09-24,False,BTCUSDT,1,0.13294436083343145,0.31343836876340647,0.04166986359592446,0.01388995453197482
2026-09-29,coinbase,4,2026-09-25,False,BTCUSDT,1,0.1340174775130761,0.31343836876340647,0.04200621953748508,0.014002073179161694
2026-09-29,coinbase,5,2026-09-26,False,BTCUSDT,1,0.13509147294627435,0.31343836876340647,0.04234285091412609,0.014114283638042029
2026-09-29,coinbase,6,2026-09-27,False,BTCUSDT,1,0.13621268553691188,0.31343836876340647,0.042694281959572505,0.014231427319857503
2026-09-30,trend,0,2026-09-28,False,1000PEPEUSDT,1,0.0027282624906158873,0.5739424784225385,0.00156586573565133,0.000782932867825665
2026-09-30,trend,0,2026-09-28,False,ACEUSDT,1,0.001003838320492539,0.5739424784225385,0.0005761454535990064,0.0002880727267995032
2026-09-30,trend,0,2026-09-28,False,ADAUSDT,1,0.003676493686093065,0.5739424784225385,0.002110095898101068,0.001055047949050534
2026-09-30,trend,0,2026-09-28,False,AKEUSDT,1,0.0004859803385313702,0.5739424784225385,0.0002789247599613189,0.00013946237998065946
2026-09-30,trend,0,2026-09-28,False,BNBUSDT,1,0.00717285903611755,0.5739424784225385,0.004116808492564808,0.002058404246282404
2026-09-30,trend,0,2026-09-28,False,BTCUSDT,1,0.00685149663384984,0.5739424784225385,0.003932364958935457,0.0019661824794677285
2026-09-30,trend,0,2026-09-28,False,BTWUSDT,1,0.0009323864506431778,0.5739424784225385,0.0005351361903297393,0.0002675680951648697
2026-09-30,trend,0,2026-09-28,False,CYSUSDT,-1,-0.0009604147720286675,0.5739424784225385,-0.0005512228345717508,0.0002756114172858754
2026-09-30,trend,0,2026-09-28,False,DOGEUSDT,1,0.0040892847597169485,0.5739424784225385,0.0023470142299674606,0.0011735071149837303
2026-09-30,trend,0,2026-09-28,False,ENAUSDT,1,0.002139008067801956,0.5739424784225385,0.00122766759180006,0.00061383379590003
2026-09-30,trend,0,2026-09-28,False,ETHUSDT,1,0.005069269845015173,0.5739424784225385,0.002909469298640646,0.001454734649320323
2026-09-30,trend,0,2026-09-28,False,HYPEUSDT,1,0.0034609237451419137,0.5739424784225385,0.001986371151918164,0.000993185575959082
2026-09-30,trend,0,2026-09-28,False,LINKUSDT,1,0.003944027039661972,0.5739424784225385,0.0022636446541090998,0.0011318223270545499
2026-09-30,trend,0,2026-09-28,False,PUMPUSDT,1,0.002082284327581568,0.5739424784225385,0.0011951114277525742,0.0005975557138762871
2026-09-30,trend,0,2026-09-28,False,SOLUSDT,1,0.0045698102917734965,0.5739424784225385,0.0026228082447813045,0.0013114041223906523
2026-09-30,trend,0,2026-09-28,False,SUIUSDT,1,0.002930753579851841,0.5739424784225385,0.0016820839732658928,0.0008410419866329464
2026-09-30,trend,0,2026-09-28,False,TRUMPUSDT,-1,-0.0024952979960262247,0.5739424784225385,-0.0014321575162420852,0.0007160787581210426
2026-09-30,trend,0,2026-09-28,False,TUTUSDT,-1,-0.0007074411107575191,0.5739424784225385,-0.0004060305044461641,0.00020301525222308204
2026-09-30,trend,0,2026-09-28,False,XRPUSDT,1,0.00406224554135082,0.5739424784225385,0.0023314952739637964,0.0011657476369818982
2026-09-30,trend,0,2026-09-28,False,ZECUSDT,1,0.0020240754128549505,0.5739424784225385,0.0011617028589680932,0.0005808514294840466
2026-09-30,trend,1,2026-09-29,False,1000PEPEUSDT,1,0.0027501490992444767,0.5739424784225385,0.001578427390051887,0.0007892136950259435
2026-09-30,trend,1,2026-09-29,False,ACEUSDT,-1,-0.0010118014439054052,0.5739424784225385,-0.0005807158283865713,0.0002903579141932857
2026-09-30,trend,1,2026-09-29,False,ADAUSDT,1,0.00370444709155091,0.5739424784225385,0.0021261395449098937,0.0010630697724549468
2026-09-30,trend,1,2026-09-29,False,AKEUSDT,1,0.0004899059345745421,0.5739424784225385,0.0002811778262836227,0.00014058891314181135
2026-09-30,trend,1,2026-09-29,False,BNBUSDT,1,0.0072261659377527284,0.5739424784225385,0.004147403587806328,0.002073701793903164
2026-09-30,trend,1,2026-09-29,False,BTCUSDT,1,0.006907911664367847,0.5739424784225385,0.0039647439413712455,0.0019823719706856227
2026-09-30,trend,1,2026-09-29,False,BTWUSDT,1,0.0009210867699778449,0.5739424784225385,0.000528650823603295,0.0002643254118016475
2026-09-30,trend,1,2026-09-29,False,CYSUSDT,-1,-0.0009677587547937636,0.5739424784225385,-0.0005554378582414424,0.0002777189291207212
2026-09-30,trend,1,2026-09-29,False,DOGEUSDT,1,0.004123227989522256,0.5739424784225385,0.0023664956914075845,0.0011832478457037923
2026-09-30,trend,1,2026-09-29,False,ENAUSDT,1,0.0021529728105124054,0.5739424784225385,0.0012356825508418284,0.0006178412754209142
2026-09-30,trend,1,2026-09-29,False,ETHUSDT,1,0.005110590400088498,0.5739424784225385,0.002933184920429225,0.0014665924602146126
2026-09-30,trend,1,2026-09-29,False,HYPEUSDT,1,0.00348541667476917,0.5739424784225385,0.0020004286846522605,0.0010002143423261303
2026-09-30,trend,1,2026-09-29,False,LINKUSDT,1,0.0039094835755921365,0.5739424784225385,0.0022438186927275588,0.0011219093463637794
2026-09-30,trend,1,2026-09-29,False,PUMPUSDT,1,0.0019822038824371304,0.5739424784225385,0.0011376710090247447,0.0005688355045123724
2026-09-30,trend,1,2026-09-29,False,SOLUSDT,1,0.004607562167888714,0.5739424784225385,0.002644475650123973,0.0013222378250619866
2026-09-30,trend,1,2026-09-29,False,SUIUSDT,1,0.0029534803398343994,0.5739424784225385,0.0016951278262167966,0.0008475639131083983
2026-09-30,trend,1,2026-09-29,False,TRUMPUSDT,-1,-0.0025155440572114983,0.5739424784225385,-0.0014437775907770554,0.0007218887953885277
2026-09-30,trend,1,2026-09-29,False,TUTUSDT,-1,-0.0007132819888661289,0.5739424784225385,-0.0004093828325039836,0.0002046914162519918
2026-09-30,trend,1,2026-09-29,False,XRPUSDT,1,0.004095550215576792,0.5739424784225385,0.0023506102412321063,0.0011753051206160531
2026-09-30,trend,1,2026-09-29,False,ZECUSDT,1,0.0020347214966074797,0.5739424784225385,0.0011678130986625137,0.0005839065493312568
2026-09-30,trend,2,2026-09-30,True,1000PEPEUSDT,1,0.0027727411791122585,0.5739424784225385,0.0015913939443639215,0.0007956969721819607
2026-09-30,trend,2,2026-09-30,True,ACEUSDT,1,0.00101967877633026,0.5739424784225385,0.0005852369640818507,0.0002926184820409254
2026-09-30,trend,2,2026-09-30,True,ADAUSDT,1,0.0037335077693614223,0.5739424784225385,0.002142818702357098,0.001071409351178549
2026-09-30,trend,2,2026-09-30,True,AKEUSDT,1,0.0004939006125804023,0.5739424784225385,0.0002834705416788061,0.00014173527083940305
2026-09-30,trend,2,2026-09-30,True,BNBUSDT,1,0.007259026789829293,0.5739424784225385,0.004166263826690228,0.002083131913345114
2026-09-30,trend,2,2026-09-30,True,BTCUSDT,1,0.006965218417313399,0.5739424784225385,0.003997634721187164,0.001998817360593582
2026-09-30,trend,2,2026-09-30,True,BTWUSDT,1,0.0009293720787367542,0.5739424784225385,0.0005334061142468794,0.0002667030571234397
2026-09-30,trend,2,2026-09-30,True,CYSUSDT,-1,-0.0009757934765390492,0.5739424784225385,-0.0005600493263533671,0.00028002466317668357
2026-09-30,trend,2,2026-09-30,True,DOGEUSDT,1,0.004156194335363847,0.5739424784225385,0.002385416477644442,0.001192708238822221
2026-09-30,trend,2,2026-09-30,True,ENAUSDT,1,0.002154670724463748,0.5739424784225385,0.0012366570557832102,0.0006183285278916051
2026-09-30,trend,2,2026-09-30,True,ETHUSDT,1,0.005152597284109625,0.5739424784225385,0.002957294455555119,0.0014786472277775594
2026-09-30,trend,2,2026-09-30,True,HYPEUSDT,1,0.003462980368221726,0.5739424784225385,0.001987551535265773,0.0009937757676328864
2026-09-30,trend,2,2026-09-30,True,LINKUSDT,1,0.003935933056199434,0.5739424784225385,0.0022589991731802998,0.0011294995865901499
2026-09-30,trend,2,2026-09-30,True,PUMPUSDT,1,0.0019985422279677413,0.5739424784225385,0.0011470482795519076,0.0005735241397759538
2026-09-30,trend,2,2026-09-30,True,SOLUSDT,1,0.004643011387634065,0.5739424784225385,0.002664821463162765,0.0013324107315813825
2026-09-30,trend,2,2026-09-30,True,SUIUSDT,1,0.002977000619289756,0.5739424784225385,0.0017086271137005946,0.0008543135568502973
2026-09-30,trend,2,2026-09-30,True,TRUMPUSDT,-1,-0.002535442487312665,0.5739424784225385,-0.0014551981450660369,0.0007275990725330184
2026-09-30,trend,2,2026-09-30,True,TUTUSDT,-1,-0.0007190340380312075,0.5739424784225385,-0.0004126841778577971,0.00020634208892889854
2026-09-30,trend,2,2026-09-30,True,XRPUSDT,1,0.004129542494813413,0.5739424784225385,0.0023701198542244034,0.0011850599271122017
2026-09-30,trend,2,2026-09-30,True,ZECUSDT,1,0.0020508964648259923,0.5739424784225385,0.0011770966000102527,0.0005885483000051264
2026-09-30,trend,3,2026-09-24,False,1000PEPEUSDT,1,0.0026557928925456695,0.5739424784225385,0.001524272354924624,0.000762136177462312
2026-09-30,trend,3,2026-09-24,False,ACEUSDT,-1,-0.0009762859801533084,0.5739424784225385,-0.0005603319950983671,0.00028016599754918353
2026-09-30,trend,3,2026-09-24,False,ADAUSDT,1,0.003614442019071132,0.5739424784225385,0.00207448181054025,0.001037240905270125
2026-09-30,trend,3,2026-09-24,False,AKEUSDT,1,0.00047068869436264944,0.5739424784225385,0.0002701482358079678,0.0001350741179039839
2026-09-30,trend,3,2026-09-24,False,BNBUSDT,1,0.006998527798825092,0.5739424784225385,0.004016752390166706,0.002008376195083353
2026-09-30,trend,3,2026-09-24,False,BTCUSDT,1,0.006647218041671572,0.5739424784225385,0.0038151207974519955,0.0019075603987259977
2026-09-30,trend,3,2026-09-24,False,BTWUSDT,1,0.0009925617579157797,0.5739424784225385,0.0005696733553256143,0.00028483667766280717
2026-09-30,trend,3,2026-09-24,False,CYSUSDT,-1,-0.0009320996478545577,0.5739424784225385,-0.0005349715820264202,0.0002674857910132101
2026-09-30,trend,3,2026-09-24,False,DOGEUSDT,1,0.004018476016380393,0.5739424784225385,0.0023063740843228923,0.0011531870421614462
2026-09-30,trend,3,2026-09-24,False,ENAUSDT,1,0.00222020780440521,0.5739424784225385,0.001274271569873389,0.0006371357849366945
2026-09-30,trend,3,2026-09-24,False,ETHUSDT,1,0.004904946322239042,0.5739424784225385,0.002815157048715391,0.0014075785243576955
2026-09-30,trend,3,2026-09-24,False,HYPEUSDT,1,0.0033812430879527596,0.5739424784225385,0.0019406390380486843,0.0009703195190243421
2026-09-30,trend,3,2026-09-24,False,LINKUSDT,1,0.004146240718499543,0.5739424784225385,0.0023797036741120743,0.0011898518370560371
2026-09-30,trend,3,2026-09-24,False,PUMPUSDT,-1,-0.002161144848050978,0.5739424784225385,-0.0012403728303204786,0.0006201864151602393
2026-09-30,trend,3,2026-09-24,False,SOLUSDT,1,0.004509430201525016,0.5739424784225385,0.0025881535461367154,0.0012940767730683577
2026-09-30,trend,3,2026-09-24,False,SUIUSDT,1,0.003336424816002098,0.5739424784225385,0.0019149159279667062,0.0009574579639833531
2026-09-30,trend,3,2026-09-24,False,TRUMPUSDT,-1,-0.0024337347044129866,0.5739424784225385,-0.0013968237280737338,0.0006984118640368669
2026-09-30,trend,3,2026-09-24,False,TUTUSDT,-1,-0.0006856456089134606,0.5739424784225385,-0.00039352114009932215,0.00019676057004966107
2026-09-30,trend,3,2026-09-24,False,XRPUSDT,1,0.00396254929258446,0.5739424784225385,0.0022742753618574018,0.0011371376809287009
2026-09-30,trend,3,2026-09-24,False,ZECUSDT,1,0.0019874335513122123,0.5739424784225385,0.0011406725381402384,0.0005703362690701192
2026-09-30,trend,4,2026-09-25,False,1000PEPEUSDT,1,0.0026762688238898594,0.5739424784225385,0.0015360243617083182,0.0007680121808541591
2026-09-30,trend,4,2026-09-25,False,ACEUSDT,-1,-0.0009839331972641904,0.5739424784225385,-0.000564721057840022,0.000282360528920011
2026-09-30,trend,4,2026-09-25,False,ADAUSDT,1,0.003609918714947522,0.5739424784225385,0.002071885694160886,0.001035942847080443
2026-09-30,trend,4,2026-09-25,False,AKEUSDT,1,0.00047433303230178116,0.5739424784225385,0.0002722398761569623,0.00013611993807848116
2026-09-30,trend,4,2026-09-25,False,BNBUSDT,1,0.0070565961524192205,0.5739424784225385,0.004050080284946437,0.0020250401424732186
2026-09-30,trend,4,2026-09-25,False,BTCUSDT,1,0.006700873875653805,0.5739424784225385,0.003845916159789586,0.001922958079894793
2026-09-30,trend,4,2026-09-25,False,BTWUSDT,1,0.0009447267780314251,0.5739424784225385,0.0005422188284154955,0.00027110941420774775
2026-09-30,trend,4,2026-09-25,False,CYSUSDT,-1,-0.0009398947991867717,0.5739424784225385,-0.0005394455505017099,0.00026972277525085496
2026-09-30,trend,4,2026-09-25,False,DOGEUSDT,1,0.004024857747824757,0.5739424784225385,0.0023100368310846973,0.0011550184155423486
2026-09-30,trend,4,2026-09-25,False,ENAUSDT,1,0.0020988432080882116,0.5739424784225385,0.00120461527267046,0.00060230763633523
2026-09-30,trend,4,2026-09-25,False,ETHUSDT,1,0.004945572567565881,0.5739424784225385,0.0028384741766472794,0.0014192370883236397
2026-09-30,trend,4,2026-09-25,False,HYPEUSDT,1,0.0034091542456663355,0.5739424784225385,0.0019566584370824566,0.0009783292185412283
2026-09-30,trend,4,2026-09-25,False,LINKUSDT,1,0.0041056212500320466,0.5739424784225385,0.0023563904357076335,0.0011781952178538167
2026-09-30,trend,4,2026-09-25,False,PUMPUSDT,-1,-0.0021490442847718425,0.5739424784225385,-0.001233427803041743,0.0006167139015208715
2026-09-30,trend,4,2026-09-25,False,SOLUSDT,1,0.004482508416565717,0.5739424784225385,0.002572701990153617,0.0012863509950768084
2026-09-30,trend,4,2026-09-25,False,SUIUSDT,1,0.0029929661271175315,0.5739424784225385,0.0017177903968325426,0.0008588951984162713
2026-09-30,trend,4,2026-09-25,False,TRUMPUSDT,-1,-0.0024511644015132324,0.5739424784225385,-0.001406827371625603,0.0007034136858128015
2026-09-30,trend,4,2026-09-25,False,TUTUSDT,-1,-0.0006911168704581032,0.5739424784225385,-0.0003966613295103523,0.00019833066475517615
2026-09-30,trend,4,2026-09-25,False,XRPUSDT,1,0.003984207752913141,0.5739424784225385,0.002286706072257261,0.0011433530361286304
2026-09-30,trend,4,2026-09-25,False,ZECUSDT,1,0.00200382221564997,0.5739424784225385,0.0011500786887682862,0.0005750393443841431
2026-09-30,trend,5,2026-09-26,False,1000PEPEUSDT,1,0.002692923155596941,0.5739424784225385,0.0015455829901247517,0.0007727914950623759
2026-09-30,trend,5,2026-09-26,False,ACEUSDT,1,0.000990024739596229,0.5739424784225385,0.000568217252743488,0.000284108626371744
2026-09-30,trend,5,2026-09-26,False,ADAUSDT,1,0.003633556402115925,0.5739424784225385,0.002085452366918496,0.001042726183459248
2026-09-30,trend,5,2026-09-26,False,AKEUSDT,1,0.0004782576748881604,0.5739424784225385,0.00027449239524991145,0.00013724619762495573
2026-09-30,trend,5,2026-09-26,False,BNBUSDT,1,0.007112042986121639,0.5739424784225385,0.004081903578102285,0.0020409517890511426
2026-09-30,trend,5,2026-09-26,False,BTCUSDT,1,0.006754573647313718,0.5739424784225385,0.003876736739826801,0.0019383683699134005
2026-09-30,trend,5,2026-09-26,False,BTWUSDT,1,0.0009333684966512018,0.5739424784225385,0.0005356998282495096,0.0002678499141247548
2026-09-30,trend,5,2026-09-26,False,CYSUSDT,-1,-0.0009474113552981638,0.5739424784225385,-0.0005437596213454844,0.0002718798106727422
2026-09-30,trend,5,2026-09-26,False,DOGEUSDT,1,0.0040455434518412246,0.5739424784225385,0.002321909235315824,0.001160954617657912
2026-09-30,trend,5,2026-09-26,False,ENAUSDT,1,0.002116143577124242,0.5739424784225385,0.0012145446893526237,0.0006072723446763119
2026-09-30,trend,5,2026-09-26,False,ETHUSDT,1,0.004986507649995164,0.5739424784225385,0.002861968559311173,0.0014309842796555864
2026-09-30,trend,5,2026-09-26,False,HYPEUSDT,1,0.0034374144695602164,0.5739424784225385,0.0019728781800248864,0.0009864390900124432
2026-09-30,trend,5,2026-09-26,False,LINKUSDT,1,0.004133632351829031,0.5739424784225385,0.002372467196896341,0.0011862335984481704
2026-09-30,trend,5,2026-09-26,False,PUMPUSDT,-1,-0.002158538736904446,0.5739424784225385,-0.0012388770724299936,0.0006194385362149968
2026-09-30,trend,5,2026-09-26,False,SOLUSDT,1,0.004518410480321685,0.5739424784225385,0.0025933077096062006,0.0012966538548031003
2026-09-30,trend,5,2026-09-26,False,SUIUSDT,1,0.0030106500374417686,0.5739424784225385,0.001727939944152237,0.0008639699720761185
2026-09-30,trend,5,2026-09-26,False,TRUMPUSDT,-1,-0.002471413948057158,0.5739424784225385,-0.001418449446555956,0.000709224723277978
2026-09-30,trend,5,2026-09-26,False,TUTUSDT,-1,-0.0006968306085619996,0.5739424784225385,-0.00039994068651875986,0.00019997034325937993
2026-09-30,trend,5,2026-09-26,False,XRPUSDT,1,0.0040008883283178,0.5739424784225385,0.0022962797630465253,0.0011481398815232626
2026-09-30,trend,5,2026-09-26,False,ZECUSDT,1,0.0020086690578859827,0.5739424784225385,0.0011528604974137464,0.0005764302487068732
2026-09-30,trend,6,2026-09-27,False,1000PEPEUSDT,1,0.0027152717014160784,0.5739424784225385,0.0015584097699013271,0.0007792048849506636
2026-09-30,trend,6,2026-09-27,False,ACEUSDT,1,0.0009966769516376293,0.5739424784225385,0.0005720352398095216,0.0002860176199047608
2026-09-30,trend,6,2026-09-27,False,ADAUSDT,1,0.0036632480180778973,0.5739424784225385,0.0021024936465720806,0.0010512468232860403
2026-09-30,trend,6,2026-09-27,False,AKEUSDT,1,0.0004820133870848964,0.5739424784225385,0.0002766479580163479,0.00013832397900817394
2026-09-30,trend,6,2026-09-27,False,BNBUSDT,1,0.0071640391236568,0.5739424784225385,0.004111746370147614,0.002055873185073807
2026-09-30,trend,6,2026-09-27,False,BTCUSDT,1,0.006810634276845594,0.5739424784225385,0.003908912316482253,0.0019544561582411266
2026-09-30,trend,6,2026-09-27,False,BTWUSDT,1,0.0009258074316614268,0.5739424784225385,0.0005313602118697643,0.00026568010593488214
2026-09-30,trend,6,2026-09-27,False,CYSUSDT,-1,-0.0009542578414431269,0.5739424784225385,-0.0005476891105720101,0.00027384455528600503
2026-09-30,trend,6,2026-09-27,False,DOGEUSDT,1,0.00407904232594538,0.5739424784225385,0.0023411356621435273,0.0011705678310717637
2026-09-30,trend,6,2026-09-27,False,ENAUSDT,1,0.0021333568562009577,0.5739424784225385,0.0012244241214076927,0.0006122120607038464
2026-09-30,trend,6,2026-09-27,False,ETHUSDT,1,0.005027532929915929,0.5739424784225385,0.0028855147101468754,0.0014427573550734377
2026-09-30,trend,6,2026-09-27,False,HYPEUSDT,1,0.0034646785676297927,0.5739424784225385,0.001988526204042894,0.000994263102021447
2026-09-30,trend,6,2026-09-27,False,LINKUSDT,1,0.0041659732741769475,0.5739424784225385,0.0023910290260231747,0.0011955145130115874
2026-09-30,trend,6,2026-09-27,False,PUMPUSDT,1,0.0020714241611266364,0.5739424784225385,0.0011888783169013495,0.0005944391584506748
2026-09-30,trend,6,2026-09-27,False,SOLUSDT,1,0.004555073796235099,0.5739424784225385,0.0026143503440087344,0.0013071751720043672
2026-09-30,trend,6,2026-09-27,False,SUIUSDT,1,0.0029611992536431,0.5739424784225385,0.001699558038738892,0.000849779019369446
2026-09-30,trend,6,2026-09-27,False,TRUMPUSDT,-1,-0.002491777307987881,0.5739424784225385,-0.0014301368438236056,0.0007150684219118028
2026-09-30,trend,6,2026-09-27,False,TUTUSDT,-1,-0.000702231064561064,0.5739424784225385,-0.00040304023761947473,0.00020152011880973737
2026-09-30,trend,6,2026-09-27,False,XRPUSDT,1,0.004032964301959953,0.5739424784225385,0.0023146895268565185,0.0011573447634282592
2026-09-30,trend,6,2026-09-27,False,ZECUSDT,1,0.0020205759693535537,0.5739424784225385,0.0011596943796918018,0.0005798471898459009
2026-09-30,coinbase,0,2026-09-28,False,BTCUSDT,1,0.1370299326769968,0.31343836876340647,0.04295043857003729,0.014316812856679097
2026-09-30,coinbase,1,2026-09-29,False,BTCUSDT,1,0.13815823328735694,0.31343836876340647,0.04330409127282332,0.014434697090941107
2026-09-30,coinbase,2,2026-09-30,True,BTCUSDT,1,0.13930436834626797,0.31343836876340647,0.043663333976070945,0.014554444658690316
2026-09-30,coinbase,3,2026-09-24,False,BTCUSDT,1,0.13294436083343145,0.31343836876340647,0.04166986359592446,0.01388995453197482
2026-09-30,coinbase,4,2026-09-25,False,BTCUSDT,1,0.1340174775130761,0.31343836876340647,0.04200621953748508,0.014002073179161694
2026-09-30,coinbase,5,2026-09-26,False,BTCUSDT,1,0.13509147294627435,0.31343836876340647,0.04234285091412609,0.014114283638042029
2026-09-30,coinbase,6,2026-09-27,False,BTCUSDT,1,0.13621268553691188,0.31343836876340647,0.042694281959572505,0.014231427319857503
2026-10-01,trend,0,2026-09-28,False,1000PEPEUSDT,1,0.0027282624906158873,0.5739424784225385,0.00156586573565133,0.000782932867825665
2026-10-01,trend,0,2026-09-28,False,ACEUSDT,1,0.001003838320492539,0.5739424784225385,0.0005761454535990064,0.0002880727267995032
2026-10-01,trend,0,2026-09-28,False,ADAUSDT,1,0.003676493686093065,0.5739424784225385,0.002110095898101068,0.001055047949050534
2026-10-01,trend,0,2026-09-28,False,AKEUSDT,1,0.0004859803385313702,0.5739424784225385,0.0002789247599613189,0.00013946237998065946
2026-10-01,trend,0,2026-09-28,False,BNBUSDT,1,0.00717285903611755,0.5739424784225385,0.004116808492564808,0.002058404246282404
2026-10-01,trend,0,2026-09-28,False,BTCUSDT,1,0.00685149663384984,0.5739424784225385,0.003932364958935457,0.0019661824794677285
2026-10-01,trend,0,2026-09-28,False,BTWUSDT,1,0.0009323864506431778,0.5739424784225385,0.0005351361903297393,0.0002675680951648697
2026-10-01,trend,0,2026-09-28,False,CYSUSDT,-1,-0.0009604147720286675,0.5739424784225385,-0.0005512228345717508,0.0002756114172858754
2026-10-01,trend,0,2026-09-28,False,DOGEUSDT,1,0.0040892847597169485,0.5739424784225385,0.0023470142299674606,0.0011735071149837303
2026-10-01,trend,0,2026-09-28,False,ENAUSDT,1,0.002139008067801956,0.5739424784225385,0.00122766759180006,0.00061383379590003
2026-10-01,trend,0,2026-09-28,False,ETHUSDT,1,0.005069269845015173,0.5739424784225385,0.002909469298640646,0.001454734649320323
2026-10-01,trend,0,2026-09-28,False,HYPEUSDT,1,0.0034609237451419137,0.5739424784225385,0.001986371151918164,0.000993185575959082
2026-10-01,trend,0,2026-09-28,False,LINKUSDT,1,0.003944027039661972,0.5739424784225385,0.0022636446541090998,0.0011318223270545499
2026-10-01,trend,0,2026-09-28,False,PUMPUSDT,1,0.002082284327581568,0.5739424784225385,0.0011951114277525742,0.0005975557138762871
2026-10-01,trend,0,2026-09-28,False,SOLUSDT,1,0.0045698102917734965,0.5739424784225385,0.0026228082447813045,0.0013114041223906523
2026-10-01,trend,0,2026-09-28,False,SUIUSDT,1,0.002930753579851841,0.5739424784225385,0.0016820839732658928,0.0008410419866329464
2026-10-01,trend,0,2026-09-28,False,TRUMPUSDT,-1,-0.0024952979960262247,0.5739424784225385,-0.0014321575162420852,0.0007160787581210426
2026-10-01,trend,0,2026-09-28,False,TUTUSDT,-1,-0.0007074411107575191,0.5739424784225385,-0.0004060305044461641,0.00020301525222308204
2026-10-01,trend,0,2026-09-28,False,XRPUSDT,1,0.00406224554135082,0.5739424784225385,0.0023314952739637964,0.0011657476369818982
2026-10-01,trend,0,2026-09-28,False,ZECUSDT,1,0.0020240754128549505,0.5739424784225385,0.0011617028589680932,0.0005808514294840466
2026-10-01,trend,1,2026-09-29,False,1000PEPEUSDT,1,0.0027501490992444767,0.5739424784225385,0.001578427390051887,0.0007892136950259435
2026-10-01,trend,1,2026-09-29,False,ACEUSDT,-1,-0.0010118014439054052,0.5739424784225385,-0.0005807158283865713,0.0002903579141932857
2026-10-01,trend,1,2026-09-29,False,ADAUSDT,1,0.00370444709155091,0.5739424784225385,0.0021261395449098937,0.0010630697724549468
2026-10-01,trend,1,2026-09-29,False,AKEUSDT,1,0.0004899059345745421,0.5739424784225385,0.0002811778262836227,0.00014058891314181135
2026-10-01,trend,1,2026-09-29,False,BNBUSDT,1,0.0072261659377527284,0.5739424784225385,0.004147403587806328,0.002073701793903164
2026-10-01,trend,1,2026-09-29,False,BTCUSDT,1,0.006907911664367847,0.5739424784225385,0.0039647439413712455,0.0019823719706856227
2026-10-01,trend,1,2026-09-29,False,BTWUSDT,1,0.0009210867699778449,0.5739424784225385,0.000528650823603295,0.0002643254118016475
2026-10-01,trend,1,2026-09-29,False,CYSUSDT,-1,-0.0009677587547937636,0.5739424784225385,-0.0005554378582414424,0.0002777189291207212
2026-10-01,trend,1,2026-09-29,False,DOGEUSDT,1,0.004123227989522256,0.5739424784225385,0.0023664956914075845,0.0011832478457037923
2026-10-01,trend,1,2026-09-29,False,ENAUSDT,1,0.0021529728105124054,0.5739424784225385,0.0012356825508418284,0.0006178412754209142
2026-10-01,trend,1,2026-09-29,False,ETHUSDT,1,0.005110590400088498,0.5739424784225385,0.002933184920429225,0.0014665924602146126
2026-10-01,trend,1,2026-09-29,False,HYPEUSDT,1,0.00348541667476917,0.5739424784225385,0.0020004286846522605,0.0010002143423261303
2026-10-01,trend,1,2026-09-29,False,LINKUSDT,1,0.0039094835755921365,0.5739424784225385,0.0022438186927275588,0.0011219093463637794
2026-10-01,trend,1,2026-09-29,False,PUMPUSDT,1,0.0019822038824371304,0.5739424784225385,0.0011376710090247447,0.0005688355045123724
2026-10-01,trend,1,2026-09-29,False,SOLUSDT,1,0.004607562167888714,0.5739424784225385,0.002644475650123973,0.0013222378250619866
2026-10-01,trend,1,2026-09-29,False,SUIUSDT,1,0.0029534803398343994,0.5739424784225385,0.0016951278262167966,0.0008475639131083983
2026-10-01,trend,1,2026-09-29,False,TRUMPUSDT,-1,-0.0025155440572114983,0.5739424784225385,-0.0014437775907770554,0.0007218887953885277
2026-10-01,trend,1,2026-09-29,False,TUTUSDT,-1,-0.0007132819888661289,0.5739424784225385,-0.0004093828325039836,0.0002046914162519918
2026-10-01,trend,1,2026-09-29,False,XRPUSDT,1,0.004095550215576792,0.5739424784225385,0.0023506102412321063,0.0011753051206160531
2026-10-01,trend,1,2026-09-29,False,ZECUSDT,1,0.0020347214966074797,0.5739424784225385,0.0011678130986625137,0.0005839065493312568
2026-10-01,trend,2,2026-09-30,False,1000PEPEUSDT,1,0.0027727411791122585,0.5739424784225385,0.0015913939443639215,0.0007956969721819607
2026-10-01,trend,2,2026-09-30,False,ACEUSDT,1,0.00101967877633026,0.5739424784225385,0.0005852369640818507,0.0002926184820409254
2026-10-01,trend,2,2026-09-30,False,ADAUSDT,1,0.0037335077693614223,0.5739424784225385,0.002142818702357098,0.001071409351178549
2026-10-01,trend,2,2026-09-30,False,AKEUSDT,1,0.0004939006125804023,0.5739424784225385,0.0002834705416788061,0.00014173527083940305
2026-10-01,trend,2,2026-09-30,False,BNBUSDT,1,0.007259026789829293,0.5739424784225385,0.004166263826690228,0.002083131913345114
2026-10-01,trend,2,2026-09-30,False,BTCUSDT,1,0.006965218417313399,0.5739424784225385,0.003997634721187164,0.001998817360593582
2026-10-01,trend,2,2026-09-30,False,BTWUSDT,1,0.0009293720787367542,0.5739424784225385,0.0005334061142468794,0.0002667030571234397
2026-10-01,trend,2,2026-09-30,False,CYSUSDT,-1,-0.0009757934765390492,0.5739424784225385,-0.0005600493263533671,0.00028002466317668357
2026-10-01,trend,2,2026-09-30,False,DOGEUSDT,1,0.004156194335363847,0.5739424784225385,0.002385416477644442,0.001192708238822221
2026-10-01,trend,2,2026-09-30,False,ENAUSDT,1,0.002154670724463748,0.5739424784225385,0.0012366570557832102,0.0006183285278916051
2026-10-01,trend,2,2026-09-30,False,ETHUSDT,1,0.005152597284109625,0.5739424784225385,0.002957294455555119,0.0014786472277775594
2026-10-01,trend,2,2026-09-30,False,HYPEUSDT,1,0.003462980368221726,0.5739424784225385,0.001987551535265773,0.0009937757676328864
2026-10-01,trend,2,2026-09-30,False,LINKUSDT,1,0.003935933056199434,0.5739424784225385,0.0022589991731802998,0.0011294995865901499
2026-10-01,trend,2,2026-09-30,False,PUMPUSDT,1,0.0019985422279677413,0.5739424784225385,0.0011470482795519076,0.0005735241397759538
2026-10-01,trend,2,2026-09-30,False,SOLUSDT,1,0.004643011387634065,0.5739424784225385,0.002664821463162765,0.0013324107315813825
2026-10-01,trend,2,2026-09-30,False,SUIUSDT,1,0.002977000619289756,0.5739424784225385,0.0017086271137005946,0.0008543135568502973
2026-10-01,trend,2,2026-09-30,False,TRUMPUSDT,-1,-0.002535442487312665,0.5739424784225385,-0.0014551981450660369,0.0007275990725330184
2026-10-01,trend,2,2026-09-30,False,TUTUSDT,-1,-0.0007190340380312075,0.5739424784225385,-0.0004126841778577971,0.00020634208892889854
2026-10-01,trend,2,2026-09-30,False,XRPUSDT,1,0.004129542494813413,0.5739424784225385,0.0023701198542244034,0.0011850599271122017
2026-10-01,trend,2,2026-09-30,False,ZECUSDT,1,0.0020508964648259923,0.5739424784225385,0.0011770966000102527,0.0005885483000051264
2026-10-01,trend,3,2026-10-01,True,1000PEPEUSDT,1,0.0027850786281247036,0.5739424784225385,0.001598474930427536,0.000799237465213768
2026-10-01,trend,3,2026-10-01,True,AKEUSDT,1,0.0004979984285271062,0.5739424784225385,0.00028582245231937675,0.00014291122615968838
2026-10-01,trend,3,2026-10-01,True,ARBUSDT,1,0.0020000893260816886,0.5739424784225385,0.0011479362248777891,0.0005739681124388946
2026-10-01,trend,3,2026-10-01,True,BNBUSDT,1,0.007317867681313708,0.5739424784225385,0.004200035113781385,0.0021000175568906924
2026-10-01,trend,3,2026-10-01,True,BTCUSDT,1,0.006994683208960258,0.5739424784225385,0.004014545816731166,0.002007272908365583
2026-10-01,trend,3,2026-10-01,True,DOGEUSDT,1,0.004190610001355496,0.5739424784225385,0.0024051690902802507,0.0012025845451401253
2026-10-01,trend,3,2026-10-01,True,ENAUSDT,1,0.0021477749436826345,0.5739424784225385,0.0012326992742710393,0.0006163496371355197
2026-10-01,trend,3,2026-10-01,True,ETHUSDT,1,0.0051924118610533485,0.5739424784225385,0.0029801457325235444,0.0014900728662617722
2026-10-01,trend,3,2026-10-01,True,HYPEUSDT,1,0.0034708507800029404,0.5739424784225385,0.001992068698909689,0.0009960343494548444
2026-10-01,trend,3,2026-10-01,True,LINKUSDT,1,0.003968575400875074,0.5739424784225385,0.0022777340013849594,0.0011388670006924797
2026-10-01,trend,3,2026-10-01,True,LSKUSDT,1,0.0006502976587903619,0.5739424784225385,0.0003732334499985146,0.0001866167249992573
2026-10-01,trend,3,2026-10-01,True,NEARUSDT,1,0.0023319961481453716,0.5739424784225385,0.001338431648938368,0.000669215824469184
2026-10-01,trend,3,2026-10-01,True,PUMPUSDT,1,0.0020142661261569545,0.5739424784225385,0.001156072892649088,0.000578036446324544
2026-10-01,trend,3,2026-10-01,True,QNTUSDT,1,0.0010585043476953567,0.5739424784225385,0.0006075206087373055,0.00030376030436865276
2026-10-01,trend,3,2026-10-01,True,SOLUSDT,1,0.004681328727004685,0.5739424784225385,0.0026868134118876964,0.0013434067059438482
2026-10-01,trend,3,2026-10-01,True,SUIUSDT,1,0.0030004584612314433,0.5739424784225385,0.0017220905656430508,0.0008610452828215254
2026-10-01,trend,3,2026-10-01,True,UNIUSDT,1,0.002679134006485041,0.5739424784225385,0.0015376688117081298,0.0007688344058540649
2026-10-01,trend,3,2026-10-01,True,WLDUSDT,1,0.002272733589787269,0.5739424784225385,0.0013044183493166582,0.0006522091746583291
2026-10-01,trend,3,2026-10-01,True,XRPUSDT,1,0.004163582584621914,0.5739424784225385,0.00238965690773482,0.00119482845386741
2026-10-01,trend,3,2026-10-01,True,ZECUSDT,1,0.002051596816713163,0.5739424784225385,0.0011774985617081432,0.0005887492808540716
2026-10-01,trend,4,2026-09-25,False,1000PEPEUSDT,1,0.0026762688238898594,0.5739424784225385,0.0015360243617083182,0.0007680121808541591
2026-10-01,trend,4,2026-09-25,False,ACEUSDT,-1,-0.0009839331972641904,0.5739424784225385,-0.000564721057840022,0.000282360528920011
2026-10-01,trend,4,2026-09-25,False,ADAUSDT,1,0.003609918714947522,0.5739424784225385,0.002071885694160886,0.001035942847080443
2026-10-01,trend,4,2026-09-25,False,AKEUSDT,1,0.00047433303230178116,0.5739424784225385,0.0002722398761569623,0.00013611993807848116
2026-10-01,trend,4,2026-09-25,False,BNBUSDT,1,0.0070565961524192205,0.5739424784225385,0.004050080284946437,0.0020250401424732186
2026-10-01,trend,4,2026-09-25,False,BTCUSDT,1,0.006700873875653805,0.5739424784225385,0.003845916159789586,0.001922958079894793
2026-10-01,trend,4,2026-09-25,False,BTWUSDT,1,0.0009447267780314251,0.5739424784225385,0.0005422188284154955,0.00027110941420774775
2026-10-01,trend,4,2026-09-25,False,CYSUSDT,-1,-0.0009398947991867717,0.5739424784225385,-0.0005394455505017099,0.00026972277525085496
2026-10-01,trend,4,2026-09-25,False,DOGEUSDT,1,0.004024857747824757,0.5739424784225385,0.0023100368310846973,0.0011550184155423486
2026-10-01,trend,4,2026-09-25,False,ENAUSDT,1,0.0020988432080882116,0.5739424784225385,0.00120461527267046,0.00060230763633523
2026-10-01,trend,4,2026-09-25,False,ETHUSDT,1,0.004945572567565881,0.5739424784225385,0.0028384741766472794,0.0014192370883236397
2026-10-01,trend,4,2026-09-25,False,HYPEUSDT,1,0.0034091542456663355,0.5739424784225385,0.0019566584370824566,0.0009783292185412283
2026-10-01,trend,4,2026-09-25,False,LINKUSDT,1,0.0041056212500320466,0.5739424784225385,0.0023563904357076335,0.0011781952178538167
2026-10-01,trend,4,2026-09-25,False,PUMPUSDT,-1,-0.0021490442847718425,0.5739424784225385,-0.001233427803041743,0.0006167139015208715
2026-10-01,trend,4,2026-09-25,False,SOLUSDT,1,0.004482508416565717,0.5739424784225385,0.002572701990153617,0.0012863509950768084
2026-10-01,trend,4,2026-09-25,False,SUIUSDT,1,0.0029929661271175315,0.5739424784225385,0.0017177903968325426,0.0008588951984162713
2026-10-01,trend,4,2026-09-25,False,TRUMPUSDT,-1,-0.0024511644015132324,0.5739424784225385,-0.001406827371625603,0.0007034136858128015
2026-10-01,trend,4,2026-09-25,False,TUTUSDT,-1,-0.0006911168704581032,0.5739424784225385,-0.0003966613295103523,0.00019833066475517615
2026-10-01,trend,4,2026-09-25,False,XRPUSDT,1,0.003984207752913141,0.5739424784225385,0.002286706072257261,0.0011433530361286304
2026-10-01,trend,4,2026-09-25,False,ZECUSDT,1,0.00200382221564997,0.5739424784225385,0.0011500786887682862,0.0005750393443841431
2026-10-01,trend,5,2026-09-26,False,1000PEPEUSDT,1,0.002692923155596941,0.5739424784225385,0.0015455829901247517,0.0007727914950623759
2026-10-01,trend,5,2026-09-26,False,ACEUSDT,1,0.000990024739596229,0.5739424784225385,0.000568217252743488,0.000284108626371744
2026-10-01,trend,5,2026-09-26,False,ADAUSDT,1,0.003633556402115925,0.5739424784225385,0.002085452366918496,0.001042726183459248
2026-10-01,trend,5,2026-09-26,False,AKEUSDT,1,0.0004782576748881604,0.5739424784225385,0.00027449239524991145,0.00013724619762495573
2026-10-01,trend,5,2026-09-26,False,BNBUSDT,1,0.007112042986121639,0.5739424784225385,0.004081903578102285,0.0020409517890511426
2026-10-01,trend,5,2026-09-26,False,BTCUSDT,1,0.006754573647313718,0.5739424784225385,0.003876736739826801,0.0019383683699134005
2026-10-01,trend,5,2026-09-26,False,BTWUSDT,1,0.0009333684966512018,0.5739424784225385,0.0005356998282495096,0.0002678499141247548
2026-10-01,trend,5,2026-09-26,False,CYSUSDT,-1,-0.0009474113552981638,0.5739424784225385,-0.0005437596213454844,0.0002718798106727422
2026-10-01,trend,5,2026-09-26,False,DOGEUSDT,1,0.0040455434518412246,0.5739424784225385,0.002321909235315824,0.001160954617657912
2026-10-01,trend,5,2026-09-26,False,ENAUSDT,1,0.002116143577124242,0.5739424784225385,0.0012145446893526237,0.0006072723446763119
2026-10-01,trend,5,2026-09-26,False,ETHUSDT,1,0.004986507649995164,0.5739424784225385,0.002861968559311173,0.0014309842796555864
2026-10-01,trend,5,2026-09-26,False,HYPEUSDT,1,0.0034374144695602164,0.5739424784225385,0.0019728781800248864,0.0009864390900124432
2026-10-01,trend,5,2026-09-26,False,LINKUSDT,1,0.004133632351829031,0.5739424784225385,0.002372467196896341,0.0011862335984481704
2026-10-01,trend,5,2026-09-26,False,PUMPUSDT,-1,-0.002158538736904446,0.5739424784225385,-0.0012388770724299936,0.0006194385362149968
2026-10-01,trend,5,2026-09-26,False,SOLUSDT,1,0.004518410480321685,0.5739424784225385,0.0025933077096062006,0.0012966538548031003
2026-10-01,trend,5,2026-09-26,False,SUIUSDT,1,0.0030106500374417686,0.5739424784225385,0.001727939944152237,0.0008639699720761185
2026-10-01,trend,5,2026-09-26,False,TRUMPUSDT,-1,-0.002471413948057158,0.5739424784225385,-0.001418449446555956,0.000709224723277978
2026-10-01,trend,5,2026-09-26,False,TUTUSDT,-1,-0.0006968306085619996,0.5739424784225385,-0.00039994068651875986,0.00019997034325937993
2026-10-01,trend,5,2026-09-26,False,XRPUSDT,1,0.0040008883283178,0.5739424784225385,0.0022962797630465253,0.0011481398815232626
2026-10-01,trend,5,2026-09-26,False,ZECUSDT,1,0.0020086690578859827,0.5739424784225385,0.0011528604974137464,0.0005764302487068732
2026-10-01,trend,6,2026-09-27,False,1000PEPEUSDT,1,0.0027152717014160784,0.5739424784225385,0.0015584097699013271,0.0007792048849506636
2026-10-01,trend,6,2026-09-27,False,ACEUSDT,1,0.0009966769516376293,0.5739424784225385,0.0005720352398095216,0.0002860176199047608
2026-10-01,trend,6,2026-09-27,False,ADAUSDT,1,0.0036632480180778973,0.5739424784225385,0.0021024936465720806,0.0010512468232860403
2026-10-01,trend,6,2026-09-27,False,AKEUSDT,1,0.0004820133870848964,0.5739424784225385,0.0002766479580163479,0.00013832397900817394
2026-10-01,trend,6,2026-09-27,False,BNBUSDT,1,0.0071640391236568,0.5739424784225385,0.004111746370147614,0.002055873185073807
2026-10-01,trend,6,2026-09-27,False,BTCUSDT,1,0.006810634276845594,0.5739424784225385,0.003908912316482253,0.0019544561582411266
2026-10-01,trend,6,2026-09-27,False,BTWUSDT,1,0.0009258074316614268,0.5739424784225385,0.0005313602118697643,0.00026568010593488214
2026-10-01,trend,6,2026-09-27,False,CYSUSDT,-1,-0.0009542578414431269,0.5739424784225385,-0.0005476891105720101,0.00027384455528600503
2026-10-01,trend,6,2026-09-27,False,DOGEUSDT,1,0.00407904232594538,0.5739424784225385,0.0023411356621435273,0.0011705678310717637
2026-10-01,trend,6,2026-09-27,False,ENAUSDT,1,0.0021333568562009577,0.5739424784225385,0.0012244241214076927,0.0006122120607038464
2026-10-01,trend,6,2026-09-27,False,ETHUSDT,1,0.005027532929915929,0.5739424784225385,0.0028855147101468754,0.0014427573550734377
2026-10-01,trend,6,2026-09-27,False,HYPEUSDT,1,0.0034646785676297927,0.5739424784225385,0.001988526204042894,0.000994263102021447
2026-10-01,trend,6,2026-09-27,False,LINKUSDT,1,0.0041659732741769475,0.5739424784225385,0.0023910290260231747,0.0011955145130115874
2026-10-01,trend,6,2026-09-27,False,PUMPUSDT,1,0.0020714241611266364,0.5739424784225385,0.0011888783169013495,0.0005944391584506748
2026-10-01,trend,6,2026-09-27,False,SOLUSDT,1,0.004555073796235099,0.5739424784225385,0.0026143503440087344,0.0013071751720043672
2026-10-01,trend,6,2026-09-27,False,SUIUSDT,1,0.0029611992536431,0.5739424784225385,0.001699558038738892,0.000849779019369446
2026-10-01,trend,6,2026-09-27,False,TRUMPUSDT,-1,-0.002491777307987881,0.5739424784225385,-0.0014301368438236056,0.0007150684219118028
2026-10-01,trend,6,2026-09-27,False,TUTUSDT,-1,-0.000702231064561064,0.5739424784225385,-0.00040304023761947473,0.00020152011880973737
2026-10-01,trend,6,2026-09-27,False,XRPUSDT,1,0.004032964301959953,0.5739424784225385,0.0023146895268565185,0.0011573447634282592
2026-10-01,trend,6,2026-09-27,False,ZECUSDT,1,0.0020205759693535537,0.5739424784225385,0.0011596943796918018,0.0005798471898459009
2026-10-01,coinbase,0,2026-09-28,False,BTCUSDT,1,0.1370299326769968,0.31343836876340647,0.04295043857003729,0.014316812856679097
2026-10-01,coinbase,1,2026-09-29,False,BTCUSDT,1,0.13815823328735694,0.31343836876340647,0.04330409127282332,0.014434697090941107
2026-10-01,coinbase,2,2026-09-30,False,BTCUSDT,1,0.13930436834626797,0.31343836876340647,0.043663333976070945,0.014554444658690316
2026-10-01,coinbase,3,2026-10-01,True,BTCUSDT,1,0.13989366417920515,0.31343836876340647,0.04384804190066585,0.014616013966888617
2026-10-01,coinbase,4,2026-09-25,False,BTCUSDT,1,0.1340174775130761,0.31343836876340647,0.04200621953748508,0.014002073179161694
2026-10-01,coinbase,5,2026-09-26,False,BTCUSDT,1,0.13509147294627435,0.31343836876340647,0.04234285091412609,0.014114283638042029
2026-10-01,coinbase,6,2026-09-27,False,BTCUSDT,1,0.13621268553691188,0.31343836876340647,0.042694281959572505,0.014231427319857503
2026-10-02,trend,0,2026-09-28,False,1000PEPEUSDT,1,0.0027282624906158873,0.5739424784225385,0.00156586573565133,0.000782932867825665
2026-10-02,trend,0,2026-09-28,False,ACEUSDT,1,0.001003838320492539,0.5739424784225385,0.0005761454535990064,0.0002880727267995032
2026-10-02,trend,0,2026-09-28,False,ADAUSDT,1,0.003676493686093065,0.5739424784225385,0.002110095898101068,0.001055047949050534
2026-10-02,trend,0,2026-09-28,False,AKEUSDT,1,0.0004859803385313702,0.5739424784225385,0.0002789247599613189,0.00013946237998065946
2026-10-02,trend,0,2026-09-28,False,BNBUSDT,1,0.00717285903611755,0.5739424784225385,0.004116808492564808,0.002058404246282404
2026-10-02,trend,0,2026-09-28,False,BTCUSDT,1,0.00685149663384984,0.5739424784225385,0.003932364958935457,0.0019661824794677285
2026-10-02,trend,0,2026-09-28,False,BTWUSDT,1,0.0009323864506431778,0.5739424784225385,0.0005351361903297393,0.0002675680951648697
2026-10-02,trend,0,2026-09-28,False,CYSUSDT,-1,-0.0009604147720286675,0.5739424784225385,-0.0005512228345717508,0.0002756114172858754
2026-10-02,trend,0,2026-09-28,False,DOGEUSDT,1,0.0040892847597169485,0.5739424784225385,0.0023470142299674606,0.0011735071149837303
2026-10-02,trend,0,2026-09-28,False,ENAUSDT,1,0.002139008067801956,0.5739424784225385,0.00122766759180006,0.00061383379590003
2026-10-02,trend,0,2026-09-28,False,ETHUSDT,1,0.005069269845015173,0.5739424784225385,0.002909469298640646,0.001454734649320323
2026-10-02,trend,0,2026-09-28,False,HYPEUSDT,1,0.0034609237451419137,0.5739424784225385,0.001986371151918164,0.000993185575959082
2026-10-02,trend,0,2026-09-28,False,LINKUSDT,1,0.003944027039661972,0.5739424784225385,0.0022636446541090998,0.0011318223270545499
2026-10-02,trend,0,2026-09-28,False,PUMPUSDT,1,0.002082284327581568,0.5739424784225385,0.0011951114277525742,0.0005975557138762871
2026-10-02,trend,0,2026-09-28,False,SOLUSDT,1,0.0045698102917734965,0.5739424784225385,0.0026228082447813045,0.0013114041223906523
2026-10-02,trend,0,2026-09-28,False,SUIUSDT,1,0.002930753579851841,0.5739424784225385,0.0016820839732658928,0.0008410419866329464
2026-10-02,trend,0,2026-09-28,False,TRUMPUSDT,-1,-0.0024952979960262247,0.5739424784225385,-0.0014321575162420852,0.0007160787581210426
2026-10-02,trend,0,2026-09-28,False,TUTUSDT,-1,-0.0007074411107575191,0.5739424784225385,-0.0004060305044461641,0.00020301525222308204
2026-10-02,trend,0,2026-09-28,False,XRPUSDT,1,0.00406224554135082,0.5739424784225385,0.0023314952739637964,0.0011657476369818982
2026-10-02,trend,0,2026-09-28,False,ZECUSDT,1,0.0020240754128549505,0.5739424784225385,0.0011617028589680932,0.0005808514294840466
2026-10-02,trend,1,2026-09-29,False,1000PEPEUSDT,1,0.0027501490992444767,0.5739424784225385,0.001578427390051887,0.0007892136950259435
2026-10-02,trend,1,2026-09-29,False,ACEUSDT,-1,-0.0010118014439054052,0.5739424784225385,-0.0005807158283865713,0.0002903579141932857
2026-10-02,trend,1,2026-09-29,False,ADAUSDT,1,0.00370444709155091,0.5739424784225385,0.0021261395449098937,0.0010630697724549468
2026-10-02,trend,1,2026-09-29,False,AKEUSDT,1,0.0004899059345745421,0.5739424784225385,0.0002811778262836227,0.00014058891314181135
2026-10-02,trend,1,2026-09-29,False,BNBUSDT,1,0.0072261659377527284,0.5739424784225385,0.004147403587806328,0.002073701793903164
2026-10-02,trend,1,2026-09-29,False,BTCUSDT,1,0.006907911664367847,0.5739424784225385,0.0039647439413712455,0.0019823719706856227
2026-10-02,trend,1,2026-09-29,False,BTWUSDT,1,0.0009210867699778449,0.5739424784225385,0.000528650823603295,0.0002643254118016475
2026-10-02,trend,1,2026-09-29,False,CYSUSDT,-1,-0.0009677587547937636,0.5739424784225385,-0.0005554378582414424,0.0002777189291207212
2026-10-02,trend,1,2026-09-29,False,DOGEUSDT,1,0.004123227989522256,0.5739424784225385,0.0023664956914075845,0.0011832478457037923
2026-10-02,trend,1,2026-09-29,False,ENAUSDT,1,0.0021529728105124054,0.5739424784225385,0.0012356825508418284,0.0006178412754209142
2026-10-02,trend,1,2026-09-29,False,ETHUSDT,1,0.005110590400088498,0.5739424784225385,0.002933184920429225,0.0014665924602146126
2026-10-02,trend,1,2026-09-29,False,HYPEUSDT,1,0.00348541667476917,0.5739424784225385,0.0020004286846522605,0.0010002143423261303
2026-10-02,trend,1,2026-09-29,False,LINKUSDT,1,0.0039094835755921365,0.5739424784225385,0.0022438186927275588,0.0011219093463637794
2026-10-02,trend,1,2026-09-29,False,PUMPUSDT,1,0.0019822038824371304,0.5739424784225385,0.0011376710090247447,0.0005688355045123724
2026-10-02,trend,1,2026-09-29,False,SOLUSDT,1,0.004607562167888714,0.5739424784225385,0.002644475650123973,0.0013222378250619866
2026-10-02,trend,1,2026-09-29,False,SUIUSDT,1,0.0029534803398343994,0.5739424784225385,0.0016951278262167966,0.0008475639131083983
2026-10-02,trend,1,2026-09-29,False,TRUMPUSDT,-1,-0.0025155440572114983,0.5739424784225385,-0.0014437775907770554,0.0007218887953885277
2026-10-02,trend,1,2026-09-29,False,TUTUSDT,-1,-0.0007132819888661289,0.5739424784225385,-0.0004093828325039836,0.0002046914162519918
2026-10-02,trend,1,2026-09-29,False,XRPUSDT,1,0.004095550215576792,0.5739424784225385,0.0023506102412321063,0.0011753051206160531
2026-10-02,trend,1,2026-09-29,False,ZECUSDT,1,0.0020347214966074797,0.5739424784225385,0.0011678130986625137,0.0005839065493312568
2026-10-02,trend,2,2026-09-30,False,1000PEPEUSDT,1,0.0027727411791122585,0.5739424784225385,0.0015913939443639215,0.0007956969721819607
2026-10-02,trend,2,2026-09-30,False,ACEUSDT,1,0.00101967877633026,0.5739424784225385,0.0005852369640818507,0.0002926184820409254
2026-10-02,trend,2,2026-09-30,False,ADAUSDT,1,0.0037335077693614223,0.5739424784225385,0.002142818702357098,0.001071409351178549
2026-10-02,trend,2,2026-09-30,False,AKEUSDT,1,0.0004939006125804023,0.5739424784225385,0.0002834705416788061,0.00014173527083940305
2026-10-02,trend,2,2026-09-30,False,BNBUSDT,1,0.007259026789829293,0.5739424784225385,0.004166263826690228,0.002083131913345114
2026-10-02,trend,2,2026-09-30,False,BTCUSDT,1,0.006965218417313399,0.5739424784225385,0.003997634721187164,0.001998817360593582
2026-10-02,trend,2,2026-09-30,False,BTWUSDT,1,0.0009293720787367542,0.5739424784225385,0.0005334061142468794,0.0002667030571234397
2026-10-02,trend,2,2026-09-30,False,CYSUSDT,-1,-0.0009757934765390492,0.5739424784225385,-0.0005600493263533671,0.00028002466317668357
2026-10-02,trend,2,2026-09-30,False,DOGEUSDT,1,0.004156194335363847,0.5739424784225385,0.002385416477644442,0.001192708238822221
2026-10-02,trend,2,2026-09-30,False,ENAUSDT,1,0.002154670724463748,0.5739424784225385,0.0012366570557832102,0.0006183285278916051
2026-10-02,trend,2,2026-09-30,False,ETHUSDT,1,0.005152597284109625,0.5739424784225385,0.002957294455555119,0.0014786472277775594
2026-10-02,trend,2,2026-09-30,False,HYPEUSDT,1,0.003462980368221726,0.5739424784225385,0.001987551535265773,0.0009937757676328864
2026-10-02,trend,2,2026-09-30,False,LINKUSDT,1,0.003935933056199434,0.5739424784225385,0.0022589991731802998,0.0011294995865901499
2026-10-02,trend,2,2026-09-30,False,PUMPUSDT,1,0.0019985422279677413,0.5739424784225385,0.0011470482795519076,0.0005735241397759538
2026-10-02,trend,2,2026-09-30,False,SOLUSDT,1,0.004643011387634065,0.5739424784225385,0.002664821463162765,0.0013324107315813825
2026-10-02,trend,2,2026-09-30,False,SUIUSDT,1,0.002977000619289756,0.5739424784225385,0.0017086271137005946,0.0008543135568502973
2026-10-02,trend,2,2026-09-30,False,TRUMPUSDT,-1,-0.002535442487312665,0.5739424784225385,-0.0014551981450660369,0.0007275990725330184
2026-10-02,trend,2,2026-09-30,False,TUTUSDT,-1,-0.0007190340380312075,0.5739424784225385,-0.0004126841778577971,0.00020634208892889854
2026-10-02,trend,2,2026-09-30,False,XRPUSDT,1,0.004129542494813413,0.5739424784225385,0.0023701198542244034,0.0011850599271122017
2026-10-02,trend,2,2026-09-30,False,ZECUSDT,1,0.0020508964648259923,0.5739424784225385,0.0011770966000102527,0.0005885483000051264
2026-10-02,trend,3,2026-10-01,False,1000PEPEUSDT,1,0.0027850786281247036,0.5739424784225385,0.001598474930427536,0.000799237465213768
2026-10-02,trend,3,2026-10-01,False,AKEUSDT,1,0.0004979984285271062,0.5739424784225385,0.00028582245231937675,0.00014291122615968838
2026-10-02,trend,3,2026-10-01,False,ARBUSDT,1,0.0020000893260816886,0.5739424784225385,0.0011479362248777891,0.0005739681124388946
2026-10-02,trend,3,2026-10-01,False,BNBUSDT,1,0.007317867681313708,0.5739424784225385,0.004200035113781385,0.0021000175568906924
2026-10-02,trend,3,2026-10-01,False,BTCUSDT,1,0.006994683208960258,0.5739424784225385,0.004014545816731166,0.002007272908365583
2026-10-02,trend,3,2026-10-01,False,DOGEUSDT,1,0.004190610001355496,0.5739424784225385,0.0024051690902802507,0.0012025845451401253
2026-10-02,trend,3,2026-10-01,False,ENAUSDT,1,0.0021477749436826345,0.5739424784225385,0.0012326992742710393,0.0006163496371355197
2026-10-02,trend,3,2026-10-01,False,ETHUSDT,1,0.0051924118610533485,0.5739424784225385,0.0029801457325235444,0.0014900728662617722
2026-10-02,trend,3,2026-10-01,False,HYPEUSDT,1,0.0034708507800029404,0.5739424784225385,0.001992068698909689,0.0009960343494548444
2026-10-02,trend,3,2026-10-01,False,LINKUSDT,1,0.003968575400875074,0.5739424784225385,0.0022777340013849594,0.0011388670006924797
2026-10-02,trend,3,2026-10-01,False,LSKUSDT,1,0.0006502976587903619,0.5739424784225385,0.0003732334499985146,0.0001866167249992573
2026-10-02,trend,3,2026-10-01,False,NEARUSDT,1,0.0023319961481453716,0.5739424784225385,0.001338431648938368,0.000669215824469184
2026-10-02,trend,3,2026-10-01,False,PUMPUSDT,1,0.0020142661261569545,0.5739424784225385,0.001156072892649088,0.000578036446324544
2026-10-02,trend,3,2026-10-01,False,QNTUSDT,1,0.0010585043476953567,0.5739424784225385,0.0006075206087373055,0.00030376030436865276
2026-10-02,trend,3,2026-10-01,False,SOLUSDT,1,0.004681328727004685,0.5739424784225385,0.0026868134118876964,0.0013434067059438482
2026-10-02,trend,3,2026-10-01,False,SUIUSDT,1,0.0030004584612314433,0.5739424784225385,0.0017220905656430508,0.0008610452828215254
2026-10-02,trend,3,2026-10-01,False,UNIUSDT,1,0.002679134006485041,0.5739424784225385,0.0015376688117081298,0.0007688344058540649
2026-10-02,trend,3,2026-10-01,False,WLDUSDT,1,0.002272733589787269,0.5739424784225385,0.0013044183493166582,0.0006522091746583291
2026-10-02,trend,3,2026-10-01,False,XRPUSDT,1,0.004163582584621914,0.5739424784225385,0.00238965690773482,0.00119482845386741
2026-10-02,trend,3,2026-10-01,False,ZECUSDT,1,0.002051596816713163,0.5739424784225385,0.0011774985617081432,0.0005887492808540716
2026-10-02,trend,4,2026-10-02,True,1000PEPEUSDT,1,0.0027948067517350916,0.5739424784225385,0.0016040583138028828,0.0008020291569014414
2026-10-02,trend,4,2026-10-02,True,AKEUSDT,1,0.0005021046500662724,0.5739424784225385,0.0002881791872865178,0.0001440895936432589
2026-10-02,trend,4,2026-10-02,True,ARBUSDT,1,0.002015541872263338,0.5739424784225385,0.0011568050975312239,0.0005784025487656119
2026-10-02,trend,4,2026-10-02,True,BNBUSDT,1,0.007375506160212806,0.5739424784225385,0.004233116285213239,0.0021165581426066194
2026-10-02,trend,4,2026-10-02,True,BTCUSDT,1,0.007050601273478245,0.5739424784225385,0.00404663956926921,0.002023319784634605
2026-10-02,trend,4,2026-10-02,True,DOGEUSDT,1,0.00421896804946634,0.5739424784225385,0.0024214449786962144,0.0012107224893481072
2026-10-02,trend,4,2026-10-02,True,ENAUSDT,1,0.0021582225680748172,0.5739424784225385,0.0012386956097083165,0.0006193478048541583
2026-10-02,trend,4,2026-10-02,True,ETHUSDT,1,0.005225284406342986,0.5739424784225385,0.0029990126826391367,0.0014995063413195684
2026-10-02,trend,4,2026-10-02,True,HYPEUSDT,1,0.0034952378877031306,0.5739424784225385,0.0020060654959446933,0.0010030327479723467
2026-10-02,trend,4,2026-10-02,True,LINKUSDT,1,0.003962663326773132,0.5739424784225385,0.002274340810922273,0.0011371704054611365
2026-10-02,trend,4,2026-10-02,True,LSKUSDT,1,0.000655632512161833,0.5739424784225385,0.00037629534896455757,0.00018814767448227878
2026-10-02,trend,4,2026-10-02,True,NEARUSDT,1,0.00234872162571918,0.5739424784225385,0.00134803111098988,0.00067401555549494
2026-10-02,trend,4,2026-10-02,True,PUMPUSDT,1,0.0020135133353549736,0.5739424784225385,0.0011556408340304654,0.0005778204170152327
2026-10-02,trend,4,2026-10-02,True,QNTUSDT,1,0.0010672778406049907,0.5739424784225385,0.0006125560890022834,0.0003062780445011417
2026-10-02,trend,4,2026-10-02,True,SOLUSDT,1,0.0047200577028989705,0.5739424784225385,0.0027090416162992292,0.0013545208081496146
2026-10-02,trend,4,2026-10-02,True,SUIUSDT,1,0.003018255005441836,0.5739424784225385,0.0017323047583345198,0.0008661523791672599
2026-10-02,trend,4,2026-10-02,True,UNIUSDT,1,0.002701288794116688,0.5739424784225385,0.0015503843854303622,0.0007751921927151811
2026-10-02,trend,4,2026-10-02,True,WLDUSDT,1,0.00224815428556236,0.5739424784225385,0.0012903112425319122,0.0006451556212659561
2026-10-02,trend,4,2026-10-02,True,XRPUSDT,1,0.004197003265246411,0.5739424784225385,0.002408838456003012,0.001204419228001506
2026-10-02,trend,4,2026-10-02,True,ZECUSDT,1,0.0020665055991815626,0.5739424784225385,0.001186055345268319,0.0005930276726341595
2026-10-02,trend,5,2026-09-26,False,1000PEPEUSDT,1,0.002692923155596941,0.5739424784225385,0.0015455829901247517,0.0007727914950623759
2026-10-02,trend,5,2026-09-26,False,ACEUSDT,1,0.000990024739596229,0.5739424784225385,0.000568217252743488,0.000284108626371744
2026-10-02,trend,5,2026-09-26,False,ADAUSDT,1,0.003633556402115925,0.5739424784225385,0.002085452366918496,0.001042726183459248
2026-10-02,trend,5,2026-09-26,False,AKEUSDT,1,0.0004782576748881604,0.5739424784225385,0.00027449239524991145,0.00013724619762495573
2026-10-02,trend,5,2026-09-26,False,BNBUSDT,1,0.007112042986121639,0.5739424784225385,0.004081903578102285,0.0020409517890511426
2026-10-02,trend,5,2026-09-26,False,BTCUSDT,1,0.006754573647313718,0.5739424784225385,0.003876736739826801,0.0019383683699134005
2026-10-02,trend,5,2026-09-26,False,BTWUSDT,1,0.0009333684966512018,0.5739424784225385,0.0005356998282495096,0.0002678499141247548
2026-10-02,trend,5,2026-09-26,False,CYSUSDT,-1,-0.0009474113552981638,0.5739424784225385,-0.0005437596213454844,0.0002718798106727422
2026-10-02,trend,5,2026-09-26,False,DOGEUSDT,1,0.0040455434518412246,0.5739424784225385,0.002321909235315824,0.001160954617657912
2026-10-02,trend,5,2026-09-26,False,ENAUSDT,1,0.002116143577124242,0.5739424784225385,0.0012145446893526237,0.0006072723446763119
2026-10-02,trend,5,2026-09-26,False,ETHUSDT,1,0.004986507649995164,0.5739424784225385,0.002861968559311173,0.0014309842796555864
2026-10-02,trend,5,2026-09-26,False,HYPEUSDT,1,0.0034374144695602164,0.5739424784225385,0.0019728781800248864,0.0009864390900124432
2026-10-02,trend,5,2026-09-26,False,LINKUSDT,1,0.004133632351829031,0.5739424784225385,0.002372467196896341,0.0011862335984481704
2026-10-02,trend,5,2026-09-26,False,PUMPUSDT,-1,-0.002158538736904446,0.5739424784225385,-0.0012388770724299936,0.0006194385362149968
2026-10-02,trend,5,2026-09-26,False,SOLUSDT,1,0.004518410480321685,0.5739424784225385,0.0025933077096062006,0.0012966538548031003
2026-10-02,trend,5,2026-09-26,False,SUIUSDT,1,0.0030106500374417686,0.5739424784225385,0.001727939944152237,0.0008639699720761185
2026-10-02,trend,5,2026-09-26,False,TRUMPUSDT,-1,-0.002471413948057158,0.5739424784225385,-0.001418449446555956,0.000709224723277978
2026-10-02,trend,5,2026-09-26,False,TUTUSDT,-1,-0.0006968306085619996,0.5739424784225385,-0.00039994068651875986,0.00019997034325937993
2026-10-02,trend,5,2026-09-26,False,XRPUSDT,1,0.0040008883283178,0.5739424784225385,0.0022962797630465253,0.0011481398815232626
2026-10-02,trend,5,2026-09-26,False,ZECUSDT,1,0.0020086690578859827,0.5739424784225385,0.0011528604974137464,0.0005764302487068732
2026-10-02,trend,6,2026-09-27,False,1000PEPEUSDT,1,0.0027152717014160784,0.5739424784225385,0.0015584097699013271,0.0007792048849506636
2026-10-02,trend,6,2026-09-27,False,ACEUSDT,1,0.0009966769516376293,0.5739424784225385,0.0005720352398095216,0.0002860176199047608
2026-10-02,trend,6,2026-09-27,False,ADAUSDT,1,0.0036632480180778973,0.5739424784225385,0.0021024936465720806,0.0010512468232860403
2026-10-02,trend,6,2026-09-27,False,AKEUSDT,1,0.0004820133870848964,0.5739424784225385,0.0002766479580163479,0.00013832397900817394
2026-10-02,trend,6,2026-09-27,False,BNBUSDT,1,0.0071640391236568,0.5739424784225385,0.004111746370147614,0.002055873185073807
2026-10-02,trend,6,2026-09-27,False,BTCUSDT,1,0.006810634276845594,0.5739424784225385,0.003908912316482253,0.0019544561582411266
2026-10-02,trend,6,2026-09-27,False,BTWUSDT,1,0.0009258074316614268,0.5739424784225385,0.0005313602118697643,0.00026568010593488214
2026-10-02,trend,6,2026-09-27,False,CYSUSDT,-1,-0.0009542578414431269,0.5739424784225385,-0.0005476891105720101,0.00027384455528600503
2026-10-02,trend,6,2026-09-27,False,DOGEUSDT,1,0.00407904232594538,0.5739424784225385,0.0023411356621435273,0.0011705678310717637
2026-10-02,trend,6,2026-09-27,False,ENAUSDT,1,0.0021333568562009577,0.5739424784225385,0.0012244241214076927,0.0006122120607038464
2026-10-02,trend,6,2026-09-27,False,ETHUSDT,1,0.005027532929915929,0.5739424784225385,0.0028855147101468754,0.0014427573550734377
2026-10-02,trend,6,2026-09-27,False,HYPEUSDT,1,0.0034646785676297927,0.5739424784225385,0.001988526204042894,0.000994263102021447
2026-10-02,trend,6,2026-09-27,False,LINKUSDT,1,0.0041659732741769475,0.5739424784225385,0.0023910290260231747,0.0011955145130115874
2026-10-02,trend,6,2026-09-27,False,PUMPUSDT,1,0.0020714241611266364,0.5739424784225385,0.0011888783169013495,0.0005944391584506748
2026-10-02,trend,6,2026-09-27,False,SOLUSDT,1,0.004555073796235099,0.5739424784225385,0.0026143503440087344,0.0013071751720043672
2026-10-02,trend,6,2026-09-27,False,SUIUSDT,1,0.0029611992536431,0.5739424784225385,0.001699558038738892,0.000849779019369446
2026-10-02,trend,6,2026-09-27,False,TRUMPUSDT,-1,-0.002491777307987881,0.5739424784225385,-0.0014301368438236056,0.0007150684219118028
2026-10-02,trend,6,2026-09-27,False,TUTUSDT,-1,-0.000702231064561064,0.5739424784225385,-0.00040304023761947473,0.00020152011880973737
2026-10-02,trend,6,2026-09-27,False,XRPUSDT,1,0.004032964301959953,0.5739424784225385,0.0023146895268565185,0.0011573447634282592
2026-10-02,trend,6,2026-09-27,False,ZECUSDT,1,0.0020205759693535537,0.5739424784225385,0.0011596943796918018,0.0005798471898459009
2026-10-02,coinbase,0,2026-09-28,False,BTCUSDT,1,0.1370299326769968,0.31343836876340647,0.04295043857003729,0.014316812856679097
2026-10-02,coinbase,1,2026-09-29,False,BTCUSDT,1,0.13815823328735694,0.31343836876340647,0.04330409127282332,0.014434697090941107
2026-10-02,coinbase,2,2026-09-30,False,BTCUSDT,1,0.13930436834626797,0.31343836876340647,0.043663333976070945,0.014554444658690316
2026-10-02,coinbase,3,2026-10-01,False,BTCUSDT,1,0.13989366417920515,0.31343836876340647,0.04384804190066585,0.014616013966888617
2026-10-02,coinbase,4,2026-10-02,True,BTCUSDT,1,0.1410120254695649,0.31343836876340647,0.044198579239204346,0.01473285974640145
2026-10-02,coinbase,5,2026-09-26,False,BTCUSDT,1,0.13509147294627435,0.31343836876340647,0.04234285091412609,0.014114283638042029
2026-10-02,coinbase,6,2026-09-27,False,BTCUSDT,1,0.13621268553691188,0.31343836876340647,0.042694281959572505,0.014231427319857503
2026-10-03,trend,0,2026-09-28,False,1000PEPEUSDT,1,0.0027282624906158873,0.5739424784225385,0.00156586573565133,0.000782932867825665
2026-10-03,trend,0,2026-09-28,False,ACEUSDT,1,0.001003838320492539,0.5739424784225385,0.0005761454535990064,0.0002880727267995032
2026-10-03,trend,0,2026-09-28,False,ADAUSDT,1,0.003676493686093065,0.5739424784225385,0.002110095898101068,0.001055047949050534
2026-10-03,trend,0,2026-09-28,False,AKEUSDT,1,0.0004859803385313702,0.5739424784225385,0.0002789247599613189,0.00013946237998065946
2026-10-03,trend,0,2026-09-28,False,BNBUSDT,1,0.00717285903611755,0.5739424784225385,0.004116808492564808,0.002058404246282404
2026-10-03,trend,0,2026-09-28,False,BTCUSDT,1,0.00685149663384984,0.5739424784225385,0.003932364958935457,0.0019661824794677285
2026-10-03,trend,0,2026-09-28,False,BTWUSDT,1,0.0009323864506431778,0.5739424784225385,0.0005351361903297393,0.0002675680951648697
2026-10-03,trend,0,2026-09-28,False,CYSUSDT,-1,-0.0009604147720286675,0.5739424784225385,-0.0005512228345717508,0.0002756114172858754
2026-10-03,trend,0,2026-09-28,False,DOGEUSDT,1,0.0040892847597169485,0.5739424784225385,0.0023470142299674606,0.0011735071149837303
2026-10-03,trend,0,2026-09-28,False,ENAUSDT,1,0.002139008067801956,0.5739424784225385,0.00122766759180006,0.00061383379590003
2026-10-03,trend,0,2026-09-28,False,ETHUSDT,1,0.005069269845015173,0.5739424784225385,0.002909469298640646,0.001454734649320323
2026-10-03,trend,0,2026-09-28,False,HYPEUSDT,1,0.0034609237451419137,0.5739424784225385,0.001986371151918164,0.000993185575959082
2026-10-03,trend,0,2026-09-28,False,LINKUSDT,1,0.003944027039661972,0.5739424784225385,0.0022636446541090998,0.0011318223270545499
2026-10-03,trend,0,2026-09-28,False,PUMPUSDT,1,0.002082284327581568,0.5739424784225385,0.0011951114277525742,0.0005975557138762871
2026-10-03,trend,0,2026-09-28,False,SOLUSDT,1,0.0045698102917734965,0.5739424784225385,0.0026228082447813045,0.0013114041223906523
2026-10-03,trend,0,2026-09-28,False,SUIUSDT,1,0.002930753579851841,0.5739424784225385,0.0016820839732658928,0.0008410419866329464
2026-10-03,trend,0,2026-09-28,False,TRUMPUSDT,-1,-0.0024952979960262247,0.5739424784225385,-0.0014321575162420852,0.0007160787581210426
2026-10-03,trend,0,2026-09-28,False,TUTUSDT,-1,-0.0007074411107575191,0.5739424784225385,-0.0004060305044461641,0.00020301525222308204
2026-10-03,trend,0,2026-09-28,False,XRPUSDT,1,0.00406224554135082,0.5739424784225385,0.0023314952739637964,0.0011657476369818982
2026-10-03,trend,0,2026-09-28,False,ZECUSDT,1,0.0020240754128549505,0.5739424784225385,0.0011617028589680932,0.0005808514294840466
2026-10-03,trend,1,2026-09-29,False,1000PEPEUSDT,1,0.0027501490992444767,0.5739424784225385,0.001578427390051887,0.0007892136950259435
2026-10-03,trend,1,2026-09-29,False,ACEUSDT,-1,-0.0010118014439054052,0.5739424784225385,-0.0005807158283865713,0.0002903579141932857
2026-10-03,trend,1,2026-09-29,False,ADAUSDT,1,0.00370444709155091,0.5739424784225385,0.0021261395449098937,0.0010630697724549468
2026-10-03,trend,1,2026-09-29,False,AKEUSDT,1,0.0004899059345745421,0.5739424784225385,0.0002811778262836227,0.00014058891314181135
2026-10-03,trend,1,2026-09-29,False,BNBUSDT,1,0.0072261659377527284,0.5739424784225385,0.004147403587806328,0.002073701793903164
2026-10-03,trend,1,2026-09-29,False,BTCUSDT,1,0.006907911664367847,0.5739424784225385,0.0039647439413712455,0.0019823719706856227
2026-10-03,trend,1,2026-09-29,False,BTWUSDT,1,0.0009210867699778449,0.5739424784225385,0.000528650823603295,0.0002643254118016475
2026-10-03,trend,1,2026-09-29,False,CYSUSDT,-1,-0.0009677587547937636,0.5739424784225385,-0.0005554378582414424,0.0002777189291207212
2026-10-03,trend,1,2026-09-29,False,DOGEUSDT,1,0.004123227989522256,0.5739424784225385,0.0023664956914075845,0.0011832478457037923
2026-10-03,trend,1,2026-09-29,False,ENAUSDT,1,0.0021529728105124054,0.5739424784225385,0.0012356825508418284,0.0006178412754209142
2026-10-03,trend,1,2026-09-29,False,ETHUSDT,1,0.005110590400088498,0.5739424784225385,0.002933184920429225,0.0014665924602146126
2026-10-03,trend,1,2026-09-29,False,HYPEUSDT,1,0.00348541667476917,0.5739424784225385,0.0020004286846522605,0.0010002143423261303
2026-10-03,trend,1,2026-09-29,False,LINKUSDT,1,0.0039094835755921365,0.5739424784225385,0.0022438186927275588,0.0011219093463637794
2026-10-03,trend,1,2026-09-29,False,PUMPUSDT,1,0.0019822038824371304,0.5739424784225385,0.0011376710090247447,0.0005688355045123724
2026-10-03,trend,1,2026-09-29,False,SOLUSDT,1,0.004607562167888714,0.5739424784225385,0.002644475650123973,0.0013222378250619866
2026-10-03,trend,1,2026-09-29,False,SUIUSDT,1,0.0029534803398343994,0.5739424784225385,0.0016951278262167966,0.0008475639131083983
2026-10-03,trend,1,2026-09-29,False,TRUMPUSDT,-1,-0.0025155440572114983,0.5739424784225385,-0.0014437775907770554,0.0007218887953885277
2026-10-03,trend,1,2026-09-29,False,TUTUSDT,-1,-0.0007132819888661289,0.5739424784225385,-0.0004093828325039836,0.0002046914162519918
2026-10-03,trend,1,2026-09-29,False,XRPUSDT,1,0.004095550215576792,0.5739424784225385,0.0023506102412321063,0.0011753051206160531
2026-10-03,trend,1,2026-09-29,False,ZECUSDT,1,0.0020347214966074797,0.5739424784225385,0.0011678130986625137,0.0005839065493312568
2026-10-03,trend,2,2026-09-30,False,1000PEPEUSDT,1,0.0027727411791122585,0.5739424784225385,0.0015913939443639215,0.0007956969721819607
2026-10-03,trend,2,2026-09-30,False,ACEUSDT,1,0.00101967877633026,0.5739424784225385,0.0005852369640818507,0.0002926184820409254
2026-10-03,trend,2,2026-09-30,False,ADAUSDT,1,0.0037335077693614223,0.5739424784225385,0.002142818702357098,0.001071409351178549
2026-10-03,trend,2,2026-09-30,False,AKEUSDT,1,0.0004939006125804023,0.5739424784225385,0.0002834705416788061,0.00014173527083940305
2026-10-03,trend,2,2026-09-30,False,BNBUSDT,1,0.007259026789829293,0.5739424784225385,0.004166263826690228,0.002083131913345114
2026-10-03,trend,2,2026-09-30,False,BTCUSDT,1,0.006965218417313399,0.5739424784225385,0.003997634721187164,0.001998817360593582
2026-10-03,trend,2,2026-09-30,False,BTWUSDT,1,0.0009293720787367542,0.5739424784225385,0.0005334061142468794,0.0002667030571234397
2026-10-03,trend,2,2026-09-30,False,CYSUSDT,-1,-0.0009757934765390492,0.5739424784225385,-0.0005600493263533671,0.00028002466317668357
2026-10-03,trend,2,2026-09-30,False,DOGEUSDT,1,0.004156194335363847,0.5739424784225385,0.002385416477644442,0.001192708238822221
2026-10-03,trend,2,2026-09-30,False,ENAUSDT,1,0.002154670724463748,0.5739424784225385,0.0012366570557832102,0.0006183285278916051
2026-10-03,trend,2,2026-09-30,False,ETHUSDT,1,0.005152597284109625,0.5739424784225385,0.002957294455555119,0.0014786472277775594
2026-10-03,trend,2,2026-09-30,False,HYPEUSDT,1,0.003462980368221726,0.5739424784225385,0.001987551535265773,0.0009937757676328864
2026-10-03,trend,2,2026-09-30,False,LINKUSDT,1,0.003935933056199434,0.5739424784225385,0.0022589991731802998,0.0011294995865901499
2026-10-03,trend,2,2026-09-30,False,PUMPUSDT,1,0.0019985422279677413,0.5739424784225385,0.0011470482795519076,0.0005735241397759538
2026-10-03,trend,2,2026-09-30,False,SOLUSDT,1,0.004643011387634065,0.5739424784225385,0.002664821463162765,0.0013324107315813825
2026-10-03,trend,2,2026-09-30,False,SUIUSDT,1,0.002977000619289756,0.5739424784225385,0.0017086271137005946,0.0008543135568502973
2026-10-03,trend,2,2026-09-30,False,TRUMPUSDT,-1,-0.002535442487312665,0.5739424784225385,-0.0014551981450660369,0.0007275990725330184
2026-10-03,trend,2,2026-09-30,False,TUTUSDT,-1,-0.0007190340380312075,0.5739424784225385,-0.0004126841778577971,0.00020634208892889854
2026-10-03,trend,2,2026-09-30,False,XRPUSDT,1,0.004129542494813413,0.5739424784225385,0.0023701198542244034,0.0011850599271122017
2026-10-03,trend,2,2026-09-30,False,ZECUSDT,1,0.0020508964648259923,0.5739424784225385,0.0011770966000102527,0.0005885483000051264
2026-10-03,trend,3,2026-10-01,False,1000PEPEUSDT,1,0.0027850786281247036,0.5739424784225385,0.001598474930427536,0.000799237465213768
2026-10-03,trend,3,2026-10-01,False,AKEUSDT,1,0.0004979984285271062,0.5739424784225385,0.00028582245231937675,0.00014291122615968838
2026-10-03,trend,3,2026-10-01,False,ARBUSDT,1,0.0020000893260816886,0.5739424784225385,0.0011479362248777891,0.0005739681124388946
2026-10-03,trend,3,2026-10-01,False,BNBUSDT,1,0.007317867681313708,0.5739424784225385,0.004200035113781385,0.0021000175568906924
2026-10-03,trend,3,2026-10-01,False,BTCUSDT,1,0.006994683208960258,0.5739424784225385,0.004014545816731166,0.002007272908365583
2026-10-03,trend,3,2026-10-01,False,DOGEUSDT,1,0.004190610001355496,0.5739424784225385,0.0024051690902802507,0.0012025845451401253
2026-10-03,trend,3,2026-10-01,False,ENAUSDT,1,0.0021477749436826345,0.5739424784225385,0.0012326992742710393,0.0006163496371355197
2026-10-03,trend,3,2026-10-01,False,ETHUSDT,1,0.0051924118610533485,0.5739424784225385,0.0029801457325235444,0.0014900728662617722
2026-10-03,trend,3,2026-10-01,False,HYPEUSDT,1,0.0034708507800029404,0.5739424784225385,0.001992068698909689,0.0009960343494548444
2026-10-03,trend,3,2026-10-01,False,LINKUSDT,1,0.003968575400875074,0.5739424784225385,0.0022777340013849594,0.0011388670006924797
2026-10-03,trend,3,2026-10-01,False,LSKUSDT,1,0.0006502976587903619,0.5739424784225385,0.0003732334499985146,0.0001866167249992573
2026-10-03,trend,3,2026-10-01,False,NEARUSDT,1,0.0023319961481453716,0.5739424784225385,0.001338431648938368,0.000669215824469184
2026-10-03,trend,3,2026-10-01,False,PUMPUSDT,1,0.0020142661261569545,0.5739424784225385,0.001156072892649088,0.000578036446324544
2026-10-03,trend,3,2026-10-01,False,QNTUSDT,1,0.0010585043476953567,0.5739424784225385,0.0006075206087373055,0.00030376030436865276
2026-10-03,trend,3,2026-10-01,False,SOLUSDT,1,0.004681328727004685,0.5739424784225385,0.0026868134118876964,0.0013434067059438482
2026-10-03,trend,3,2026-10-01,False,SUIUSDT,1,0.0030004584612314433,0.5739424784225385,0.0017220905656430508,0.0008610452828215254
2026-10-03,trend,3,2026-10-01,False,UNIUSDT,1,0.002679134006485041,0.5739424784225385,0.0015376688117081298,0.0007688344058540649
2026-10-03,trend,3,2026-10-01,False,WLDUSDT,1,0.002272733589787269,0.5739424784225385,0.0013044183493166582,0.0006522091746583291
2026-10-03,trend,3,2026-10-01,False,XRPUSDT,1,0.004163582584621914,0.5739424784225385,0.00238965690773482,0.00119482845386741
2026-10-03,trend,3,2026-10-01,False,ZECUSDT,1,0.002051596816713163,0.5739424784225385,0.0011774985617081432,0.0005887492808540716
2026-10-03,trend,4,2026-10-02,False,1000PEPEUSDT,1,0.0027948067517350916,0.5739424784225385,0.0016040583138028828,0.0008020291569014414
2026-10-03,trend,4,2026-10-02,False,AKEUSDT,1,0.0005021046500662724,0.5739424784225385,0.0002881791872865178,0.0001440895936432589
2026-10-03,trend,4,2026-10-02,False,ARBUSDT,1,0.002015541872263338,0.5739424784225385,0.0011568050975312239,0.0005784025487656119
2026-10-03,trend,4,2026-10-02,False,BNBUSDT,1,0.007375506160212806,0.5739424784225385,0.004233116285213239,0.0021165581426066194
2026-10-03,trend,4,2026-10-02,False,BTCUSDT,1,0.007050601273478245,0.5739424784225385,0.00404663956926921,0.002023319784634605
2026-10-03,trend,4,2026-10-02,False,DOGEUSDT,1,0.00421896804946634,0.5739424784225385,0.0024214449786962144,0.0012107224893481072
2026-10-03,trend,4,2026-10-02,False,ENAUSDT,1,0.0021582225680748172,0.5739424784225385,0.0012386956097083165,0.0006193478048541583
2026-10-03,trend,4,2026-10-02,False,ETHUSDT,1,0.005225284406342986,0.5739424784225385,0.0029990126826391367,0.0014995063413195684
2026-10-03,trend,4,2026-10-02,False,HYPEUSDT,1,0.0034952378877031306,0.5739424784225385,0.0020060654959446933,0.0010030327479723467
2026-10-03,trend,4,2026-10-02,False,LINKUSDT,1,0.003962663326773132,0.5739424784225385,0.002274340810922273,0.0011371704054611365
2026-10-03,trend,4,2026-10-02,False,LSKUSDT,1,0.000655632512161833,0.5739424784225385,0.00037629534896455757,0.00018814767448227878
2026-10-03,trend,4,2026-10-02,False,NEARUSDT,1,0.00234872162571918,0.5739424784225385,0.00134803111098988,0.00067401555549494
2026-10-03,trend,4,2026-10-02,False,PUMPUSDT,1,0.0020135133353549736,0.5739424784225385,0.0011556408340304654,0.0005778204170152327
2026-10-03,trend,4,2026-10-02,False,QNTUSDT,1,0.0010672778406049907,0.5739424784225385,0.0006125560890022834,0.0003062780445011417
2026-10-03,trend,4,2026-10-02,False,SOLUSDT,1,0.0047200577028989705,0.5739424784225385,0.0027090416162992292,0.0013545208081496146
2026-10-03,trend,4,2026-10-02,False,SUIUSDT,1,0.003018255005441836,0.5739424784225385,0.0017323047583345198,0.0008661523791672599
2026-10-03,trend,4,2026-10-02,False,UNIUSDT,1,0.002701288794116688,0.5739424784225385,0.0015503843854303622,0.0007751921927151811
2026-10-03,trend,4,2026-10-02,False,WLDUSDT,1,0.00224815428556236,0.5739424784225385,0.0012903112425319122,0.0006451556212659561
2026-10-03,trend,4,2026-10-02,False,XRPUSDT,1,0.004197003265246411,0.5739424784225385,0.002408838456003012,0.001204419228001506
2026-10-03,trend,4,2026-10-02,False,ZECUSDT,1,0.0020665055991815626,0.5739424784225385,0.001186055345268319,0.0005930276726341595
2026-10-03,trend,5,2026-10-03,True,1000PEPEUSDT,1,0.00281662147670517,0.5739424784225385,0.0016165787111183157,0.0008082893555591579
2026-10-03,trend,5,2026-10-03,True,AKEUSDT,1,0.0005059391571003532,0.5739424784225385,0.0002903799737571868,0.0001451899868785934
2026-10-03,trend,5,2026-10-03,True,ARBUSDT,1,0.002029955350803105,0.5739424784225385,0.0011650776051270277,0.0005825388025635139
2026-10-03,trend,5,2026-10-03,True,BNBUSDT,1,0.007347852794365328,0.5739424784225385,0.004217244843882012,0.002108622421941006
2026-10-03,trend,5,2026-10-03,True,BTCUSDT,1,0.007108174296308234,0.5739424784225385,0.004079683172682532,0.002039841586341266
2026-10-03,trend,5,2026-10-03,True,DOGEUSDT,1,0.004253936507394247,0.5739424784225385,0.0024415148621059718,0.0012207574310529859
2026-10-03,trend,5,2026-10-03,True,ENAUSDT,1,0.002172858560598885,0.5739424784225385,0.0012470958275317538,0.0006235479137658769
2026-10-03,trend,5,2026-10-03,True,ETHUSDT,1,0.00526602017109896,0.5739424784225385,0.0030223926684236177,0.0015111963342118089
2026-10-03,trend,5,2026-10-03,True,HYPEUSDT,1,0.0035241566258149004,0.5739424784225385,0.0020226631881694146,0.0010113315940847073
2026-10-03,trend,5,2026-10-03,True,LINKUSDT,1,0.003982864294913635,0.5739424784225385,0.0022859350046433684,0.0011429675023216842
2026-10-03,trend,5,2026-10-03,True,LSKUSDT,1,0.0006606811061191577,0.5739424784225385,0.0003791929514929736,0.0001895964757464868
2026-10-03,trend,5,2026-10-03,True,NEARUSDT,1,0.002363768349830507,0.5739424784225385,0.0013566670651184753,0.0006783335325592376
2026-10-03,trend,5,2026-10-03,True,PUMPUSDT,1,0.0019514632856944686,0.5739424784225385,0.0011200276747420736,0.0005600138373710368
2026-10-03,trend,5,2026-10-03,True,QNTUSDT,1,0.0010753881438731803,0.5739424784225385,0.0006172109365607866,0.0003086054682803933
2026-10-03,trend,5,2026-10-03,True,SOLUSDT,1,0.004756488056085644,0.5739424784225385,0.0027299505434969966,0.0013649752717484983
2026-10-03,trend,5,2026-10-03,True,SUIUSDT,1,0.0030320619390947815,0.5739424784225385,0.001740229144054707,0.0008701145720273535
2026-10-03,trend,5,2026-10-03,True,UNIUSDT,1,0.002722788795240224,0.5739424784225385,0.001562724149361292,0.000781362074680646
2026-10-03,trend,5,2026-10-03,True,WLDUSDT,1,0.0022436579362759388,0.5739424784225385,0.0012877305966786103,0.0006438652983393052
2026-10-03,trend,5,2026-10-03,True,XRPUSDT,1,0.004231816272372698,0.5739424784225385,0.002428819119594415,0.0012144095597972076
2026-10-03,trend,5,2026-10-03,True,ZECUSDT,1,0.0020836343009425734,0.5739424784225385,0.0011958862348091942,0.0005979431174045971
2026-10-03,trend,6,2026-09-27,False,1000PEPEUSDT,1,0.0027152717014160784,0.5739424784225385,0.0015584097699013271,0.0007792048849506636
2026-10-03,trend,6,2026-09-27,False,ACEUSDT,1,0.0009966769516376293,0.5739424784225385,0.0005720352398095216,0.0002860176199047608
2026-10-03,trend,6,2026-09-27,False,ADAUSDT,1,0.0036632480180778973,0.5739424784225385,0.0021024936465720806,0.0010512468232860403
2026-10-03,trend,6,2026-09-27,False,AKEUSDT,1,0.0004820133870848964,0.5739424784225385,0.0002766479580163479,0.00013832397900817394
2026-10-03,trend,6,2026-09-27,False,BNBUSDT,1,0.0071640391236568,0.5739424784225385,0.004111746370147614,0.002055873185073807
2026-10-03,trend,6,2026-09-27,False,BTCUSDT,1,0.006810634276845594,0.5739424784225385,0.003908912316482253,0.0019544561582411266
2026-10-03,trend,6,2026-09-27,False,BTWUSDT,1,0.0009258074316614268,0.5739424784225385,0.0005313602118697643,0.00026568010593488214
2026-10-03,trend,6,2026-09-27,False,CYSUSDT,-1,-0.0009542578414431269,0.5739424784225385,-0.0005476891105720101,0.00027384455528600503
2026-10-03,trend,6,2026-09-27,False,DOGEUSDT,1,0.00407904232594538,0.5739424784225385,0.0023411356621435273,0.0011705678310717637
2026-10-03,trend,6,2026-09-27,False,ENAUSDT,1,0.0021333568562009577,0.5739424784225385,0.0012244241214076927,0.0006122120607038464
2026-10-03,trend,6,2026-09-27,False,ETHUSDT,1,0.005027532929915929,0.5739424784225385,0.0028855147101468754,0.0014427573550734377
2026-10-03,trend,6,2026-09-27,False,HYPEUSDT,1,0.0034646785676297927,0.5739424784225385,0.001988526204042894,0.000994263102021447
2026-10-03,trend,6,2026-09-27,False,LINKUSDT,1,0.0041659732741769475,0.5739424784225385,0.0023910290260231747,0.0011955145130115874
2026-10-03,trend,6,2026-09-27,False,PUMPUSDT,1,0.0020714241611266364,0.5739424784225385,0.0011888783169013495,0.0005944391584506748
2026-10-03,trend,6,2026-09-27,False,SOLUSDT,1,0.004555073796235099,0.5739424784225385,0.0026143503440087344,0.0013071751720043672
2026-10-03,trend,6,2026-09-27,False,SUIUSDT,1,0.0029611992536431,0.5739424784225385,0.001699558038738892,0.000849779019369446
2026-10-03,trend,6,2026-09-27,False,TRUMPUSDT,-1,-0.002491777307987881,0.5739424784225385,-0.0014301368438236056,0.0007150684219118028
2026-10-03,trend,6,2026-09-27,False,TUTUSDT,-1,-0.000702231064561064,0.5739424784225385,-0.00040304023761947473,0.00020152011880973737
2026-10-03,trend,6,2026-09-27,False,XRPUSDT,1,0.004032964301959953,0.5739424784225385,0.0023146895268565185,0.0011573447634282592
2026-10-03,trend,6,2026-09-27,False,ZECUSDT,1,0.0020205759693535537,0.5739424784225385,0.0011596943796918018,0.0005798471898459009
2026-10-03,coinbase,0,2026-09-28,False,BTCUSDT,1,0.1370299326769968,0.31343836876340647,0.04295043857003729,0.014316812856679097
2026-10-03,coinbase,1,2026-09-29,False,BTCUSDT,1,0.13815823328735694,0.31343836876340647,0.04330409127282332,0.014434697090941107
2026-10-03,coinbase,2,2026-09-30,False,BTCUSDT,1,0.13930436834626797,0.31343836876340647,0.043663333976070945,0.014554444658690316
2026-10-03,coinbase,3,2026-10-01,False,BTCUSDT,1,0.13989366417920515,0.31343836876340647,0.04384804190066585,0.014616013966888617
2026-10-03,coinbase,4,2026-10-02,False,BTCUSDT,1,0.1410120254695649,0.31343836876340647,0.044198579239204346,0.01473285974640145
2026-10-03,coinbase,5,2026-10-03,True,BTCUSDT,1,0.14216348592616468,0.31343836876340647,0.04455949112641655,0.014853163708805517
2026-10-03,coinbase,6,2026-09-27,False,BTCUSDT,1,0.13621268553691188,0.31343836876340647,0.042694281959572505,0.014231427319857503
